program,tier,stage,segment,baseline,domain_size,key_fields,key_width,distinct_keys,error_states,collision_pairs,exact,reuse_factor,collision_masks
small-000,small,0,source,exact-state,48,"['input', 'taint', 'san', 'alias', 'guard', 'mode', 'ctx', 'tmp', 'flag', 'sp', 'stk0', 'stk1', 'dead0']",13,48,0,0,True,1.0,0
small-000,small,0,source,support,48,"['input', 'mode', 'ctx', 'flag', 'sp', 'stk0', 'stk1']",7,12,0,0,True,4.0,0
small-000,small,0,source,pathseal,48,"['mode', 'ctx', 'flag']",3,12,0,0,True,4.0,0
small-000,small,0,source,call-context,48,"['ctx', 'sp', 'stk0', 'stk1']",4,4,32,208,False,12.0,24
small-000,small,0,source,security-surface,48,"['input', 'taint', 'san', 'alias']",4,9,12,48,False,5.333333333333333,6
small-000,small,0,source,syntax-only,48,[],0,1,44,1056,False,48.0,92
small-000,small,1,propagate,exact-state,48,"['input', 'taint', 'san', 'alias', 'guard', 'mode', 'ctx', 'tmp', 'flag', 'sp', 'stk0', 'stk1', 'dead0']",13,48,0,0,True,1.0,0
small-000,small,1,propagate,support,48,"['taint', 'alias', 'mode', 'tmp', 'flag']",5,12,0,0,True,4.0,0
small-000,small,1,propagate,pathseal,48,"['mode', 'ctx', 'flag']",3,12,0,0,True,4.0,0
small-000,small,1,propagate,call-context,48,"['ctx', 'sp', 'stk0', 'stk1']",4,4,32,208,False,12.0,24
small-000,small,1,propagate,security-surface,48,"['input', 'taint', 'san', 'alias']",4,10,8,32,False,4.8,4
small-000,small,1,propagate,syntax-only,48,[],0,1,44,1056,False,48.0,92
small-000,small,2,sanitize,exact-state,48,"['input', 'taint', 'san', 'alias', 'guard', 'mode', 'ctx', 'tmp', 'flag', 'sp', 'stk0', 'stk1', 'dead0']",13,48,0,0,True,1.0,0
small-000,small,2,sanitize,support,48,"['taint', 'san', 'alias', 'mode', 'ctx']",5,12,0,0,True,4.0,0
small-000,small,2,sanitize,pathseal,48,"['taint', 'alias', 'mode']",3,12,0,0,True,4.0,0
small-000,small,2,sanitize,call-context,48,"['ctx', 'sp', 'stk0', 'stk1']",4,4,32,208,False,12.0,24
small-000,small,2,sanitize,security-surface,48,"['input', 'taint', 'san', 'alias']",4,10,8,32,False,4.8,4
small-000,small,2,sanitize,syntax-only,48,[],0,1,44,1056,False,48.0,96
small-000,small,3,branch,exact-state,48,"['input', 'taint', 'san', 'alias', 'guard', 'mode', 'ctx', 'tmp', 'flag', 'sp', 'stk0', 'stk1', 'dead0']",13,48,0,0,True,1.0,0
small-000,small,3,branch,support,48,"['input', 'taint', 'alias', 'guard', 'mode']",5,12,0,0,True,4.0,0
small-000,small,3,branch,pathseal,48,"['alias', 'mode', 'ctx']",3,12,0,0,True,4.0,0
small-000,small,3,branch,call-context,48,"['ctx', 'sp', 'stk0', 'stk1']",4,4,32,208,False,12.0,26
small-000,small,3,branch,security-surface,48,"['input', 'taint', 'san', 'alias']",4,9,12,48,False,5.333333333333333,6
small-000,small,3,branch,syntax-only,48,[],0,1,44,1056,False,48.0,106
small-000,small,4,return,exact-state,44,"['input', 'taint', 'san', 'alias', 'guard', 'mode', 'ctx', 'tmp', 'flag', 'sp', 'stk0', 'stk1', 'dead0']",13,44,0,0,True,1.0,0
small-000,small,4,return,support,44,"['input', 'alias', 'mode', 'ctx', 'sp', 'stk0', 'stk1']",7,11,0,0,True,4.0,0
small-000,small,4,return,pathseal,44,"['input', 'alias', 'mode']",3,11,0,0,True,4.0,0
small-000,small,4,return,call-context,44,"['ctx', 'sp', 'stk0', 'stk1']",4,4,28,176,False,11.0,20
small-000,small,4,return,security-surface,44,"['input', 'taint', 'san', 'alias']",4,9,8,32,False,4.888888888888889,4
small-000,small,4,return,syntax-only,44,[],0,1,40,880,False,44.0,98
small-000,small,5,sink,exact-state,44,"['input', 'taint', 'san', 'alias', 'guard', 'mode', 'ctx', 'tmp', 'flag', 'sp', 'stk0', 'stk1', 'dead0']",13,44,0,0,True,1.0,0
small-000,small,5,sink,support,44,"['taint', 'alias', 'mode', 'ctx', 'sp']",5,11,0,0,True,4.0,0
small-000,small,5,sink,pathseal,44,"['input', 'alias', 'mode']",3,11,0,0,True,4.0,0
small-000,small,5,sink,call-context,44,"['ctx', 'sp', 'stk0', 'stk1']",4,4,28,176,False,11.0,20
small-000,small,5,sink,security-surface,44,"['input', 'taint', 'san', 'alias']",4,9,8,32,False,4.888888888888889,4
small-000,small,5,sink,syntax-only,44,[],0,1,40,880,False,44.0,98
small-001,small,0,source,exact-state,48,"['input', 'taint', 'san', 'alias', 'guard', 'mode', 'ctx', 'tmp', 'flag', 'sp', 'stk0', 'stk1', 'dead0']",13,48,0,0,True,1.0,0
small-001,small,0,source,support,48,"['input', 'alias', 'mode', 'ctx', 'sp', 'stk0', 'stk1']",7,12,0,0,True,4.0,0
small-001,small,0,source,pathseal,48,"['input', 'alias', 'mode']",3,12,0,0,True,4.0,0
small-001,small,0,source,call-context,48,"['ctx', 'sp', 'stk0', 'stk1']",4,4,32,272,False,12.0,30
small-001,small,0,source,security-surface,48,"['input', 'taint', 'san', 'alias']",4,8,16,64,False,6.0,6
small-001,small,0,source,syntax-only,48,[],0,1,44,1056,False,48.0,98
small-001,small,1,propagate,exact-state,48,"['input', 'taint', 'san', 'alias', 'guard', 'mode', 'ctx', 'tmp', 'flag', 'sp', 'stk0', 'stk1', 'dead0']",13,48,0,0,True,1.0,0
small-001,small,1,propagate,support,48,"['input', 'taint', 'alias', 'mode', 'tmp', 'flag']",6,12,0,0,True,4.0,0
small-001,small,1,propagate,pathseal,48,"['input', 'alias', 'mode']",3,12,0,0,True,4.0,0
small-001,small,1,propagate,call-context,48,"['ctx', 'sp', 'stk0', 'stk1']",4,4,32,272,False,12.0,30
small-001,small,1,propagate,security-surface,48,"['input', 'taint', 'san', 'alias']",4,8,16,64,False,6.0,6
small-001,small,1,propagate,syntax-only,48,[],0,1,44,1056,False,48.0,98
small-001,small,2,sanitize,exact-state,48,"['input', 'taint', 'san', 'alias', 'guard', 'mode', 'ctx', 'tmp', 'flag', 'sp', 'stk0', 'stk1', 'dead0']",13,48,0,0,True,1.0,0
small-001,small,2,sanitize,support,48,"['input', 'taint', 'san', 'alias', 'mode']",5,12,0,0,True,4.0,0
small-001,small,2,sanitize,pathseal,48,"['input', 'alias', 'mode']",3,12,0,0,True,4.0,0
small-001,small,2,sanitize,call-context,48,"['ctx', 'sp', 'stk0', 'stk1']",4,4,32,272,False,12.0,30
small-001,small,2,sanitize,security-surface,48,"['input', 'taint', 'san', 'alias']",4,8,16,80,False,6.0,8
small-001,small,2,sanitize,syntax-only,48,[],0,1,44,1056,False,48.0,104
small-001,small,3,branch,exact-state,48,"['input', 'taint', 'san', 'alias', 'guard', 'mode', 'ctx', 'tmp', 'flag', 'sp', 'stk0', 'stk1', 'dead0']",13,48,0,0,True,1.0,0
small-001,small,3,branch,support,48,"['input', 'taint', 'alias', 'guard', 'mode']",5,12,0,0,True,4.0,0
small-001,small,3,branch,pathseal,48,"['input', 'alias', 'mode']",3,12,0,0,True,4.0,0
small-001,small,3,branch,call-context,48,"['ctx', 'sp', 'stk0', 'stk1']",4,4,32,272,False,12.0,30
small-001,small,3,branch,security-surface,48,"['input', 'taint', 'san', 'alias']",4,8,16,80,False,6.0,8
small-001,small,3,branch,syntax-only,48,[],0,1,44,1056,False,48.0,106
small-001,small,4,return,exact-state,44,"['input', 'taint', 'san', 'alias', 'guard', 'mode', 'ctx', 'tmp', 'flag', 'sp', 'stk0', 'stk1', 'dead0']",13,44,0,0,True,1.0,0
small-001,small,4,return,support,44,"['input', 'alias', 'mode', 'ctx', 'sp', 'stk0', 'stk1']",7,11,0,0,True,4.0,0
small-001,small,4,return,pathseal,44,"['input', 'alias', 'mode']",3,11,0,0,True,4.0,0
small-001,small,4,return,call-context,44,"['ctx', 'sp', 'stk0', 'stk1']",4,4,28,256,False,11.0,30
small-001,small,4,return,security-surface,44,"['input', 'taint', 'san', 'alias']",4,8,12,64,False,5.5,6
small-001,small,4,return,syntax-only,44,[],0,1,40,880,False,44.0,98
small-001,small,5,sink,exact-state,44,"['input', 'taint', 'san', 'alias', 'guard', 'mode', 'ctx', 'tmp', 'flag', 'sp', 'stk0', 'stk1', 'dead0']",13,44,0,0,True,1.0,0
small-001,small,5,sink,support,44,"['taint', 'alias', 'mode', 'ctx', 'sp']",5,11,0,0,True,4.0,0
small-001,small,5,sink,pathseal,44,"['input', 'alias', 'mode']",3,11,0,0,True,4.0,0
small-001,small,5,sink,call-context,44,"['ctx', 'sp', 'stk0', 'stk1']",4,4,28,256,False,11.0,30
small-001,small,5,sink,security-surface,44,"['input', 'taint', 'san', 'alias']",4,8,12,64,False,5.5,6
small-001,small,5,sink,syntax-only,44,[],0,1,40,880,False,44.0,98
small-002,small,0,source,exact-state,48,"['input', 'taint', 'san', 'alias', 'guard', 'mode', 'ctx', 'tmp', 'flag', 'sp', 'stk0', 'stk1', 'dead0']",13,48,0,0,True,1.0,0
small-002,small,0,source,support,48,"['input', 'alias', 'guard', 'mode', 'ctx', 'flag', 'sp', 'stk0', 'stk1']",9,12,0,0,True,4.0,0
small-002,small,0,source,pathseal,48,"['alias', 'guard', 'mode']",3,12,0,0,True,4.0,0
small-002,small,0,source,call-context,48,"['ctx', 'sp', 'stk0', 'stk1']",4,4,32,208,False,12.0,26
small-002,small,0,source,security-surface,48,"['input', 'taint', 'san', 'alias']",4,9,12,64,False,5.333333333333333,6
small-002,small,0,source,syntax-only,48,[],0,1,44,1056,False,48.0,100
small-002,small,1,propagate,exact-state,48,"['input', 'taint', 'san', 'alias', 'guard', 'mode', 'ctx', 'tmp', 'flag', 'sp', 'stk0', 'stk1', 'dead0']",13,48,0,0,True,1.0,0
small-002,small,1,propagate,support,48,"['taint', 'alias', 'guard', 'mode', 'tmp', 'flag']",6,12,0,0,True,4.0,0
small-002,small,1,propagate,pathseal,48,"['alias', 'guard', 'mode']",3,12,0,0,True,4.0,0
small-002,small,1,propagate,call-context,48,"['ctx', 'sp', 'stk0', 'stk1']",4,4,32,208,False,12.0,26
small-002,small,1,propagate,security-surface,48,"['input', 'taint', 'san', 'alias']",4,10,8,32,False,4.8,2
small-002,small,1,propagate,syntax-only,48,[],0,1,44,1056,False,48.0,100
small-002,small,2,sanitize,exact-state,48,"['input', 'taint', 'san', 'alias', 'guard', 'mode', 'ctx', 'tmp', 'flag', 'sp', 'stk0', 'stk1', 'dead0']",13,48,0,0,True,1.0,0
small-002,small,2,sanitize,support,48,"['taint', 'san', 'alias', 'guard', 'mode']",5,12,0,0,True,4.0,0
small-002,small,2,sanitize,pathseal,48,"['alias', 'guard', 'mode']",3,11,0,0,True,4.363636363636363,0
small-002,small,2,sanitize,call-context,48,"['ctx', 'sp', 'stk0', 'stk1']",4,4,32,208,False,12.0,26
small-002,small,2,sanitize,security-surface,48,"['input', 'taint', 'san', 'alias']",4,10,8,32,False,4.8,2
small-002,small,2,sanitize,syntax-only,48,[],0,1,44,1040,False,48.0,100
small-002,small,3,branch,exact-state,48,"['input', 'taint', 'san', 'alias', 'guard', 'mode', 'ctx', 'tmp', 'flag', 'sp', 'stk0', 'stk1', 'dead0']",13,48,0,0,True,1.0,0
small-002,small,3,branch,support,48,"['taint', 'alias', 'guard', 'mode']",4,11,0,0,True,4.363636363636363,0
small-002,small,3,branch,pathseal,48,"['alias', 'guard', 'mode']",3,11,0,0,True,4.363636363636363,0
small-002,small,3,branch,call-context,48,"['ctx', 'sp', 'stk0', 'stk1']",4,4,32,208,False,12.0,26
small-002,small,3,branch,security-surface,48,"['input', 'taint', 'san', 'alias']",4,8,12,48,False,6.0,4
small-002,small,3,branch,syntax-only,48,[],0,1,44,1040,False,48.0,108
small-002,small,4,return,exact-state,40,"['input', 'taint', 'san', 'alias', 'guard', 'mode', 'ctx', 'tmp', 'flag', 'sp', 'stk0', 'stk1', 'dead0']",13,40,0,0,True,1.0,0
small-002,small,4,return,support,40,"['alias', 'guard', 'mode', 'ctx', 'sp', 'stk0', 'stk1']",7,10,0,0,True,4.0,0
small-002,small,4,return,pathseal,40,"['alias', 'guard', 'mode']",3,10,0,0,True,4.0,0
small-002,small,4,return,call-context,40,"['ctx', 'sp', 'stk0', 'stk1']",4,4,24,160,False,10.0,20
small-002,small,4,return,security-surface,40,"['input', 'taint', 'san', 'alias']",4,7,12,48,False,5.714285714285714,4
small-002,small,4,return,syntax-only,40,[],0,1,36,720,False,40.0,78
small-002,small,5,sink,exact-state,40,"['input', 'taint', 'san', 'alias', 'guard', 'mode', 'ctx', 'tmp', 'flag', 'sp', 'stk0', 'stk1', 'dead0']",13,40,0,0,True,1.0,0
small-002,small,5,sink,support,40,"['taint', 'alias', 'mode', 'ctx', 'sp']",5,10,0,0,True,4.0,0
small-002,small,5,sink,pathseal,40,"['alias', 'guard', 'mode']",3,10,0,0,True,4.0,0
small-002,small,5,sink,call-context,40,"['ctx', 'sp', 'stk0', 'stk1']",4,4,24,160,False,10.0,20
small-002,small,5,sink,security-surface,40,"['input', 'taint', 'san', 'alias']",4,7,12,48,False,5.714285714285714,4
small-002,small,5,sink,syntax-only,40,[],0,1,36,720,False,40.0,78
small-003,small,0,source,exact-state,48,"['input', 'taint', 'san', 'alias', 'guard', 'mode', 'ctx', 'tmp', 'flag', 'sp', 'stk0', 'stk1', 'dead0']",13,48,0,0,True,1.0,0
small-003,small,0,source,support,48,"['input', 'alias', 'mode', 'ctx', 'sp', 'stk0', 'stk1']",7,12,0,0,True,4.0,0
small-003,small,0,source,pathseal,48,"['input', 'alias', 'mode']",3,12,0,0,True,4.0,0
small-003,small,0,source,call-context,48,"['ctx', 'sp', 'stk0', 'stk1']",4,4,32,240,False,12.0,30
small-003,small,0,source,security-surface,48,"['input', 'taint', 'san', 'alias']",4,8,16,80,False,6.0,6
small-003,small,0,source,syntax-only,48,[],0,1,44,1056,False,48.0,96
small-003,small,1,propagate,exact-state,48,"['input', 'taint', 'san', 'alias', 'guard', 'mode', 'ctx', 'tmp', 'flag', 'sp', 'stk0', 'stk1', 'dead0']",13,48,0,0,True,1.0,0
small-003,small,1,propagate,support,48,"['input', 'taint', 'alias', 'mode', 'tmp', 'flag']",6,12,0,0,True,4.0,0
small-003,small,1,propagate,pathseal,48,"['input', 'alias', 'mode']",3,12,0,0,True,4.0,0
small-003,small,1,propagate,call-context,48,"['ctx', 'sp', 'stk0', 'stk1']",4,4,32,240,False,12.0,30
small-003,small,1,propagate,security-surface,48,"['input', 'taint', 'san', 'alias']",4,8,16,80,False,6.0,6
small-003,small,1,propagate,syntax-only,48,[],0,1,44,1056,False,48.0,96
small-003,small,2,sanitize,exact-state,48,"['input', 'taint', 'san', 'alias', 'guard', 'mode', 'ctx', 'tmp', 'flag', 'sp', 'stk0', 'stk1', 'dead0']",13,48,0,0,True,1.0,0
small-003,small,2,sanitize,support,48,"['input', 'taint', 'san', 'alias', 'mode']",5,12,0,0,True,4.0,0
small-003,small,2,sanitize,pathseal,48,"['input', 'alias', 'mode']",3,12,0,0,True,4.0,0
small-003,small,2,sanitize,call-context,48,"['ctx', 'sp', 'stk0', 'stk1']",4,4,32,240,False,12.0,26
small-003,small,2,sanitize,security-surface,48,"['input', 'taint', 'san', 'alias']",4,9,12,48,False,5.333333333333333,6
small-003,small,2,sanitize,syntax-only,48,[],0,1,44,1056,False,48.0,96
small-003,small,3,branch,exact-state,48,"['input', 'taint', 'san', 'alias', 'guard', 'mode', 'ctx', 'tmp', 'flag', 'sp', 'stk0', 'stk1', 'dead0']",13,48,0,0,True,1.0,0
small-003,small,3,branch,support,48,"['input', 'taint', 'alias', 'guard', 'mode']",5,12,0,0,True,4.0,0
small-003,small,3,branch,pathseal,48,"['input', 'alias', 'mode']",3,12,0,0,True,4.0,0
small-003,small,3,branch,call-context,48,"['ctx', 'sp', 'stk0', 'stk1']",4,4,32,240,False,12.0,26
small-003,small,3,branch,security-surface,48,"['input', 'taint', 'san', 'alias']",4,9,12,48,False,5.333333333333333,6
small-003,small,3,branch,syntax-only,48,[],0,1,44,1056,False,48.0,98
small-003,small,4,return,exact-state,44,"['input', 'taint', 'san', 'alias', 'guard', 'mode', 'ctx', 'tmp', 'flag', 'sp', 'stk0', 'stk1', 'dead0']",13,44,0,0,True,1.0,0
small-003,small,4,return,support,44,"['input', 'alias', 'mode', 'ctx', 'sp', 'stk0', 'stk1']",7,11,0,0,True,4.0,0
small-003,small,4,return,pathseal,44,"['input', 'alias', 'mode']",3,11,0,0,True,4.0,0
small-003,small,4,return,call-context,44,"['ctx', 'sp', 'stk0', 'stk1']",4,4,28,192,False,11.0,22
small-003,small,4,return,security-surface,44,"['input', 'taint', 'san', 'alias']",4,8,12,48,False,5.5,6
small-003,small,4,return,syntax-only,44,[],0,1,40,880,False,44.0,88
small-003,small,5,sink,exact-state,44,"['input', 'taint', 'san', 'alias', 'guard', 'mode', 'ctx', 'tmp', 'flag', 'sp', 'stk0', 'stk1', 'dead0']",13,44,0,0,True,1.0,0
small-003,small,5,sink,support,44,"['taint', 'alias', 'mode', 'ctx', 'sp']",5,11,0,0,True,4.0,0
small-003,small,5,sink,pathseal,44,"['input', 'alias', 'mode']",3,11,0,0,True,4.0,0
small-003,small,5,sink,call-context,44,"['ctx', 'sp', 'stk0', 'stk1']",4,4,28,192,False,11.0,22
small-003,small,5,sink,security-surface,44,"['input', 'taint', 'san', 'alias']",4,8,12,48,False,5.5,6
small-003,small,5,sink,syntax-only,44,[],0,1,40,880,False,44.0,88
small-004,small,0,source,exact-state,48,"['input', 'taint', 'san', 'alias', 'guard', 'mode', 'ctx', 'tmp', 'flag', 'sp', 'stk0', 'stk1', 'dead0']",13,48,0,0,True,1.0,0
small-004,small,0,source,support,48,"['input', 'mode', 'ctx', 'flag', 'sp', 'stk0', 'stk1']",7,12,0,0,True,4.0,0
small-004,small,0,source,pathseal,48,"['input', 'san', 'alias', 'mode']",4,12,0,0,True,4.0,0
small-004,small,0,source,call-context,48,"['ctx', 'sp', 'stk0', 'stk1']",4,4,32,208,False,12.0,26
small-004,small,0,source,security-surface,48,"['input', 'taint', 'san', 'alias']",4,11,4,16,False,4.363636363636363,2
small-004,small,0,source,syntax-only,48,[],0,1,44,1056,False,48.0,98
small-004,small,1,propagate,exact-state,48,"['input', 'taint', 'san', 'alias', 'guard', 'mode', 'ctx', 'tmp', 'flag', 'sp', 'stk0', 'stk1', 'dead0']",13,48,0,0,True,1.0,0
small-004,small,1,propagate,support,48,"['taint', 'alias', 'mode', 'ctx', 'tmp', 'flag']",6,12,0,0,True,4.0,0
small-004,small,1,propagate,pathseal,48,"['input', 'taint', 'mode', 'ctx']",4,12,0,0,True,4.0,0
small-004,small,1,propagate,call-context,48,"['ctx', 'sp', 'stk0', 'stk1']",4,4,32,208,False,12.0,26
small-004,small,1,propagate,security-surface,48,"['input', 'taint', 'san', 'alias']",4,11,4,16,False,4.363636363636363,2
small-004,small,1,propagate,syntax-only,48,[],0,1,44,1056,False,48.0,98
small-004,small,2,sanitize,exact-state,48,"['input', 'taint', 'san', 'alias', 'guard', 'mode', 'ctx', 'tmp', 'flag', 'sp', 'stk0', 'stk1', 'dead0']",13,48,0,0,True,1.0,0
small-004,small,2,sanitize,support,48,"['taint', 'san', 'mode', 'ctx', 'flag']",5,12,0,0,True,4.0,0
small-004,small,2,sanitize,pathseal,48,"['mode', 'ctx', 'flag']",3,11,0,0,True,4.363636363636363,0
small-004,small,2,sanitize,call-context,48,"['ctx', 'sp', 'stk0', 'stk1']",4,4,28,192,False,12.0,24
small-004,small,2,sanitize,security-surface,48,"['input', 'taint', 'san', 'alias']",4,10,8,32,False,4.8,4
small-004,small,2,sanitize,syntax-only,48,[],0,1,44,1040,False,48.0,108
small-004,small,3,branch,exact-state,48,"['input', 'taint', 'san', 'alias', 'guard', 'mode', 'ctx', 'tmp', 'flag', 'sp', 'stk0', 'stk1', 'dead0']",13,48,0,0,True,1.0,0
small-004,small,3,branch,support,48,"['taint', 'san', 'alias', 'guard', 'mode', 'ctx']",6,11,0,0,True,4.363636363636363,0
small-004,small,3,branch,pathseal,48,"['mode', 'ctx', 'flag']",3,11,0,0,True,4.363636363636363,0
small-004,small,3,branch,call-context,48,"['ctx', 'sp', 'stk0', 'stk1']",4,4,28,192,False,12.0,24
small-004,small,3,branch,security-surface,48,"['input', 'taint', 'san', 'alias']",4,9,12,64,False,5.333333333333333,8
small-004,small,3,branch,syntax-only,48,[],0,1,44,1040,False,48.0,112
small-004,small,4,return,exact-state,44,"['input', 'taint', 'san', 'alias', 'guard', 'mode', 'ctx', 'tmp', 'flag', 'sp', 'stk0', 'stk1', 'dead0']",13,44,0,0,True,1.0,0
small-004,small,4,return,support,44,"['san', 'mode', 'ctx', 'sp', 'stk0', 'stk1']",6,10,0,0,True,4.4,0
small-004,small,4,return,pathseal,44,"['san', 'mode', 'ctx']",3,10,0,0,True,4.4,0
small-004,small,4,return,call-context,44,"['ctx', 'sp', 'stk0', 'stk1']",4,4,28,160,False,11.0,20
small-004,small,4,return,security-surface,44,"['input', 'taint', 'san', 'alias']",4,8,12,64,False,5.5,8
small-004,small,4,return,syntax-only,44,[],0,1,40,864,False,44.0,96
small-004,small,5,sink,exact-state,44,"['input', 'taint', 'san', 'alias', 'guard', 'mode', 'ctx', 'tmp', 'flag', 'sp', 'stk0', 'stk1', 'dead0']",13,44,0,0,True,1.0,0
small-004,small,5,sink,support,44,"['taint', 'alias', 'mode', 'ctx', 'sp']",5,9,0,0,True,4.888888888888889,0
small-004,small,5,sink,pathseal,44,"['san', 'mode', 'ctx']",3,10,0,0,True,4.4,0
small-004,small,5,sink,call-context,44,"['ctx', 'sp', 'stk0', 'stk1']",4,4,24,144,False,11.0,18
small-004,small,5,sink,security-surface,44,"['input', 'taint', 'san', 'alias']",4,8,12,64,False,5.5,8
small-004,small,5,sink,syntax-only,44,[],0,1,36,848,False,44.0,94
small-005,small,0,source,exact-state,48,"['input', 'taint', 'san', 'alias', 'guard', 'mode', 'ctx', 'tmp', 'flag', 'sp', 'stk0', 'stk1', 'dead0']",13,48,0,0,True,1.0,0
small-005,small,0,source,support,48,"['input', 'san', 'guard', 'mode', 'ctx', 'sp', 'stk0', 'stk1']",8,12,0,0,True,4.0,0
small-005,small,0,source,pathseal,48,"['input', 'san', 'guard', 'mode']",4,12,0,0,True,4.0,0
small-005,small,0,source,call-context,48,"['ctx', 'sp', 'stk0', 'stk1']",4,4,32,208,False,12.0,26
small-005,small,0,source,security-surface,48,"['input', 'taint', 'san', 'alias']",4,6,24,128,False,8.0,12
small-005,small,0,source,syntax-only,48,[],0,1,44,1056,False,48.0,98
small-005,small,1,propagate,exact-state,48,"['input', 'taint', 'san', 'alias', 'guard', 'mode', 'ctx', 'tmp', 'flag', 'sp', 'stk0', 'stk1', 'dead0']",13,48,0,0,True,1.0,0
small-005,small,1,propagate,support,48,"['input', 'taint', 'alias', 'mode', 'tmp', 'flag']",6,12,0,0,True,4.0,0
small-005,small,1,propagate,pathseal,48,"['input', 'san', 'guard', 'mode']",4,12,0,0,True,4.0,0
small-005,small,1,propagate,call-context,48,"['ctx', 'sp', 'stk0', 'stk1']",4,4,32,208,False,12.0,26
small-005,small,1,propagate,security-surface,48,"['input', 'taint', 'san', 'alias']",4,6,24,128,False,8.0,12
small-005,small,1,propagate,syntax-only,48,[],0,1,44,1056,False,48.0,98
small-005,small,2,sanitize,exact-state,48,"['input', 'taint', 'san', 'alias', 'guard', 'mode', 'ctx', 'tmp', 'flag', 'sp', 'stk0', 'stk1', 'dead0']",13,48,0,0,True,1.0,0
small-005,small,2,sanitize,support,48,"['input', 'taint', 'san', 'alias', 'mode']",5,12,0,0,True,4.0,0
small-005,small,2,sanitize,pathseal,48,"['input', 'alias', 'mode']",3,12,0,0,True,4.0,0
small-005,small,2,sanitize,call-context,48,"['ctx', 'sp', 'stk0', 'stk1']",4,4,32,208,False,12.0,26
small-005,small,2,sanitize,security-surface,48,"['input', 'taint', 'san', 'alias']",4,11,4,16,False,4.363636363636363,2
small-005,small,2,sanitize,syntax-only,48,[],0,1,44,1056,False,48.0,104
small-005,small,3,branch,exact-state,48,"['input', 'taint', 'san', 'alias', 'guard', 'mode', 'ctx', 'tmp', 'flag', 'sp', 'stk0', 'stk1', 'dead0']",13,48,0,0,True,1.0,0
small-005,small,3,branch,support,48,"['input', 'taint', 'alias', 'guard', 'mode']",5,12,0,0,True,4.0,0
small-005,small,3,branch,pathseal,48,"['input', 'alias', 'mode']",3,12,0,0,True,4.0,0
small-005,small,3,branch,call-context,48,"['ctx', 'sp', 'stk0', 'stk1']",4,4,32,208,False,12.0,26
small-005,small,3,branch,security-surface,48,"['input', 'taint', 'san', 'alias']",4,11,4,16,False,4.363636363636363,2
small-005,small,3,branch,syntax-only,48,[],0,1,44,1056,False,48.0,114
small-005,small,4,return,exact-state,44,"['input', 'taint', 'san', 'alias', 'guard', 'mode', 'ctx', 'tmp', 'flag', 'sp', 'stk0', 'stk1', 'dead0']",13,44,0,0,True,1.0,0
small-005,small,4,return,support,44,"['input', 'alias', 'mode', 'ctx', 'sp', 'stk0', 'stk1']",7,11,0,0,True,4.0,0
small-005,small,4,return,pathseal,44,"['input', 'alias', 'mode']",3,11,0,0,True,4.0,0
small-005,small,4,return,call-context,44,"['ctx', 'sp', 'stk0', 'stk1']",4,4,28,192,False,11.0,24
small-005,small,4,return,security-surface,44,"['input', 'taint', 'san', 'alias']",4,10,4,16,False,4.4,2
small-005,small,4,return,syntax-only,44,[],0,1,40,880,False,44.0,98
small-005,small,5,sink,exact-state,44,"['input', 'taint', 'san', 'alias', 'guard', 'mode', 'ctx', 'tmp', 'flag', 'sp', 'stk0', 'stk1', 'dead0']",13,44,0,0,True,1.0,0
small-005,small,5,sink,support,44,"['taint', 'alias', 'mode', 'ctx', 'sp']",5,11,0,0,True,4.0,0
small-005,small,5,sink,pathseal,44,"['input', 'alias', 'mode']",3,11,0,0,True,4.0,0
small-005,small,5,sink,call-context,44,"['ctx', 'sp', 'stk0', 'stk1']",4,4,28,192,False,11.0,24
small-005,small,5,sink,security-surface,44,"['input', 'taint', 'san', 'alias']",4,10,4,16,False,4.4,2
small-005,small,5,sink,syntax-only,44,[],0,1,40,880,False,44.0,98
small-006,small,0,source,exact-state,48,"['input', 'taint', 'san', 'alias', 'guard', 'mode', 'ctx', 'tmp', 'flag', 'sp', 'stk0', 'stk1', 'dead0']",13,48,0,0,True,1.0,0
small-006,small,0,source,support,48,"['input', 'alias', 'mode', 'ctx', 'flag', 'sp', 'stk0', 'stk1']",8,12,0,0,True,4.0,0
small-006,small,0,source,pathseal,48,"['input', 'alias', 'mode']",3,12,0,0,True,4.0,0
small-006,small,0,source,call-context,48,"['ctx', 'sp', 'stk0', 'stk1']",4,4,32,304,False,12.0,26
small-006,small,0,source,security-surface,48,"['input', 'taint', 'san', 'alias']",4,11,4,16,False,4.363636363636363,2
small-006,small,0,source,syntax-only,48,[],0,1,44,1056,False,48.0,88
small-006,small,1,propagate,exact-state,48,"['input', 'taint', 'san', 'alias', 'guard', 'mode', 'ctx', 'tmp', 'flag', 'sp', 'stk0', 'stk1', 'dead0']",13,48,0,0,True,1.0,0
small-006,small,1,propagate,support,48,"['input', 'taint', 'alias', 'mode', 'tmp', 'flag']",6,12,0,0,True,4.0,0
small-006,small,1,propagate,pathseal,48,"['input', 'alias', 'mode']",3,12,0,0,True,4.0,0
small-006,small,1,propagate,call-context,48,"['ctx', 'sp', 'stk0', 'stk1']",4,4,32,304,False,12.0,26
small-006,small,1,propagate,security-surface,48,"['input', 'taint', 'san', 'alias']",4,12,0,0,True,4.0,0
small-006,small,1,propagate,syntax-only,48,[],0,1,44,1056,False,48.0,88
small-006,small,2,sanitize,exact-state,48,"['input', 'taint', 'san', 'alias', 'guard', 'mode', 'ctx', 'tmp', 'flag', 'sp', 'stk0', 'stk1', 'dead0']",13,48,0,0,True,1.0,0
small-006,small,2,sanitize,support,48,"['input', 'taint', 'san', 'alias', 'mode']",5,12,0,0,True,4.0,0
small-006,small,2,sanitize,pathseal,48,"['input', 'alias', 'mode']",3,12,0,0,True,4.0,0
small-006,small,2,sanitize,call-context,48,"['ctx', 'sp', 'stk0', 'stk1']",4,4,32,304,False,12.0,24
small-006,small,2,sanitize,security-surface,48,"['input', 'taint', 'san', 'alias']",4,10,8,32,False,4.8,4
small-006,small,2,sanitize,syntax-only,48,[],0,1,44,1056,False,48.0,88
small-006,small,3,branch,exact-state,48,"['input', 'taint', 'san', 'alias', 'guard', 'mode', 'ctx', 'tmp', 'flag', 'sp', 'stk0', 'stk1', 'dead0']",13,48,0,0,True,1.0,0
small-006,small,3,branch,support,48,"['input', 'taint', 'alias', 'guard', 'mode']",5,12,0,0,True,4.0,0
small-006,small,3,branch,pathseal,48,"['input', 'alias', 'mode']",3,12,0,0,True,4.0,0
small-006,small,3,branch,call-context,48,"['ctx', 'sp', 'stk0', 'stk1']",4,4,32,304,False,12.0,28
small-006,small,3,branch,security-surface,48,"['input', 'taint', 'san', 'alias']",4,10,8,32,False,4.8,4
small-006,small,3,branch,syntax-only,48,[],0,1,44,1056,False,48.0,98
small-006,small,4,return,exact-state,44,"['input', 'taint', 'san', 'alias', 'guard', 'mode', 'ctx', 'tmp', 'flag', 'sp', 'stk0', 'stk1', 'dead0']",13,44,0,0,True,1.0,0
small-006,small,4,return,support,44,"['input', 'alias', 'mode', 'ctx', 'sp', 'stk0', 'stk1']",7,11,0,0,True,4.0,0
small-006,small,4,return,pathseal,44,"['input', 'alias', 'mode']",3,11,0,0,True,4.0,0
small-006,small,4,return,call-context,44,"['ctx', 'sp', 'stk0', 'stk1']",4,4,28,224,False,11.0,16
small-006,small,4,return,security-surface,44,"['input', 'taint', 'san', 'alias']",4,9,8,32,False,4.888888888888889,4
small-006,small,4,return,syntax-only,44,[],0,1,40,880,False,44.0,84
small-006,small,5,sink,exact-state,44,"['input', 'taint', 'san', 'alias', 'guard', 'mode', 'ctx', 'tmp', 'flag', 'sp', 'stk0', 'stk1', 'dead0']",13,44,0,0,True,1.0,0
small-006,small,5,sink,support,44,"['taint', 'alias', 'mode', 'ctx', 'sp']",5,11,0,0,True,4.0,0
small-006,small,5,sink,pathseal,44,"['input', 'alias', 'mode']",3,11,0,0,True,4.0,0
small-006,small,5,sink,call-context,44,"['ctx', 'sp', 'stk0', 'stk1']",4,4,28,224,False,11.0,16
small-006,small,5,sink,security-surface,44,"['input', 'taint', 'san', 'alias']",4,9,8,32,False,4.888888888888889,4
small-006,small,5,sink,syntax-only,44,[],0,1,40,880,False,44.0,84
small-007,small,0,source,exact-state,48,"['input', 'taint', 'san', 'alias', 'guard', 'mode', 'ctx', 'tmp', 'flag', 'sp', 'stk0', 'stk1', 'dead0']",13,48,0,0,True,1.0,0
small-007,small,0,source,support,48,"['input', 'san', 'alias', 'mode', 'ctx', 'sp', 'stk0', 'stk1']",8,12,0,0,True,4.0,0
small-007,small,0,source,pathseal,48,"['san', 'alias', 'mode']",3,12,0,0,True,4.0,0
small-007,small,0,source,call-context,48,"['ctx', 'sp', 'stk0', 'stk1']",4,4,32,224,False,12.0,22
small-007,small,0,source,security-surface,48,"['input', 'taint', 'san', 'alias']",4,8,16,80,False,6.0,8
small-007,small,0,source,syntax-only,48,[],0,1,44,1056,False,48.0,92
small-007,small,1,propagate,exact-state,48,"['input', 'taint', 'san', 'alias', 'guard', 'mode', 'ctx', 'tmp', 'flag', 'sp', 'stk0', 'stk1', 'dead0']",13,48,0,0,True,1.0,0
small-007,small,1,propagate,support,48,"['input', 'taint', 'alias', 'guard', 'mode', 'tmp', 'flag']",7,12,0,0,True,4.0,0
small-007,small,1,propagate,pathseal,48,"['san', 'alias', 'mode']",3,12,0,0,True,4.0,0
small-007,small,1,propagate,call-context,48,"['ctx', 'sp', 'stk0', 'stk1']",4,4,32,224,False,12.0,22
small-007,small,1,propagate,security-surface,48,"['input', 'taint', 'san', 'alias']",4,8,16,80,False,6.0,8
small-007,small,1,propagate,syntax-only,48,[],0,1,44,1056,False,48.0,92
small-007,small,2,sanitize,exact-state,48,"['input', 'taint', 'san', 'alias', 'guard', 'mode', 'ctx', 'tmp', 'flag', 'sp', 'stk0', 'stk1', 'dead0']",13,48,0,0,True,1.0,0
small-007,small,2,sanitize,support,48,"['input', 'taint', 'san', 'alias', 'guard']",5,12,0,0,True,4.0,0
small-007,small,2,sanitize,pathseal,48,"['input', 'alias', 'guard']",3,12,0,0,True,4.0,0
small-007,small,2,sanitize,call-context,48,"['ctx', 'sp', 'stk0', 'stk1']",4,4,32,224,False,12.0,22
small-007,small,2,sanitize,security-surface,48,"['input', 'taint', 'san', 'alias']",4,11,4,16,False,4.363636363636363,2
small-007,small,2,sanitize,syntax-only,48,[],0,1,44,1056,False,48.0,90
small-007,small,3,branch,exact-state,48,"['input', 'taint', 'san', 'alias', 'guard', 'mode', 'ctx', 'tmp', 'flag', 'sp', 'stk0', 'stk1', 'dead0']",13,48,0,0,True,1.0,0
small-007,small,3,branch,support,48,"['input', 'taint', 'alias', 'guard', 'mode']",5,12,0,0,True,4.0,0
small-007,small,3,branch,pathseal,48,"['input', 'alias', 'guard']",3,12,0,0,True,4.0,0
small-007,small,3,branch,call-context,48,"['ctx', 'sp', 'stk0', 'stk1']",4,4,32,224,False,12.0,24
small-007,small,3,branch,security-surface,48,"['input', 'taint', 'san', 'alias']",4,11,4,16,False,4.363636363636363,2
small-007,small,3,branch,syntax-only,48,[],0,1,44,1056,False,48.0,104
small-007,small,4,return,exact-state,48,"['input', 'taint', 'san', 'alias', 'guard', 'mode', 'ctx', 'tmp', 'flag', 'sp', 'stk0', 'stk1', 'dead0']",13,48,0,0,True,1.0,0
small-007,small,4,return,support,48,"['input', 'alias', 'guard', 'ctx', 'sp', 'stk0', 'stk1']",7,12,0,0,True,4.0,0
small-007,small,4,return,pathseal,48,"['input', 'alias', 'guard']",3,12,0,0,True,4.0,0
small-007,small,4,return,call-context,48,"['ctx', 'sp', 'stk0', 'stk1']",4,4,32,224,False,12.0,26
small-007,small,4,return,security-surface,48,"['input', 'taint', 'san', 'alias']",4,11,4,16,False,4.363636363636363,2
small-007,small,4,return,syntax-only,48,[],0,1,44,1056,False,48.0,104
small-007,small,5,sink,exact-state,48,"['input', 'taint', 'san', 'alias', 'guard', 'mode', 'ctx', 'tmp', 'flag', 'sp', 'stk0', 'stk1', 'dead0']",13,48,0,0,True,1.0,0
small-007,small,5,sink,support,48,"['taint', 'alias', 'mode', 'ctx', 'sp']",5,12,0,0,True,4.0,0
small-007,small,5,sink,pathseal,48,"['input', 'alias', 'guard']",3,12,0,0,True,4.0,0
small-007,small,5,sink,call-context,48,"['ctx', 'sp', 'stk0', 'stk1']",4,4,32,224,False,12.0,26
small-007,small,5,sink,security-surface,48,"['input', 'taint', 'san', 'alias']",4,11,4,16,False,4.363636363636363,2
small-007,small,5,sink,syntax-only,48,[],0,1,44,1056,False,48.0,104
small-008,small,0,source,exact-state,48,"['input', 'taint', 'san', 'alias', 'guard', 'mode', 'ctx', 'tmp', 'flag', 'sp', 'stk0', 'stk1', 'dead0']",13,48,0,0,True,1.0,0
small-008,small,0,source,support,48,"['input', 'alias', 'guard', 'mode', 'ctx', 'flag', 'sp', 'stk0', 'stk1']",9,12,0,0,True,4.0,0
small-008,small,0,source,pathseal,48,"['alias', 'guard', 'mode']",3,12,0,0,True,4.0,0
small-008,small,0,source,call-context,48,"['ctx', 'sp', 'stk0', 'stk1']",4,4,32,208,False,12.0,24
small-008,small,0,source,security-surface,48,"['input', 'taint', 'san', 'alias']",4,8,16,80,False,6.0,10
small-008,small,0,source,syntax-only,48,[],0,1,44,1056,False,48.0,96
small-008,small,1,propagate,exact-state,48,"['input', 'taint', 'san', 'alias', 'guard', 'mode', 'ctx', 'tmp', 'flag', 'sp', 'stk0', 'stk1', 'dead0']",13,48,0,0,True,1.0,0
small-008,small,1,propagate,support,48,"['taint', 'alias', 'guard', 'mode', 'tmp', 'flag']",6,12,0,0,True,4.0,0
small-008,small,1,propagate,pathseal,48,"['alias', 'guard', 'mode']",3,12,0,0,True,4.0,0
small-008,small,1,propagate,call-context,48,"['ctx', 'sp', 'stk0', 'stk1']",4,4,32,208,False,12.0,24
small-008,small,1,propagate,security-surface,48,"['input', 'taint', 'san', 'alias']",4,10,8,48,False,4.8,6
small-008,small,1,propagate,syntax-only,48,[],0,1,44,1056,False,48.0,96
small-008,small,2,sanitize,exact-state,48,"['input', 'taint', 'san', 'alias', 'guard', 'mode', 'ctx', 'tmp', 'flag', 'sp', 'stk0', 'stk1', 'dead0']",13,48,0,0,True,1.0,0
small-008,small,2,sanitize,support,48,"['taint', 'san', 'ctx', 'tmp']",4,12,0,0,True,4.0,0
small-008,small,2,sanitize,pathseal,48,"['alias', 'guard', 'mode']",3,12,0,0,True,4.0,0
small-008,small,2,sanitize,call-context,48,"['ctx', 'sp', 'stk0', 'stk1']",4,4,32,208,False,12.0,24
small-008,small,2,sanitize,security-surface,48,"['input', 'taint', 'san', 'alias']",4,11,4,16,False,4.363636363636363,2
small-008,small,2,sanitize,syntax-only,48,[],0,1,44,1056,False,48.0,94
small-008,small,3,branch,exact-state,48,"['input', 'taint', 'san', 'alias', 'guard', 'mode', 'ctx', 'tmp', 'flag', 'sp', 'stk0', 'stk1', 'dead0']",13,48,0,0,True,1.0,0
small-008,small,3,branch,support,48,"['taint', 'alias', 'guard', 'mode', 'ctx']",5,12,0,0,True,4.0,0
small-008,small,3,branch,pathseal,48,"['taint', 'ctx', 'tmp']",3,12,0,0,True,4.0,0
small-008,small,3,branch,call-context,48,"['ctx', 'sp', 'stk0', 'stk1']",4,4,32,208,False,12.0,24
small-008,small,3,branch,security-surface,48,"['input', 'taint', 'san', 'alias']",4,11,4,16,False,4.363636363636363,2
small-008,small,3,branch,syntax-only,48,[],0,1,44,1056,False,48.0,102
small-008,small,4,return,exact-state,44,"['input', 'taint', 'san', 'alias', 'guard', 'mode', 'ctx', 'tmp', 'flag', 'sp', 'stk0', 'stk1', 'dead0']",13,44,0,0,True,1.0,0
small-008,small,4,return,support,44,"['taint', 'alias', 'ctx', 'sp', 'stk0', 'stk1']",6,11,0,0,True,4.0,0
small-008,small,4,return,pathseal,44,"['taint', 'alias', 'ctx']",3,11,0,0,True,4.0,0
small-008,small,4,return,call-context,44,"['ctx', 'sp', 'stk0', 'stk1']",4,4,28,192,False,11.0,22
small-008,small,4,return,security-surface,44,"['input', 'taint', 'san', 'alias']",4,10,4,16,False,4.4,2
small-008,small,4,return,syntax-only,44,[],0,1,40,880,False,44.0,90
small-008,small,5,sink,exact-state,44,"['input', 'taint', 'san', 'alias', 'guard', 'mode', 'ctx', 'tmp', 'flag', 'sp', 'stk0', 'stk1', 'dead0']",13,44,0,0,True,1.0,0
small-008,small,5,sink,support,44,"['taint', 'alias', 'mode', 'ctx', 'sp']",5,11,0,0,True,4.0,0
small-008,small,5,sink,pathseal,44,"['taint', 'alias', 'ctx']",3,11,0,0,True,4.0,0
small-008,small,5,sink,call-context,44,"['ctx', 'sp', 'stk0', 'stk1']",4,4,28,192,False,11.0,22
small-008,small,5,sink,security-surface,44,"['input', 'taint', 'san', 'alias']",4,10,4,16,False,4.4,2
small-008,small,5,sink,syntax-only,44,[],0,1,40,880,False,44.0,90
small-009,small,0,source,exact-state,48,"['input', 'taint', 'san', 'alias', 'guard', 'mode', 'ctx', 'tmp', 'flag', 'sp', 'stk0', 'stk1', 'dead0']",13,48,0,0,True,1.0,0
small-009,small,0,source,support,48,"['input', 'san', 'ctx', 'sp', 'stk0', 'stk1']",6,12,0,0,True,4.0,0
small-009,small,0,source,pathseal,48,"['input', 'san', 'ctx']",3,12,0,0,True,4.0,0
small-009,small,0,source,call-context,48,"['ctx', 'sp', 'stk0', 'stk1']",4,4,32,208,False,12.0,24
small-009,small,0,source,security-surface,48,"['input', 'taint', 'san', 'alias']",4,10,8,32,False,4.8,4
small-009,small,0,source,syntax-only,48,[],0,1,44,1056,False,48.0,96
small-009,small,1,propagate,exact-state,48,"['input', 'taint', 'san', 'alias', 'guard', 'mode', 'ctx', 'tmp', 'flag', 'sp', 'stk0', 'stk1', 'dead0']",13,48,0,0,True,1.0,0
small-009,small,1,propagate,support,48,"['input', 'taint', 'san', 'alias', 'mode', 'ctx', 'tmp', 'flag']",8,12,0,0,True,4.0,0
small-009,small,1,propagate,pathseal,48,"['input', 'san', 'ctx']",3,12,0,0,True,4.0,0
small-009,small,1,propagate,call-context,48,"['ctx', 'sp', 'stk0', 'stk1']",4,4,32,208,False,12.0,24
small-009,small,1,propagate,security-surface,48,"['input', 'taint', 'san', 'alias']",4,10,8,32,False,4.8,4
small-009,small,1,propagate,syntax-only,48,[],0,1,44,1056,False,48.0,96
small-009,small,2,sanitize,exact-state,48,"['input', 'taint', 'san', 'alias', 'guard', 'mode', 'ctx', 'tmp', 'flag', 'sp', 'stk0', 'stk1', 'dead0']",13,48,0,0,True,1.0,0
small-009,small,2,sanitize,support,48,"['input', 'taint', 'san', 'ctx']",4,12,0,0,True,4.0,0
small-009,small,2,sanitize,pathseal,48,"['input', 'san', 'ctx']",3,12,0,0,True,4.0,0
small-009,small,2,sanitize,call-context,48,"['ctx', 'sp', 'stk0', 'stk1']",4,4,32,208,False,12.0,22
small-009,small,2,sanitize,security-surface,48,"['input', 'taint', 'san', 'alias']",4,10,8,32,False,4.8,4
small-009,small,2,sanitize,syntax-only,48,[],0,1,44,1056,False,48.0,102
small-009,small,3,branch,exact-state,48,"['input', 'taint', 'san', 'alias', 'guard', 'mode', 'ctx', 'tmp', 'flag', 'sp', 'stk0', 'stk1', 'dead0']",13,48,0,0,True,1.0,0
small-009,small,3,branch,support,48,"['input', 'taint', 'san', 'alias', 'guard', 'mode', 'ctx']",7,12,0,0,True,4.0,0
small-009,small,3,branch,pathseal,48,"['input', 'san', 'ctx']",3,12,0,0,True,4.0,0
small-009,small,3,branch,call-context,48,"['ctx', 'sp', 'stk0', 'stk1']",4,4,32,192,False,12.0,22
small-009,small,3,branch,security-surface,48,"['input', 'taint', 'san', 'alias']",4,10,8,32,False,4.8,4
small-009,small,3,branch,syntax-only,48,[],0,1,44,1008,False,48.0,110
small-009,small,4,return,exact-state,36,"['input', 'taint', 'san', 'alias', 'guard', 'mode', 'ctx', 'tmp', 'flag', 'sp', 'stk0', 'stk1', 'dead0']",13,36,0,0,True,1.0,0
small-009,small,4,return,support,36,"['input', 'san', 'ctx', 'sp', 'stk0', 'stk1']",6,9,0,0,True,4.0,0
small-009,small,4,return,pathseal,36,"['input', 'san', 'ctx']",3,9,0,0,True,4.0,0
small-009,small,4,return,call-context,36,"['ctx', 'sp', 'stk0', 'stk1']",4,4,20,112,False,9.0,12
small-009,small,4,return,security-surface,36,"['input', 'taint', 'san', 'alias']",4,8,4,16,False,4.5,2
small-009,small,4,return,syntax-only,36,[],0,1,32,576,False,36.0,68
small-009,small,5,sink,exact-state,36,"['input', 'taint', 'san', 'alias', 'guard', 'mode', 'ctx', 'tmp', 'flag', 'sp', 'stk0', 'stk1', 'dead0']",13,36,0,0,True,1.0,0
small-009,small,5,sink,support,36,"['taint', 'alias', 'mode', 'ctx', 'sp']",5,8,0,0,True,4.5,0
small-009,small,5,sink,pathseal,36,"['input', 'san', 'ctx']",3,9,0,0,True,4.0,0
small-009,small,5,sink,call-context,36,"['ctx', 'sp', 'stk0', 'stk1']",4,4,16,96,False,9.0,10
small-009,small,5,sink,security-surface,36,"['input', 'taint', 'san', 'alias']",4,8,4,16,False,4.5,2
small-009,small,5,sink,syntax-only,36,[],0,1,32,560,False,36.0,66
small-010,small,0,source,exact-state,48,"['input', 'taint', 'san', 'alias', 'guard', 'mode', 'ctx', 'tmp', 'flag', 'sp', 'stk0', 'stk1', 'dead0']",13,48,0,0,True,1.0,0
small-010,small,0,source,support,48,"['input', 'alias', 'mode', 'ctx', 'flag', 'sp', 'stk0', 'stk1']",8,12,0,0,True,4.0,0
small-010,small,0,source,pathseal,48,"['input', 'alias', 'mode']",3,12,0,0,True,4.0,0
small-010,small,0,source,call-context,48,"['ctx', 'sp', 'stk0', 'stk1']",4,4,32,256,False,12.0,28
small-010,small,0,source,security-surface,48,"['input', 'taint', 'san', 'alias']",4,9,12,64,False,5.333333333333333,6
small-010,small,0,source,syntax-only,48,[],0,1,44,1056,False,48.0,108
small-010,small,1,propagate,exact-state,48,"['input', 'taint', 'san', 'alias', 'guard', 'mode', 'ctx', 'tmp', 'flag', 'sp', 'stk0', 'stk1', 'dead0']",13,48,0,0,True,1.0,0
small-010,small,1,propagate,support,48,"['input', 'taint', 'alias', 'mode', 'tmp', 'flag']",6,12,0,0,True,4.0,0
small-010,small,1,propagate,pathseal,48,"['input', 'alias', 'mode']",3,12,0,0,True,4.0,0
small-010,small,1,propagate,call-context,48,"['ctx', 'sp', 'stk0', 'stk1']",4,4,32,256,False,12.0,28
small-010,small,1,propagate,security-surface,48,"['input', 'taint', 'san', 'alias']",4,10,8,48,False,4.8,4
small-010,small,1,propagate,syntax-only,48,[],0,1,44,1056,False,48.0,108
small-010,small,2,sanitize,exact-state,48,"['input', 'taint', 'san', 'alias', 'guard', 'mode', 'ctx', 'tmp', 'flag', 'sp', 'stk0', 'stk1', 'dead0']",13,48,0,0,True,1.0,0
small-010,small,2,sanitize,support,48,"['input', 'taint', 'san', 'alias', 'mode']",5,12,0,0,True,4.0,0
small-010,small,2,sanitize,pathseal,48,"['input', 'alias', 'mode']",3,12,0,0,True,4.0,0
small-010,small,2,sanitize,call-context,48,"['ctx', 'sp', 'stk0', 'stk1']",4,4,32,256,False,12.0,26
small-010,small,2,sanitize,security-surface,48,"['input', 'taint', 'san', 'alias']",4,9,12,64,False,5.333333333333333,6
small-010,small,2,sanitize,syntax-only,48,[],0,1,44,1056,False,48.0,108
small-010,small,3,branch,exact-state,48,"['input', 'taint', 'san', 'alias', 'guard', 'mode', 'ctx', 'tmp', 'flag', 'sp', 'stk0', 'stk1', 'dead0']",13,48,0,0,True,1.0,0
small-010,small,3,branch,support,48,"['input', 'taint', 'alias', 'guard', 'mode']",5,12,0,0,True,4.0,0
small-010,small,3,branch,pathseal,48,"['input', 'alias', 'mode']",3,12,0,0,True,4.0,0
small-010,small,3,branch,call-context,48,"['ctx', 'sp', 'stk0', 'stk1']",4,4,32,256,False,12.0,26
small-010,small,3,branch,security-surface,48,"['input', 'taint', 'san', 'alias']",4,9,12,64,False,5.333333333333333,6
small-010,small,3,branch,syntax-only,48,[],0,1,44,1056,False,48.0,108
small-010,small,4,return,exact-state,44,"['input', 'taint', 'san', 'alias', 'guard', 'mode', 'ctx', 'tmp', 'flag', 'sp', 'stk0', 'stk1', 'dead0']",13,44,0,0,True,1.0,0
small-010,small,4,return,support,44,"['input', 'alias', 'mode', 'ctx', 'sp', 'stk0', 'stk1']",7,11,0,0,True,4.0,0
small-010,small,4,return,pathseal,44,"['input', 'alias', 'mode']",3,11,0,0,True,4.0,0
small-010,small,4,return,call-context,44,"['ctx', 'sp', 'stk0', 'stk1']",4,4,28,224,False,11.0,26
small-010,small,4,return,security-surface,44,"['input', 'taint', 'san', 'alias']",4,9,8,48,False,4.888888888888889,4
small-010,small,4,return,syntax-only,44,[],0,1,40,880,False,44.0,104
small-010,small,5,sink,exact-state,44,"['input', 'taint', 'san', 'alias', 'guard', 'mode', 'ctx', 'tmp', 'flag', 'sp', 'stk0', 'stk1', 'dead0']",13,44,0,0,True,1.0,0
small-010,small,5,sink,support,44,"['taint', 'alias', 'mode', 'ctx', 'sp']",5,11,0,0,True,4.0,0
small-010,small,5,sink,pathseal,44,"['input', 'alias', 'mode']",3,11,0,0,True,4.0,0
small-010,small,5,sink,call-context,44,"['ctx', 'sp', 'stk0', 'stk1']",4,4,28,224,False,11.0,26
small-010,small,5,sink,security-surface,44,"['input', 'taint', 'san', 'alias']",4,9,8,48,False,4.888888888888889,4
small-010,small,5,sink,syntax-only,44,[],0,1,40,880,False,44.0,104
small-011,small,0,source,exact-state,48,"['input', 'taint', 'san', 'alias', 'guard', 'mode', 'ctx', 'tmp', 'flag', 'sp', 'stk0', 'stk1', 'dead0']",13,48,0,0,True,1.0,0
small-011,small,0,source,support,48,"['input', 'alias', 'ctx', 'sp', 'stk0', 'stk1']",6,12,0,0,True,4.0,0
small-011,small,0,source,pathseal,48,"['input', 'alias', 'ctx']",3,12,0,0,True,4.0,0
small-011,small,0,source,call-context,48,"['ctx', 'sp', 'stk0', 'stk1']",4,4,32,208,False,12.0,26
small-011,small,0,source,security-surface,48,"['input', 'taint', 'san', 'alias']",4,11,4,16,False,4.363636363636363,2
small-011,small,0,source,syntax-only,48,[],0,1,44,1056,False,48.0,90
small-011,small,1,propagate,exact-state,48,"['input', 'taint', 'san', 'alias', 'guard', 'mode', 'ctx', 'tmp', 'flag', 'sp', 'stk0', 'stk1', 'dead0']",13,48,0,0,True,1.0,0
small-011,small,1,propagate,support,48,"['input', 'taint', 'alias', 'mode', 'ctx', 'tmp', 'flag']",7,12,0,0,True,4.0,0
small-011,small,1,propagate,pathseal,48,"['input', 'alias', 'ctx']",3,12,0,0,True,4.0,0
small-011,small,1,propagate,call-context,48,"['ctx', 'sp', 'stk0', 'stk1']",4,4,32,208,False,12.0,26
small-011,small,1,propagate,security-surface,48,"['input', 'taint', 'san', 'alias']",4,11,4,16,False,4.363636363636363,2
small-011,small,1,propagate,syntax-only,48,[],0,1,44,1056,False,48.0,90
small-011,small,2,sanitize,exact-state,48,"['input', 'taint', 'san', 'alias', 'guard', 'mode', 'ctx', 'tmp', 'flag', 'sp', 'stk0', 'stk1', 'dead0']",13,48,0,0,True,1.0,0
small-011,small,2,sanitize,support,48,"['input', 'taint', 'san', 'alias', 'ctx']",5,12,0,0,True,4.0,0
small-011,small,2,sanitize,pathseal,48,"['input', 'alias', 'ctx']",3,12,0,0,True,4.0,0
small-011,small,2,sanitize,call-context,48,"['ctx', 'sp', 'stk0', 'stk1']",4,4,32,208,False,12.0,26
small-011,small,2,sanitize,security-surface,48,"['input', 'taint', 'san', 'alias']",4,8,16,80,False,6.0,8
small-011,small,2,sanitize,syntax-only,48,[],0,1,44,1056,False,48.0,100
small-011,small,3,branch,exact-state,48,"['input', 'taint', 'san', 'alias', 'guard', 'mode', 'ctx', 'tmp', 'flag', 'sp', 'stk0', 'stk1', 'dead0']",13,48,0,0,True,1.0,0
small-011,small,3,branch,support,48,"['input', 'taint', 'alias', 'guard', 'mode', 'ctx']",6,12,0,0,True,4.0,0
small-011,small,3,branch,pathseal,48,"['input', 'alias', 'ctx']",3,12,0,0,True,4.0,0
small-011,small,3,branch,call-context,48,"['ctx', 'sp', 'stk0', 'stk1']",4,4,32,208,False,12.0,26
small-011,small,3,branch,security-surface,48,"['input', 'taint', 'san', 'alias']",4,8,16,80,False,6.0,8
small-011,small,3,branch,syntax-only,48,[],0,1,44,1056,False,48.0,110
small-011,small,4,return,exact-state,48,"['input', 'taint', 'san', 'alias', 'guard', 'mode', 'ctx', 'tmp', 'flag', 'sp', 'stk0', 'stk1', 'dead0']",13,48,0,0,True,1.0,0
small-011,small,4,return,support,48,"['input', 'alias', 'ctx', 'sp', 'stk0', 'stk1']",6,12,0,0,True,4.0,0
small-011,small,4,return,pathseal,48,"['input', 'alias', 'ctx']",3,12,0,0,True,4.0,0
small-011,small,4,return,call-context,48,"['ctx', 'sp', 'stk0', 'stk1']",4,4,32,208,False,12.0,26
small-011,small,4,return,security-surface,48,"['input', 'taint', 'san', 'alias']",4,8,16,80,False,6.0,8
small-011,small,4,return,syntax-only,48,[],0,1,44,1056,False,48.0,110
small-011,small,5,sink,exact-state,48,"['input', 'taint', 'san', 'alias', 'guard', 'mode', 'ctx', 'tmp', 'flag', 'sp', 'stk0', 'stk1', 'dead0']",13,48,0,0,True,1.0,0
small-011,small,5,sink,support,48,"['taint', 'alias', 'mode', 'ctx', 'sp']",5,12,0,0,True,4.0,0
small-011,small,5,sink,pathseal,48,"['input', 'alias', 'ctx']",3,12,0,0,True,4.0,0
small-011,small,5,sink,call-context,48,"['ctx', 'sp', 'stk0', 'stk1']",4,4,32,208,False,12.0,26
small-011,small,5,sink,security-surface,48,"['input', 'taint', 'san', 'alias']",4,8,16,80,False,6.0,8
small-011,small,5,sink,syntax-only,48,[],0,1,44,1056,False,48.0,110
small-012,small,0,source,exact-state,48,"['input', 'taint', 'san', 'alias', 'guard', 'mode', 'ctx', 'tmp', 'flag', 'sp', 'stk0', 'stk1', 'dead0']",13,48,0,0,True,1.0,0
small-012,small,0,source,support,48,"['input', 'alias', 'ctx', 'flag', 'sp', 'stk0', 'stk1']",7,12,0,0,True,4.0,0
small-012,small,0,source,pathseal,48,"['input', 'san', 'alias', 'ctx']",4,12,0,0,True,4.0,0
small-012,small,0,source,call-context,48,"['ctx', 'sp', 'stk0', 'stk1']",4,4,32,240,False,12.0,30
small-012,small,0,source,security-surface,48,"['input', 'taint', 'san', 'alias']",4,9,12,64,False,5.333333333333333,6
small-012,small,0,source,syntax-only,48,[],0,1,44,1056,False,48.0,96
small-012,small,1,propagate,exact-state,48,"['input', 'taint', 'san', 'alias', 'guard', 'mode', 'ctx', 'tmp', 'flag', 'sp', 'stk0', 'stk1', 'dead0']",13,48,0,0,True,1.0,0
small-012,small,1,propagate,support,48,"['input', 'taint', 'alias', 'mode', 'ctx', 'tmp', 'flag']",7,12,0,0,True,4.0,0
small-012,small,1,propagate,pathseal,48,"['input', 'taint', 'alias', 'ctx']",4,12,0,0,True,4.0,0
small-012,small,1,propagate,call-context,48,"['ctx', 'sp', 'stk0', 'stk1']",4,4,32,240,False,12.0,30
small-012,small,1,propagate,security-surface,48,"['input', 'taint', 'san', 'alias']",4,9,12,64,False,5.333333333333333,6
small-012,small,1,propagate,syntax-only,48,[],0,1,44,1056,False,48.0,96
small-012,small,2,sanitize,exact-state,48,"['input', 'taint', 'san', 'alias', 'guard', 'mode', 'ctx', 'tmp', 'flag', 'sp', 'stk0', 'stk1', 'dead0']",13,48,0,0,True,1.0,0
small-012,small,2,sanitize,support,48,"['input', 'taint', 'san', 'mode', 'ctx']",5,12,0,0,True,4.0,0
small-012,small,2,sanitize,pathseal,48,"['input', 'taint', 'alias', 'ctx']",4,12,0,0,True,4.0,0
small-012,small,2,sanitize,call-context,48,"['ctx', 'sp', 'stk0', 'stk1']",4,4,32,240,False,12.0,30
small-012,small,2,sanitize,security-surface,48,"['input', 'taint', 'san', 'alias']",4,9,12,96,False,5.333333333333333,8
small-012,small,2,sanitize,syntax-only,48,[],0,1,44,1056,False,48.0,102
small-012,small,3,branch,exact-state,48,"['input', 'taint', 'san', 'alias', 'guard', 'mode', 'ctx', 'tmp', 'flag', 'sp', 'stk0', 'stk1', 'dead0']",13,48,0,0,True,1.0,0
small-012,small,3,branch,support,48,"['input', 'taint', 'alias', 'guard', 'mode', 'ctx']",6,11,0,0,True,4.363636363636363,0
small-012,small,3,branch,pathseal,48,"['input', 'mode', 'ctx']",3,11,0,0,True,4.363636363636363,0
small-012,small,3,branch,call-context,48,"['ctx', 'sp', 'stk0', 'stk1']",4,4,28,224,False,12.0,28
small-012,small,3,branch,security-surface,48,"['input', 'taint', 'san', 'alias']",4,9,12,96,False,5.333333333333333,8
small-012,small,3,branch,syntax-only,48,[],0,1,40,1040,False,48.0,100
small-012,small,4,return,exact-state,48,"['input', 'taint', 'san', 'alias', 'guard', 'mode', 'ctx', 'tmp', 'flag', 'sp', 'stk0', 'stk1', 'dead0']",13,48,0,0,True,1.0,0
small-012,small,4,return,support,48,"['input', 'mode', 'ctx', 'sp', 'stk0', 'stk1']",6,11,0,0,True,4.363636363636363,0
small-012,small,4,return,pathseal,48,"['input', 'mode', 'ctx']",3,11,0,0,True,4.363636363636363,0
small-012,small,4,return,call-context,48,"['ctx', 'sp', 'stk0', 'stk1']",4,4,28,224,False,12.0,28
small-012,small,4,return,security-surface,48,"['input', 'taint', 'san', 'alias']",4,9,12,96,False,5.333333333333333,8
small-012,small,4,return,syntax-only,48,[],0,1,40,1040,False,48.0,108
small-012,small,5,sink,exact-state,48,"['input', 'taint', 'san', 'alias', 'guard', 'mode', 'ctx', 'tmp', 'flag', 'sp', 'stk0', 'stk1', 'dead0']",13,48,0,0,True,1.0,0
small-012,small,5,sink,support,48,"['taint', 'alias', 'mode', 'ctx', 'sp']",5,10,0,0,True,4.8,0
small-012,small,5,sink,pathseal,48,"['input', 'mode', 'ctx']",3,11,0,0,True,4.363636363636363,0
small-012,small,5,sink,call-context,48,"['ctx', 'sp', 'stk0', 'stk1']",4,4,28,208,False,12.0,26
small-012,small,5,sink,security-surface,48,"['input', 'taint', 'san', 'alias']",4,9,12,96,False,5.333333333333333,8
small-012,small,5,sink,syntax-only,48,[],0,1,40,1024,False,48.0,106
small-013,small,0,source,exact-state,48,"['input', 'taint', 'san', 'alias', 'guard', 'mode', 'ctx', 'tmp', 'flag', 'sp', 'stk0', 'stk1', 'dead0']",13,48,0,0,True,1.0,0
small-013,small,0,source,support,48,"['input', 'ctx', 'tmp', 'sp', 'stk0', 'stk1']",6,12,0,0,True,4.0,0
small-013,small,0,source,pathseal,48,"['ctx', 'tmp']",2,12,0,0,True,4.0,0
small-013,small,0,source,call-context,48,"['ctx', 'sp', 'stk0', 'stk1']",4,4,32,192,False,12.0,22
small-013,small,0,source,security-surface,48,"['input', 'taint', 'san', 'alias']",4,8,16,80,False,6.0,8
small-013,small,0,source,syntax-only,48,[],0,1,44,1056,False,48.0,98
small-013,small,1,propagate,exact-state,48,"['input', 'taint', 'san', 'alias', 'guard', 'mode', 'ctx', 'tmp', 'flag', 'sp', 'stk0', 'stk1', 'dead0']",13,48,0,0,True,1.0,0
small-013,small,1,propagate,support,48,"['taint', 'alias', 'mode', 'ctx', 'tmp', 'flag']",6,12,0,0,True,4.0,0
small-013,small,1,propagate,pathseal,48,"['ctx', 'tmp']",2,12,0,0,True,4.0,0
small-013,small,1,propagate,call-context,48,"['ctx', 'sp', 'stk0', 'stk1']",4,4,32,192,False,12.0,22
small-013,small,1,propagate,security-surface,48,"['input', 'taint', 'san', 'alias']",4,8,16,80,False,6.0,8
small-013,small,1,propagate,syntax-only,48,[],0,1,44,1056,False,48.0,98
small-013,small,2,sanitize,exact-state,48,"['input', 'taint', 'san', 'alias', 'guard', 'mode', 'ctx', 'tmp', 'flag', 'sp', 'stk0', 'stk1', 'dead0']",13,48,0,0,True,1.0,0
small-013,small,2,sanitize,support,48,"['taint', 'san', 'ctx', 'tmp']",4,12,0,0,True,4.0,0
small-013,small,2,sanitize,pathseal,48,"['ctx', 'tmp']",2,12,0,0,True,4.0,0
small-013,small,2,sanitize,call-context,48,"['ctx', 'sp', 'stk0', 'stk1']",4,4,32,192,False,12.0,22
small-013,small,2,sanitize,security-surface,48,"['input', 'taint', 'san', 'alias']",4,11,4,16,False,4.363636363636363,2
small-013,small,2,sanitize,syntax-only,48,[],0,1,44,1056,False,48.0,102
small-013,small,3,branch,exact-state,48,"['input', 'taint', 'san', 'alias', 'guard', 'mode', 'ctx', 'tmp', 'flag', 'sp', 'stk0', 'stk1', 'dead0']",13,48,0,0,True,1.0,0
small-013,small,3,branch,support,48,"['taint', 'alias', 'guard', 'mode', 'ctx', 'tmp']",6,12,0,0,True,4.0,0
small-013,small,3,branch,pathseal,48,"['ctx', 'tmp']",2,12,0,0,True,4.0,0
small-013,small,3,branch,call-context,48,"['ctx', 'sp', 'stk0', 'stk1']",4,4,32,192,False,12.0,24
small-013,small,3,branch,security-surface,48,"['input', 'taint', 'san', 'alias']",4,11,4,16,False,4.363636363636363,2
small-013,small,3,branch,syntax-only,48,[],0,1,44,1056,False,48.0,108
small-013,small,4,return,exact-state,44,"['input', 'taint', 'san', 'alias', 'guard', 'mode', 'ctx', 'tmp', 'flag', 'sp', 'stk0', 'stk1', 'dead0']",13,44,0,0,True,1.0,0
small-013,small,4,return,support,44,"['ctx', 'tmp', 'sp', 'stk0', 'stk1']",5,11,0,0,True,4.0,0
small-013,small,4,return,pathseal,44,"['ctx', 'tmp']",2,11,0,0,True,4.0,0
small-013,small,4,return,call-context,44,"['ctx', 'sp', 'stk0', 'stk1']",4,4,28,160,False,11.0,18
small-013,small,4,return,security-surface,44,"['input', 'taint', 'san', 'alias']",4,10,4,16,False,4.4,2
small-013,small,4,return,syntax-only,44,[],0,1,40,880,False,44.0,94
small-013,small,5,sink,exact-state,44,"['input', 'taint', 'san', 'alias', 'guard', 'mode', 'ctx', 'tmp', 'flag', 'sp', 'stk0', 'stk1', 'dead0']",13,44,0,0,True,1.0,0
small-013,small,5,sink,support,44,"['taint', 'alias', 'mode', 'ctx', 'sp']",5,11,0,0,True,4.0,0
small-013,small,5,sink,pathseal,44,"['ctx', 'tmp']",2,11,0,0,True,4.0,0
small-013,small,5,sink,call-context,44,"['ctx', 'sp', 'stk0', 'stk1']",4,4,28,160,False,11.0,18
small-013,small,5,sink,security-surface,44,"['input', 'taint', 'san', 'alias']",4,10,4,16,False,4.4,2
small-013,small,5,sink,syntax-only,44,[],0,1,40,880,False,44.0,94
small-014,small,0,source,exact-state,48,"['input', 'taint', 'san', 'alias', 'guard', 'mode', 'ctx', 'tmp', 'flag', 'sp', 'stk0', 'stk1', 'dead0']",13,48,0,0,True,1.0,0
small-014,small,0,source,support,48,"['input', 'san', 'alias', 'mode', 'ctx', 'flag', 'sp', 'stk0', 'stk1']",9,12,0,0,True,4.0,0
small-014,small,0,source,pathseal,48,"['san', 'alias', 'mode']",3,12,0,0,True,4.0,0
small-014,small,0,source,call-context,48,"['ctx', 'sp', 'stk0', 'stk1']",4,4,32,224,False,12.0,26
small-014,small,0,source,security-surface,48,"['input', 'taint', 'san', 'alias']",4,9,12,48,False,5.333333333333333,6
small-014,small,0,source,syntax-only,48,[],0,1,44,1056,False,48.0,100
small-014,small,1,propagate,exact-state,48,"['input', 'taint', 'san', 'alias', 'guard', 'mode', 'ctx', 'tmp', 'flag', 'sp', 'stk0', 'stk1', 'dead0']",13,48,0,0,True,1.0,0
small-014,small,1,propagate,support,48,"['taint', 'san', 'alias', 'mode', 'tmp', 'flag']",6,12,0,0,True,4.0,0
small-014,small,1,propagate,pathseal,48,"['san', 'alias', 'mode']",3,12,0,0,True,4.0,0
small-014,small,1,propagate,call-context,48,"['ctx', 'sp', 'stk0', 'stk1']",4,4,32,224,False,12.0,26
small-014,small,1,propagate,security-surface,48,"['input', 'taint', 'san', 'alias']",4,11,4,16,False,4.363636363636363,2
small-014,small,1,propagate,syntax-only,48,[],0,1,44,1056,False,48.0,100
small-014,small,2,sanitize,exact-state,48,"['input', 'taint', 'san', 'alias', 'guard', 'mode', 'ctx', 'tmp', 'flag', 'sp', 'stk0', 'stk1', 'dead0']",13,48,0,0,True,1.0,0
small-014,small,2,sanitize,support,48,"['taint', 'san', 'alias', 'mode']",4,12,0,0,True,4.0,0
small-014,small,2,sanitize,pathseal,48,"['san', 'alias', 'mode']",3,12,0,0,True,4.0,0
small-014,small,2,sanitize,call-context,48,"['ctx', 'sp', 'stk0', 'stk1']",4,4,32,224,False,12.0,28
small-014,small,2,sanitize,security-surface,48,"['input', 'taint', 'san', 'alias']",4,10,8,32,False,4.8,4
small-014,small,2,sanitize,syntax-only,48,[],0,1,44,1056,False,48.0,104
small-014,small,3,branch,exact-state,48,"['input', 'taint', 'san', 'alias', 'guard', 'mode', 'ctx', 'tmp', 'flag', 'sp', 'stk0', 'stk1', 'dead0']",13,48,0,0,True,1.0,0
small-014,small,3,branch,support,48,"['taint', 'san', 'alias', 'guard', 'mode']",5,12,0,0,True,4.0,0
small-014,small,3,branch,pathseal,48,"['san', 'alias', 'mode']",3,12,0,0,True,4.0,0
small-014,small,3,branch,call-context,48,"['ctx', 'sp', 'stk0', 'stk1']",4,4,32,224,False,12.0,28
small-014,small,3,branch,security-surface,48,"['input', 'taint', 'san', 'alias']",4,9,12,48,False,5.333333333333333,6
small-014,small,3,branch,syntax-only,48,[],0,1,44,1056,False,48.0,114
small-014,small,4,return,exact-state,44,"['input', 'taint', 'san', 'alias', 'guard', 'mode', 'ctx', 'tmp', 'flag', 'sp', 'stk0', 'stk1', 'dead0']",13,44,0,0,True,1.0,0
small-014,small,4,return,support,44,"['san', 'alias', 'mode', 'ctx', 'sp', 'stk0', 'stk1']",7,11,0,0,True,4.0,0
small-014,small,4,return,pathseal,44,"['san', 'alias', 'mode']",3,11,0,0,True,4.0,0
small-014,small,4,return,call-context,44,"['ctx', 'sp', 'stk0', 'stk1']",4,4,28,176,False,11.0,22
small-014,small,4,return,security-surface,44,"['input', 'taint', 'san', 'alias']",4,8,12,48,False,5.5,6
small-014,small,4,return,syntax-only,44,[],0,1,40,880,False,44.0,92
small-014,small,5,sink,exact-state,44,"['input', 'taint', 'san', 'alias', 'guard', 'mode', 'ctx', 'tmp', 'flag', 'sp', 'stk0', 'stk1', 'dead0']",13,44,0,0,True,1.0,0
small-014,small,5,sink,support,44,"['taint', 'alias', 'mode', 'ctx', 'sp']",5,11,0,0,True,4.0,0
small-014,small,5,sink,pathseal,44,"['san', 'alias', 'mode']",3,11,0,0,True,4.0,0
small-014,small,5,sink,call-context,44,"['ctx', 'sp', 'stk0', 'stk1']",4,4,28,176,False,11.0,22
small-014,small,5,sink,security-surface,44,"['input', 'taint', 'san', 'alias']",4,8,12,48,False,5.5,6
small-014,small,5,sink,syntax-only,44,[],0,1,40,880,False,44.0,92
small-015,small,0,source,exact-state,48,"['input', 'taint', 'san', 'alias', 'guard', 'mode', 'ctx', 'tmp', 'flag', 'sp', 'stk0', 'stk1', 'dead0']",13,48,0,0,True,1.0,0
small-015,small,0,source,support,48,"['input', 'alias', 'guard', 'ctx', 'sp', 'stk0', 'stk1']",7,12,0,0,True,4.0,0
small-015,small,0,source,pathseal,48,"['alias', 'guard', 'ctx']",3,12,0,0,True,4.0,0
small-015,small,0,source,call-context,48,"['ctx', 'sp', 'stk0', 'stk1']",4,4,32,192,False,12.0,20
small-015,small,0,source,security-surface,48,"['input', 'taint', 'san', 'alias']",4,9,12,64,False,5.333333333333333,8
small-015,small,0,source,syntax-only,48,[],0,1,44,1056,False,48.0,104
small-015,small,1,propagate,exact-state,48,"['input', 'taint', 'san', 'alias', 'guard', 'mode', 'ctx', 'tmp', 'flag', 'sp', 'stk0', 'stk1', 'dead0']",13,48,0,0,True,1.0,0
small-015,small,1,propagate,support,48,"['taint', 'alias', 'guard', 'mode', 'ctx', 'tmp', 'flag']",7,12,0,0,True,4.0,0
small-015,small,1,propagate,pathseal,48,"['alias', 'guard', 'ctx']",3,12,0,0,True,4.0,0
small-015,small,1,propagate,call-context,48,"['ctx', 'sp', 'stk0', 'stk1']",4,4,32,192,False,12.0,20
small-015,small,1,propagate,security-surface,48,"['input', 'taint', 'san', 'alias']",4,9,12,64,False,5.333333333333333,8
small-015,small,1,propagate,syntax-only,48,[],0,1,44,1056,False,48.0,104
small-015,small,2,sanitize,exact-state,48,"['input', 'taint', 'san', 'alias', 'guard', 'mode', 'ctx', 'tmp', 'flag', 'sp', 'stk0', 'stk1', 'dead0']",13,48,0,0,True,1.0,0
small-015,small,2,sanitize,support,48,"['taint', 'san', 'alias', 'guard', 'ctx']",5,12,0,0,True,4.0,0
small-015,small,2,sanitize,pathseal,48,"['alias', 'guard', 'ctx']",3,12,0,0,True,4.0,0
small-015,small,2,sanitize,call-context,48,"['ctx', 'sp', 'stk0', 'stk1']",4,4,32,192,False,12.0,20
small-015,small,2,sanitize,security-surface,48,"['input', 'taint', 'san', 'alias']",4,11,4,16,False,4.363636363636363,2
small-015,small,2,sanitize,syntax-only,48,[],0,1,44,1056,False,48.0,104
small-015,small,3,branch,exact-state,48,"['input', 'taint', 'san', 'alias', 'guard', 'mode', 'ctx', 'tmp', 'flag', 'sp', 'stk0', 'stk1', 'dead0']",13,48,0,0,True,1.0,0
small-015,small,3,branch,support,48,"['taint', 'alias', 'guard', 'mode', 'ctx']",5,12,0,0,True,4.0,0
small-015,small,3,branch,pathseal,48,"['alias', 'guard', 'ctx']",3,12,0,0,True,4.0,0
small-015,small,3,branch,call-context,48,"['ctx', 'sp', 'stk0', 'stk1']",4,4,32,192,False,12.0,20
small-015,small,3,branch,security-surface,48,"['input', 'taint', 'san', 'alias']",4,11,4,16,False,4.363636363636363,2
small-015,small,3,branch,syntax-only,48,[],0,1,44,1056,False,48.0,110
small-015,small,4,return,exact-state,48,"['input', 'taint', 'san', 'alias', 'guard', 'mode', 'ctx', 'tmp', 'flag', 'sp', 'stk0', 'stk1', 'dead0']",13,48,0,0,True,1.0,0
small-015,small,4,return,support,48,"['alias', 'ctx', 'sp', 'stk0', 'stk1']",5,11,0,0,True,4.363636363636363,0
small-015,small,4,return,pathseal,48,"['alias', 'ctx']",2,11,0,0,True,4.363636363636363,0
small-015,small,4,return,call-context,48,"['ctx', 'sp', 'stk0', 'stk1']",4,4,32,176,False,12.0,20
small-015,small,4,return,security-surface,48,"['input', 'taint', 'san', 'alias']",4,11,0,0,True,4.363636363636363,0
small-015,small,4,return,syntax-only,48,[],0,1,44,1040,False,48.0,112
small-015,small,5,sink,exact-state,48,"['input', 'taint', 'san', 'alias', 'guard', 'mode', 'ctx', 'tmp', 'flag', 'sp', 'stk0', 'stk1', 'dead0']",13,48,0,0,True,1.0,0
small-015,small,5,sink,support,48,"['taint', 'alias', 'mode', 'ctx', 'sp']",5,11,0,0,True,4.363636363636363,0
small-015,small,5,sink,pathseal,48,"['alias', 'ctx']",2,11,0,0,True,4.363636363636363,0
small-015,small,5,sink,call-context,48,"['ctx', 'sp', 'stk0', 'stk1']",4,4,32,176,False,12.0,20
small-015,small,5,sink,security-surface,48,"['input', 'taint', 'san', 'alias']",4,11,0,0,True,4.363636363636363,0
small-015,small,5,sink,syntax-only,48,[],0,1,44,1040,False,48.0,112
small-016,small,0,source,exact-state,48,"['input', 'taint', 'san', 'alias', 'guard', 'mode', 'ctx', 'tmp', 'flag', 'sp', 'stk0', 'stk1', 'dead0']",13,48,0,0,True,1.0,0
small-016,small,0,source,support,48,"['input', 'mode', 'ctx', 'flag', 'sp', 'stk0', 'stk1']",7,12,0,0,True,4.0,0
small-016,small,0,source,pathseal,48,"['input', 'mode', 'ctx']",3,12,0,0,True,4.0,0
small-016,small,0,source,call-context,48,"['ctx', 'sp', 'stk0', 'stk1']",4,4,32,208,False,12.0,24
small-016,small,0,source,security-surface,48,"['input', 'taint', 'san', 'alias']",4,8,16,80,False,6.0,8
small-016,small,0,source,syntax-only,48,[],0,1,44,1056,False,48.0,104
small-016,small,1,propagate,exact-state,48,"['input', 'taint', 'san', 'alias', 'guard', 'mode', 'ctx', 'tmp', 'flag', 'sp', 'stk0', 'stk1', 'dead0']",13,48,0,0,True,1.0,0
small-016,small,1,propagate,support,48,"['input', 'taint', 'alias', 'mode', 'ctx', 'tmp', 'flag']",7,12,0,0,True,4.0,0
small-016,small,1,propagate,pathseal,48,"['input', 'mode', 'ctx']",3,12,0,0,True,4.0,0
small-016,small,1,propagate,call-context,48,"['ctx', 'sp', 'stk0', 'stk1']",4,4,32,208,False,12.0,24
small-016,small,1,propagate,security-surface,48,"['input', 'taint', 'san', 'alias']",4,10,8,32,False,4.8,2
small-016,small,1,propagate,syntax-only,48,[],0,1,44,1056,False,48.0,104
small-016,small,2,sanitize,exact-state,48,"['input', 'taint', 'san', 'alias', 'guard', 'mode', 'ctx', 'tmp', 'flag', 'sp', 'stk0', 'stk1', 'dead0']",13,48,0,0,True,1.0,0
small-016,small,2,sanitize,support,48,"['input', 'taint', 'san', 'mode', 'ctx']",5,12,0,0,True,4.0,0
small-016,small,2,sanitize,pathseal,48,"['input', 'mode', 'ctx']",3,12,0,0,True,4.0,0
small-016,small,2,sanitize,call-context,48,"['ctx', 'sp', 'stk0', 'stk1']",4,4,32,208,False,12.0,24
small-016,small,2,sanitize,security-surface,48,"['input', 'taint', 'san', 'alias']",4,10,8,32,False,4.8,2
small-016,small,2,sanitize,syntax-only,48,[],0,1,44,1056,False,48.0,108
small-016,small,3,branch,exact-state,48,"['input', 'taint', 'san', 'alias', 'guard', 'mode', 'ctx', 'tmp', 'flag', 'sp', 'stk0', 'stk1', 'dead0']",13,48,0,0,True,1.0,0
small-016,small,3,branch,support,48,"['input', 'taint', 'alias', 'guard', 'mode', 'ctx']",6,12,0,0,True,4.0,0
small-016,small,3,branch,pathseal,48,"['input', 'mode', 'ctx']",3,12,0,0,True,4.0,0
small-016,small,3,branch,call-context,48,"['ctx', 'sp', 'stk0', 'stk1']",4,4,32,208,False,12.0,26
small-016,small,3,branch,security-surface,48,"['input', 'taint', 'san', 'alias']",4,8,16,64,False,6.0,6
small-016,small,3,branch,syntax-only,48,[],0,1,44,1056,False,48.0,120
small-016,small,4,return,exact-state,48,"['input', 'taint', 'san', 'alias', 'guard', 'mode', 'ctx', 'tmp', 'flag', 'sp', 'stk0', 'stk1', 'dead0']",13,48,0,0,True,1.0,0
small-016,small,4,return,support,48,"['input', 'mode', 'ctx', 'sp', 'stk0', 'stk1']",6,12,0,0,True,4.0,0
small-016,small,4,return,pathseal,48,"['input', 'mode', 'ctx']",3,12,0,0,True,4.0,0
small-016,small,4,return,call-context,48,"['ctx', 'sp', 'stk0', 'stk1']",4,4,32,208,False,12.0,26
small-016,small,4,return,security-surface,48,"['input', 'taint', 'san', 'alias']",4,8,16,64,False,6.0,6
small-016,small,4,return,syntax-only,48,[],0,1,44,1056,False,48.0,118
small-016,small,5,sink,exact-state,48,"['input', 'taint', 'san', 'alias', 'guard', 'mode', 'ctx', 'tmp', 'flag', 'sp', 'stk0', 'stk1', 'dead0']",13,48,0,0,True,1.0,0
small-016,small,5,sink,support,48,"['taint', 'alias', 'mode', 'ctx', 'sp']",5,12,0,0,True,4.0,0
small-016,small,5,sink,pathseal,48,"['input', 'mode', 'ctx']",3,12,0,0,True,4.0,0
small-016,small,5,sink,call-context,48,"['ctx', 'sp', 'stk0', 'stk1']",4,4,32,208,False,12.0,26
small-016,small,5,sink,security-surface,48,"['input', 'taint', 'san', 'alias']",4,8,16,64,False,6.0,6
small-016,small,5,sink,syntax-only,48,[],0,1,44,1056,False,48.0,118
small-017,small,0,source,exact-state,48,"['input', 'taint', 'san', 'alias', 'guard', 'mode', 'ctx', 'tmp', 'flag', 'sp', 'stk0', 'stk1', 'dead0']",13,48,0,0,True,1.0,0
small-017,small,0,source,support,48,"['input', 'alias', 'guard', 'ctx', 'sp', 'stk0', 'stk1']",7,12,0,0,True,4.0,0
small-017,small,0,source,pathseal,48,"['alias', 'guard', 'ctx']",3,12,0,0,True,4.0,0
small-017,small,0,source,call-context,48,"['ctx', 'sp', 'stk0', 'stk1']",4,4,32,240,False,12.0,28
small-017,small,0,source,security-surface,48,"['input', 'taint', 'san', 'alias']",4,9,12,96,False,5.333333333333333,12
small-017,small,0,source,syntax-only,48,[],0,1,44,1056,False,48.0,110
small-017,small,1,propagate,exact-state,48,"['input', 'taint', 'san', 'alias', 'guard', 'mode', 'ctx', 'tmp', 'flag', 'sp', 'stk0', 'stk1', 'dead0']",13,48,0,0,True,1.0,0
small-017,small,1,propagate,support,48,"['taint', 'alias', 'mode', 'ctx', 'tmp', 'flag']",6,12,0,0,True,4.0,0
small-017,small,1,propagate,pathseal,48,"['alias', 'guard', 'ctx']",3,12,0,0,True,4.0,0
small-017,small,1,propagate,call-context,48,"['ctx', 'sp', 'stk0', 'stk1']",4,4,32,240,False,12.0,28
small-017,small,1,propagate,security-surface,48,"['input', 'taint', 'san', 'alias']",4,9,12,96,False,5.333333333333333,12
small-017,small,1,propagate,syntax-only,48,[],0,1,44,1056,False,48.0,110
small-017,small,2,sanitize,exact-state,48,"['input', 'taint', 'san', 'alias', 'guard', 'mode', 'ctx', 'tmp', 'flag', 'sp', 'stk0', 'stk1', 'dead0']",13,48,0,0,True,1.0,0
small-017,small,2,sanitize,support,48,"['taint', 'san', 'mode', 'ctx', 'tmp']",5,12,0,0,True,4.0,0
small-017,small,2,sanitize,pathseal,48,"['mode', 'ctx', 'tmp']",3,12,0,0,True,4.0,0
small-017,small,2,sanitize,call-context,48,"['ctx', 'sp', 'stk0', 'stk1']",4,4,32,240,False,12.0,30
small-017,small,2,sanitize,security-surface,48,"['input', 'taint', 'san', 'alias']",4,8,16,112,False,6.0,14
small-017,small,2,sanitize,syntax-only,48,[],0,1,44,1056,False,48.0,116
small-017,small,3,branch,exact-state,48,"['input', 'taint', 'san', 'alias', 'guard', 'mode', 'ctx', 'tmp', 'flag', 'sp', 'stk0', 'stk1', 'dead0']",13,48,0,0,True,1.0,0
small-017,small,3,branch,support,48,"['taint', 'san', 'alias', 'guard', 'mode', 'ctx', 'flag']",7,12,0,0,True,4.0,0
small-017,small,3,branch,pathseal,48,"['mode', 'ctx', 'tmp']",3,12,0,0,True,4.0,0
small-017,small,3,branch,call-context,48,"['ctx', 'sp', 'stk0', 'stk1']",4,4,32,240,False,12.0,30
small-017,small,3,branch,security-surface,48,"['input', 'taint', 'san', 'alias']",4,8,16,112,False,6.0,14
small-017,small,3,branch,syntax-only,48,[],0,1,44,1040,False,48.0,118
small-017,small,4,return,exact-state,40,"['input', 'taint', 'san', 'alias', 'guard', 'mode', 'ctx', 'tmp', 'flag', 'sp', 'stk0', 'stk1', 'dead0']",13,40,0,0,True,1.0,0
small-017,small,4,return,support,40,"['san', 'ctx', 'flag', 'sp', 'stk0', 'stk1']",6,10,0,0,True,4.0,0
small-017,small,4,return,pathseal,40,"['san', 'ctx', 'flag']",3,10,0,0,True,4.0,0
small-017,small,4,return,call-context,40,"['ctx', 'sp', 'stk0', 'stk1']",4,4,24,160,False,10.0,20
small-017,small,4,return,security-surface,40,"['input', 'taint', 'san', 'alias']",4,7,12,64,False,5.714285714285714,8
small-017,small,4,return,syntax-only,40,[],0,1,36,720,False,40.0,86
small-017,small,5,sink,exact-state,40,"['input', 'taint', 'san', 'alias', 'guard', 'mode', 'ctx', 'tmp', 'flag', 'sp', 'stk0', 'stk1', 'dead0']",13,40,0,0,True,1.0,0
small-017,small,5,sink,support,40,"['taint', 'alias', 'mode', 'ctx', 'sp']",5,10,0,0,True,4.0,0
small-017,small,5,sink,pathseal,40,"['san', 'ctx', 'flag']",3,10,0,0,True,4.0,0
small-017,small,5,sink,call-context,40,"['ctx', 'sp', 'stk0', 'stk1']",4,4,24,160,False,10.0,20
small-017,small,5,sink,security-surface,40,"['input', 'taint', 'san', 'alias']",4,7,12,64,False,5.714285714285714,8
small-017,small,5,sink,syntax-only,40,[],0,1,36,720,False,40.0,86
small-018,small,0,source,exact-state,48,"['input', 'taint', 'san', 'alias', 'guard', 'mode', 'ctx', 'tmp', 'flag', 'sp', 'stk0', 'stk1', 'dead0']",13,48,0,0,True,1.0,0
small-018,small,0,source,support,48,"['input', 'alias', 'ctx', 'flag', 'sp', 'stk0', 'stk1']",7,12,0,0,True,4.0,0
small-018,small,0,source,pathseal,48,"['input', 'alias', 'ctx']",3,12,0,0,True,4.0,0
small-018,small,0,source,call-context,48,"['ctx', 'sp', 'stk0', 'stk1']",4,4,32,192,False,12.0,24
small-018,small,0,source,security-surface,48,"['input', 'taint', 'san', 'alias']",4,8,16,96,False,6.0,6
small-018,small,0,source,syntax-only,48,[],0,1,44,1056,False,48.0,90
small-018,small,1,propagate,exact-state,48,"['input', 'taint', 'san', 'alias', 'guard', 'mode', 'ctx', 'tmp', 'flag', 'sp', 'stk0', 'stk1', 'dead0']",13,48,0,0,True,1.0,0
small-018,small,1,propagate,support,48,"['input', 'taint', 'alias', 'mode', 'ctx', 'tmp', 'flag']",7,12,0,0,True,4.0,0
small-018,small,1,propagate,pathseal,48,"['input', 'alias', 'ctx']",3,12,0,0,True,4.0,0
small-018,small,1,propagate,call-context,48,"['ctx', 'sp', 'stk0', 'stk1']",4,4,32,192,False,12.0,24
small-018,small,1,propagate,security-surface,48,"['input', 'taint', 'san', 'alias']",4,10,8,32,False,4.8,2
small-018,small,1,propagate,syntax-only,48,[],0,1,44,1056,False,48.0,90
small-018,small,2,sanitize,exact-state,48,"['input', 'taint', 'san', 'alias', 'guard', 'mode', 'ctx', 'tmp', 'flag', 'sp', 'stk0', 'stk1', 'dead0']",13,48,0,0,True,1.0,0
small-018,small,2,sanitize,support,48,"['input', 'taint', 'san', 'alias', 'ctx']",5,12,0,0,True,4.0,0
small-018,small,2,sanitize,pathseal,48,"['input', 'alias', 'ctx']",3,12,0,0,True,4.0,0
small-018,small,2,sanitize,call-context,48,"['ctx', 'sp', 'stk0', 'stk1']",4,4,32,192,False,12.0,24
small-018,small,2,sanitize,security-surface,48,"['input', 'taint', 'san', 'alias']",4,9,12,48,False,5.333333333333333,4
small-018,small,2,sanitize,syntax-only,48,[],0,1,44,1056,False,48.0,90
small-018,small,3,branch,exact-state,48,"['input', 'taint', 'san', 'alias', 'guard', 'mode', 'ctx', 'tmp', 'flag', 'sp', 'stk0', 'stk1', 'dead0']",13,48,0,0,True,1.0,0
small-018,small,3,branch,support,48,"['input', 'taint', 'alias', 'guard', 'mode', 'ctx']",6,12,0,0,True,4.0,0
small-018,small,3,branch,pathseal,48,"['input', 'alias', 'ctx']",3,12,0,0,True,4.0,0
small-018,small,3,branch,call-context,48,"['ctx', 'sp', 'stk0', 'stk1']",4,4,32,192,False,12.0,24
small-018,small,3,branch,security-surface,48,"['input', 'taint', 'san', 'alias']",4,9,12,48,False,5.333333333333333,4
small-018,small,3,branch,syntax-only,48,[],0,1,44,1056,False,48.0,90
small-018,small,4,return,exact-state,44,"['input', 'taint', 'san', 'alias', 'guard', 'mode', 'ctx', 'tmp', 'flag', 'sp', 'stk0', 'stk1', 'dead0']",13,44,0,0,True,1.0,0
small-018,small,4,return,support,44,"['input', 'alias', 'ctx', 'sp', 'stk0', 'stk1']",6,11,0,0,True,4.0,0
small-018,small,4,return,pathseal,44,"['input', 'alias', 'ctx']",3,11,0,0,True,4.0,0
small-018,small,4,return,call-context,44,"['ctx', 'sp', 'stk0', 'stk1']",4,4,28,160,False,11.0,20
small-018,small,4,return,security-surface,44,"['input', 'taint', 'san', 'alias']",4,9,8,32,False,4.888888888888889,4
small-018,small,4,return,syntax-only,44,[],0,1,40,880,False,44.0,90
small-018,small,5,sink,exact-state,44,"['input', 'taint', 'san', 'alias', 'guard', 'mode', 'ctx', 'tmp', 'flag', 'sp', 'stk0', 'stk1', 'dead0']",13,44,0,0,True,1.0,0
small-018,small,5,sink,support,44,"['taint', 'alias', 'mode', 'ctx', 'sp']",5,11,0,0,True,4.0,0
small-018,small,5,sink,pathseal,44,"['input', 'alias', 'ctx']",3,11,0,0,True,4.0,0
small-018,small,5,sink,call-context,44,"['ctx', 'sp', 'stk0', 'stk1']",4,4,28,160,False,11.0,20
small-018,small,5,sink,security-surface,44,"['input', 'taint', 'san', 'alias']",4,9,8,32,False,4.888888888888889,4
small-018,small,5,sink,syntax-only,44,[],0,1,40,880,False,44.0,90
small-019,small,0,source,exact-state,48,"['input', 'taint', 'san', 'alias', 'guard', 'mode', 'ctx', 'tmp', 'flag', 'sp', 'stk0', 'stk1', 'dead0']",13,48,0,0,True,1.0,0
small-019,small,0,source,support,48,"['input', 'alias', 'ctx', 'sp', 'stk0', 'stk1']",6,12,0,0,True,4.0,0
small-019,small,0,source,pathseal,48,"['input', 'alias', 'ctx']",3,12,0,0,True,4.0,0
small-019,small,0,source,call-context,48,"['ctx', 'sp', 'stk0', 'stk1']",4,4,32,240,False,12.0,28
small-019,small,0,source,security-surface,48,"['input', 'taint', 'san', 'alias']",4,6,24,144,False,8.0,10
small-019,small,0,source,syntax-only,48,[],0,1,44,1056,False,48.0,88
small-019,small,1,propagate,exact-state,48,"['input', 'taint', 'san', 'alias', 'guard', 'mode', 'ctx', 'tmp', 'flag', 'sp', 'stk0', 'stk1', 'dead0']",13,48,0,0,True,1.0,0
small-019,small,1,propagate,support,48,"['input', 'taint', 'alias', 'mode', 'ctx', 'tmp', 'flag']",7,12,0,0,True,4.0,0
small-019,small,1,propagate,pathseal,48,"['input', 'alias', 'ctx']",3,12,0,0,True,4.0,0
small-019,small,1,propagate,call-context,48,"['ctx', 'sp', 'stk0', 'stk1']",4,4,32,240,False,12.0,28
small-019,small,1,propagate,security-surface,48,"['input', 'taint', 'san', 'alias']",4,6,24,144,False,8.0,10
small-019,small,1,propagate,syntax-only,48,[],0,1,44,1056,False,48.0,88
small-019,small,2,sanitize,exact-state,48,"['input', 'taint', 'san', 'alias', 'guard', 'mode', 'ctx', 'tmp', 'flag', 'sp', 'stk0', 'stk1', 'dead0']",13,48,0,0,True,1.0,0
small-019,small,2,sanitize,support,48,"['input', 'taint', 'san', 'mode', 'ctx']",5,12,0,0,True,4.0,0
small-019,small,2,sanitize,pathseal,48,"['input', 'mode', 'ctx']",3,12,0,0,True,4.0,0
small-019,small,2,sanitize,call-context,48,"['ctx', 'sp', 'stk0', 'stk1']",4,4,32,240,False,12.0,28
small-019,small,2,sanitize,security-surface,48,"['input', 'taint', 'san', 'alias']",4,10,8,32,False,4.8,4
small-019,small,2,sanitize,syntax-only,48,[],0,1,44,1056,False,48.0,88
small-019,small,3,branch,exact-state,48,"['input', 'taint', 'san', 'alias', 'guard', 'mode', 'ctx', 'tmp', 'flag', 'sp', 'stk0', 'stk1', 'dead0']",13,48,0,0,True,1.0,0
small-019,small,3,branch,support,48,"['input', 'taint', 'san', 'alias', 'guard', 'mode', 'ctx']",7,12,0,0,True,4.0,0
small-019,small,3,branch,pathseal,48,"['input', 'mode', 'ctx']",3,12,0,0,True,4.0,0
small-019,small,3,branch,call-context,48,"['ctx', 'sp', 'stk0', 'stk1']",4,4,32,240,False,12.0,30
small-019,small,3,branch,security-surface,48,"['input', 'taint', 'san', 'alias']",4,10,8,32,False,4.8,4
small-019,small,3,branch,syntax-only,48,[],0,1,44,1056,False,48.0,98
small-019,small,4,return,exact-state,44,"['input', 'taint', 'san', 'alias', 'guard', 'mode', 'ctx', 'tmp', 'flag', 'sp', 'stk0', 'stk1', 'dead0']",13,44,0,0,True,1.0,0
small-019,small,4,return,support,44,"['input', 'san', 'ctx', 'sp', 'stk0', 'stk1']",6,11,0,0,True,4.0,0
small-019,small,4,return,pathseal,44,"['input', 'san', 'ctx']",3,11,0,0,True,4.0,0
small-019,small,4,return,call-context,44,"['ctx', 'sp', 'stk0', 'stk1']",4,4,28,192,False,11.0,24
small-019,small,4,return,security-surface,44,"['input', 'taint', 'san', 'alias']",4,10,4,16,False,4.4,2
small-019,small,4,return,syntax-only,44,[],0,1,40,880,False,44.0,84
small-019,small,5,sink,exact-state,44,"['input', 'taint', 'san', 'alias', 'guard', 'mode', 'ctx', 'tmp', 'flag', 'sp', 'stk0', 'stk1', 'dead0']",13,44,0,0,True,1.0,0
small-019,small,5,sink,support,44,"['taint', 'alias', 'mode', 'ctx', 'sp']",5,11,0,0,True,4.0,0
small-019,small,5,sink,pathseal,44,"['input', 'san', 'ctx']",3,11,0,0,True,4.0,0
small-019,small,5,sink,call-context,44,"['ctx', 'sp', 'stk0', 'stk1']",4,4,28,192,False,11.0,24
small-019,small,5,sink,security-surface,44,"['input', 'taint', 'san', 'alias']",4,10,4,16,False,4.4,2
small-019,small,5,sink,syntax-only,44,[],0,1,40,880,False,44.0,84
small-020,small,0,source,exact-state,48,"['input', 'taint', 'san', 'alias', 'guard', 'mode', 'ctx', 'tmp', 'flag', 'sp', 'stk0', 'stk1', 'dead0']",13,48,0,0,True,1.0,0
small-020,small,0,source,support,48,"['input', 'san', 'guard', 'mode', 'ctx', 'flag', 'sp', 'stk0', 'stk1']",9,12,0,0,True,4.0,0
small-020,small,0,source,pathseal,48,"['san', 'guard', 'mode']",3,12,0,0,True,4.0,0
small-020,small,0,source,call-context,48,"['ctx', 'sp', 'stk0', 'stk1']",4,4,32,304,False,12.0,32
small-020,small,0,source,security-surface,48,"['input', 'taint', 'san', 'alias']",4,9,12,64,False,5.333333333333333,6
small-020,small,0,source,syntax-only,48,[],0,1,44,1056,False,48.0,96
small-020,small,1,propagate,exact-state,48,"['input', 'taint', 'san', 'alias', 'guard', 'mode', 'ctx', 'tmp', 'flag', 'sp', 'stk0', 'stk1', 'dead0']",13,48,0,0,True,1.0,0
small-020,small,1,propagate,support,48,"['taint', 'san', 'alias', 'guard', 'mode', 'tmp', 'flag']",7,12,0,0,True,4.0,0
small-020,small,1,propagate,pathseal,48,"['san', 'guard', 'mode']",3,12,0,0,True,4.0,0
small-020,small,1,propagate,call-context,48,"['ctx', 'sp', 'stk0', 'stk1']",4,4,32,304,False,12.0,32
small-020,small,1,propagate,security-surface,48,"['input', 'taint', 'san', 'alias']",4,11,4,16,False,4.363636363636363,2
small-020,small,1,propagate,syntax-only,48,[],0,1,44,1056,False,48.0,96
small-020,small,2,sanitize,exact-state,48,"['input', 'taint', 'san', 'alias', 'guard', 'mode', 'ctx', 'tmp', 'flag', 'sp', 'stk0', 'stk1', 'dead0']",13,48,0,0,True,1.0,0
small-020,small,2,sanitize,support,48,"['taint', 'san', 'guard', 'mode']",4,12,0,0,True,4.0,0
small-020,small,2,sanitize,pathseal,48,"['san', 'guard', 'mode']",3,12,0,0,True,4.0,0
small-020,small,2,sanitize,call-context,48,"['ctx', 'sp', 'stk0', 'stk1']",4,4,32,304,False,12.0,32
small-020,small,2,sanitize,security-surface,48,"['input', 'taint', 'san', 'alias']",4,10,8,32,False,4.8,4
small-020,small,2,sanitize,syntax-only,48,[],0,1,44,1056,False,48.0,104
small-020,small,3,branch,exact-state,48,"['input', 'taint', 'san', 'alias', 'guard', 'mode', 'ctx', 'tmp', 'flag', 'sp', 'stk0', 'stk1', 'dead0']",13,48,0,0,True,1.0,0
small-020,small,3,branch,support,48,"['input', 'taint', 'san', 'alias', 'guard', 'mode']",6,12,0,0,True,4.0,0
small-020,small,3,branch,pathseal,48,"['san', 'guard', 'mode']",3,12,0,0,True,4.0,0
small-020,small,3,branch,call-context,48,"['ctx', 'sp', 'stk0', 'stk1']",4,4,32,304,False,12.0,36
small-020,small,3,branch,security-surface,48,"['input', 'taint', 'san', 'alias']",4,9,12,48,False,5.333333333333333,6
small-020,small,3,branch,syntax-only,48,[],0,1,44,1056,False,48.0,116
small-020,small,4,return,exact-state,44,"['input', 'taint', 'san', 'alias', 'guard', 'mode', 'ctx', 'tmp', 'flag', 'sp', 'stk0', 'stk1', 'dead0']",13,44,0,0,True,1.0,0
small-020,small,4,return,support,44,"['input', 'san', 'mode', 'ctx', 'sp', 'stk0', 'stk1']",7,11,0,0,True,4.0,0
small-020,small,4,return,pathseal,44,"['input', 'san', 'mode']",3,11,0,0,True,4.0,0
small-020,small,4,return,call-context,44,"['ctx', 'sp', 'stk0', 'stk1']",4,4,28,224,False,11.0,26
small-020,small,4,return,security-surface,44,"['input', 'taint', 'san', 'alias']",4,8,12,48,False,5.5,6
small-020,small,4,return,syntax-only,44,[],0,1,40,880,False,44.0,102
small-020,small,5,sink,exact-state,44,"['input', 'taint', 'san', 'alias', 'guard', 'mode', 'ctx', 'tmp', 'flag', 'sp', 'stk0', 'stk1', 'dead0']",13,44,0,0,True,1.0,0
small-020,small,5,sink,support,44,"['taint', 'alias', 'mode', 'ctx', 'sp']",5,10,0,0,True,4.4,0
small-020,small,5,sink,pathseal,44,"['input', 'san', 'mode']",3,11,0,0,True,4.0,0
small-020,small,5,sink,call-context,44,"['ctx', 'sp', 'stk0', 'stk1']",4,4,24,208,False,11.0,24
small-020,small,5,sink,security-surface,44,"['input', 'taint', 'san', 'alias']",4,8,12,48,False,5.5,6
small-020,small,5,sink,syntax-only,44,[],0,1,36,864,False,44.0,100
small-021,small,0,source,exact-state,48,"['input', 'taint', 'san', 'alias', 'guard', 'mode', 'ctx', 'tmp', 'flag', 'sp', 'stk0', 'stk1', 'dead0']",13,48,0,0,True,1.0,0
small-021,small,0,source,support,48,"['input', 'alias', 'ctx', 'flag', 'sp', 'stk0', 'stk1']",7,12,0,0,True,4.0,0
small-021,small,0,source,pathseal,48,"['alias', 'ctx', 'flag']",3,12,0,0,True,4.0,0
small-021,small,0,source,call-context,48,"['ctx', 'sp', 'stk0', 'stk1']",4,4,32,208,False,12.0,26
small-021,small,0,source,security-surface,48,"['input', 'taint', 'san', 'alias']",4,8,16,64,False,6.0,8
small-021,small,0,source,syntax-only,48,[],0,1,44,1056,False,48.0,96
small-021,small,1,propagate,exact-state,48,"['input', 'taint', 'san', 'alias', 'guard', 'mode', 'ctx', 'tmp', 'flag', 'sp', 'stk0', 'stk1', 'dead0']",13,48,0,0,True,1.0,0
small-021,small,1,propagate,support,48,"['taint', 'san', 'alias', 'mode', 'ctx', 'tmp', 'flag']",7,12,0,0,True,4.0,0
small-021,small,1,propagate,pathseal,48,"['alias', 'ctx', 'flag']",3,12,0,0,True,4.0,0
small-021,small,1,propagate,call-context,48,"['ctx', 'sp', 'stk0', 'stk1']",4,4,32,208,False,12.0,26
small-021,small,1,propagate,security-surface,48,"['input', 'taint', 'san', 'alias']",4,8,16,64,False,6.0,8
small-021,small,1,propagate,syntax-only,48,[],0,1,44,1056,False,48.0,96
small-021,small,2,sanitize,exact-state,48,"['input', 'taint', 'san', 'alias', 'guard', 'mode', 'ctx', 'tmp', 'flag', 'sp', 'stk0', 'stk1', 'dead0']",13,48,0,0,True,1.0,0
small-021,small,2,sanitize,support,48,"['taint', 'san', 'alias', 'ctx']",4,12,0,0,True,4.0,0
small-021,small,2,sanitize,pathseal,48,"['san', 'alias', 'ctx']",3,12,0,0,True,4.0,0
small-021,small,2,sanitize,call-context,48,"['ctx', 'sp', 'stk0', 'stk1']",4,4,32,208,False,12.0,26
small-021,small,2,sanitize,security-surface,48,"['input', 'taint', 'san', 'alias']",4,8,16,64,False,6.0,8
small-021,small,2,sanitize,syntax-only,48,[],0,1,44,1056,False,48.0,102
small-021,small,3,branch,exact-state,48,"['input', 'taint', 'san', 'alias', 'guard', 'mode', 'ctx', 'tmp', 'flag', 'sp', 'stk0', 'stk1', 'dead0']",13,48,0,0,True,1.0,0
small-021,small,3,branch,support,48,"['input', 'taint', 'san', 'alias', 'guard', 'mode', 'ctx']",7,12,0,0,True,4.0,0
small-021,small,3,branch,pathseal,48,"['san', 'alias', 'ctx']",3,12,0,0,True,4.0,0
small-021,small,3,branch,call-context,48,"['ctx', 'sp', 'stk0', 'stk1']",4,4,32,208,False,12.0,26
small-021,small,3,branch,security-surface,48,"['input', 'taint', 'san', 'alias']",4,8,16,64,False,6.0,8
small-021,small,3,branch,syntax-only,48,[],0,1,36,1008,False,48.0,98
small-021,small,4,return,exact-state,36,"['input', 'taint', 'san', 'alias', 'guard', 'mode', 'ctx', 'tmp', 'flag', 'sp', 'stk0', 'stk1', 'dead0']",13,36,0,0,True,1.0,0
small-021,small,4,return,support,36,"['input', 'san', 'ctx', 'sp', 'stk0', 'stk1']",6,9,0,0,True,4.0,0
small-021,small,4,return,pathseal,36,"['input', 'san', 'ctx']",3,9,0,0,True,4.0,0
small-021,small,4,return,call-context,36,"['ctx', 'sp', 'stk0', 'stk1']",4,4,20,96,False,9.0,12
small-021,small,4,return,security-surface,36,"['input', 'taint', 'san', 'alias']",4,6,12,48,False,6.0,6
small-021,small,4,return,syntax-only,36,[],0,1,32,576,False,36.0,62
small-021,small,5,sink,exact-state,36,"['input', 'taint', 'san', 'alias', 'guard', 'mode', 'ctx', 'tmp', 'flag', 'sp', 'stk0', 'stk1', 'dead0']",13,36,0,0,True,1.0,0
small-021,small,5,sink,support,36,"['taint', 'alias', 'mode', 'ctx', 'sp']",5,9,0,0,True,4.0,0
small-021,small,5,sink,pathseal,36,"['input', 'san', 'ctx']",3,9,0,0,True,4.0,0
small-021,small,5,sink,call-context,36,"['ctx', 'sp', 'stk0', 'stk1']",4,4,20,96,False,9.0,12
small-021,small,5,sink,security-surface,36,"['input', 'taint', 'san', 'alias']",4,6,12,48,False,6.0,6
small-021,small,5,sink,syntax-only,36,[],0,1,32,576,False,36.0,62
small-022,small,0,source,exact-state,48,"['input', 'taint', 'san', 'alias', 'guard', 'mode', 'ctx', 'tmp', 'flag', 'sp', 'stk0', 'stk1', 'dead0']",13,48,0,0,True,1.0,0
small-022,small,0,source,support,48,"['input', 'alias', 'ctx', 'flag', 'sp', 'stk0', 'stk1']",7,12,0,0,True,4.0,0
small-022,small,0,source,pathseal,48,"['input', 'alias', 'ctx']",3,12,0,0,True,4.0,0
small-022,small,0,source,call-context,48,"['ctx', 'sp', 'stk0', 'stk1']",4,4,32,192,False,12.0,24
small-022,small,0,source,security-surface,48,"['input', 'taint', 'san', 'alias']",4,11,4,16,False,4.363636363636363,2
small-022,small,0,source,syntax-only,48,[],0,1,44,1056,False,48.0,88
small-022,small,1,propagate,exact-state,48,"['input', 'taint', 'san', 'alias', 'guard', 'mode', 'ctx', 'tmp', 'flag', 'sp', 'stk0', 'stk1', 'dead0']",13,48,0,0,True,1.0,0
small-022,small,1,propagate,support,48,"['input', 'taint', 'alias', 'mode', 'tmp', 'flag']",6,12,0,0,True,4.0,0
small-022,small,1,propagate,pathseal,48,"['input', 'alias', 'ctx']",3,12,0,0,True,4.0,0
small-022,small,1,propagate,call-context,48,"['ctx', 'sp', 'stk0', 'stk1']",4,4,32,192,False,12.0,24
small-022,small,1,propagate,security-surface,48,"['input', 'taint', 'san', 'alias']",4,11,4,16,False,4.363636363636363,2
small-022,small,1,propagate,syntax-only,48,[],0,1,44,1056,False,48.0,88
small-022,small,2,sanitize,exact-state,48,"['input', 'taint', 'san', 'alias', 'guard', 'mode', 'ctx', 'tmp', 'flag', 'sp', 'stk0', 'stk1', 'dead0']",13,48,0,0,True,1.0,0
small-022,small,2,sanitize,support,48,"['input', 'taint', 'san', 'alias', 'ctx']",5,12,0,0,True,4.0,0
small-022,small,2,sanitize,pathseal,48,"['input', 'taint', 'alias']",3,12,0,0,True,4.0,0
small-022,small,2,sanitize,call-context,48,"['ctx', 'sp', 'stk0', 'stk1']",4,4,32,192,False,12.0,24
small-022,small,2,sanitize,security-surface,48,"['input', 'taint', 'san', 'alias']",4,12,0,0,True,4.0,0
small-022,small,2,sanitize,syntax-only,48,[],0,1,44,1056,False,48.0,96
small-022,small,3,branch,exact-state,48,"['input', 'taint', 'san', 'alias', 'guard', 'mode', 'ctx', 'tmp', 'flag', 'sp', 'stk0', 'stk1', 'dead0']",13,48,0,0,True,1.0,0
small-022,small,3,branch,support,48,"['input', 'taint', 'alias', 'guard', 'mode', 'ctx']",6,12,0,0,True,4.0,0
small-022,small,3,branch,pathseal,48,"['input', 'alias', 'ctx']",3,12,0,0,True,4.0,0
small-022,small,3,branch,call-context,48,"['ctx', 'sp', 'stk0', 'stk1']",4,4,32,192,False,12.0,24
small-022,small,3,branch,security-surface,48,"['input', 'taint', 'san', 'alias']",4,12,0,0,True,4.0,0
small-022,small,3,branch,syntax-only,48,[],0,1,44,1040,False,48.0,96
small-022,small,4,return,exact-state,40,"['input', 'taint', 'san', 'alias', 'guard', 'mode', 'ctx', 'tmp', 'flag', 'sp', 'stk0', 'stk1', 'dead0']",13,40,0,0,True,1.0,0
small-022,small,4,return,support,40,"['input', 'taint', 'ctx', 'sp', 'stk0', 'stk1']",6,10,0,0,True,4.0,0
small-022,small,4,return,pathseal,40,"['input', 'taint', 'ctx']",3,10,0,0,True,4.0,0
small-022,small,4,return,call-context,40,"['ctx', 'sp', 'stk0', 'stk1']",4,4,24,128,False,10.0,16
small-022,small,4,return,security-surface,40,"['input', 'taint', 'san', 'alias']",4,10,0,0,True,4.0,0
small-022,small,4,return,syntax-only,40,[],0,1,36,720,False,40.0,80
small-022,small,5,sink,exact-state,40,"['input', 'taint', 'san', 'alias', 'guard', 'mode', 'ctx', 'tmp', 'flag', 'sp', 'stk0', 'stk1', 'dead0']",13,40,0,0,True,1.0,0
small-022,small,5,sink,support,40,"['taint', 'alias', 'mode', 'ctx', 'sp']",5,10,0,0,True,4.0,0
small-022,small,5,sink,pathseal,40,"['input', 'taint', 'ctx']",3,10,0,0,True,4.0,0
small-022,small,5,sink,call-context,40,"['ctx', 'sp', 'stk0', 'stk1']",4,4,24,128,False,10.0,16
small-022,small,5,sink,security-surface,40,"['input', 'taint', 'san', 'alias']",4,10,0,0,True,4.0,0
small-022,small,5,sink,syntax-only,40,[],0,1,36,720,False,40.0,80
small-023,small,0,source,exact-state,48,"['input', 'taint', 'san', 'alias', 'guard', 'mode', 'ctx', 'tmp', 'flag', 'sp', 'stk0', 'stk1', 'dead0']",13,48,0,0,True,1.0,0
small-023,small,0,source,support,48,"['input', 'alias', 'mode', 'ctx', 'sp', 'stk0', 'stk1']",7,12,0,0,True,4.0,0
small-023,small,0,source,pathseal,48,"['input', 'alias', 'mode']",3,12,0,0,True,4.0,0
small-023,small,0,source,call-context,48,"['ctx', 'sp', 'stk0', 'stk1']",4,4,32,240,False,12.0,24
small-023,small,0,source,security-surface,48,"['input', 'taint', 'san', 'alias']",4,8,16,64,False,6.0,6
small-023,small,0,source,syntax-only,48,[],0,1,44,1056,False,48.0,94
small-023,small,1,propagate,exact-state,48,"['input', 'taint', 'san', 'alias', 'guard', 'mode', 'ctx', 'tmp', 'flag', 'sp', 'stk0', 'stk1', 'dead0']",13,48,0,0,True,1.0,0
small-023,small,1,propagate,support,48,"['input', 'taint', 'alias', 'mode', 'tmp', 'flag']",6,12,0,0,True,4.0,0
small-023,small,1,propagate,pathseal,48,"['input', 'alias', 'mode']",3,12,0,0,True,4.0,0
small-023,small,1,propagate,call-context,48,"['ctx', 'sp', 'stk0', 'stk1']",4,4,32,240,False,12.0,24
small-023,small,1,propagate,security-surface,48,"['input', 'taint', 'san', 'alias']",4,8,16,64,False,6.0,6
small-023,small,1,propagate,syntax-only,48,[],0,1,44,1056,False,48.0,94
small-023,small,2,sanitize,exact-state,48,"['input', 'taint', 'san', 'alias', 'guard', 'mode', 'ctx', 'tmp', 'flag', 'sp', 'stk0', 'stk1', 'dead0']",13,48,0,0,True,1.0,0
small-023,small,2,sanitize,support,48,"['input', 'taint', 'san', 'alias', 'mode']",5,12,0,0,True,4.0,0
small-023,small,2,sanitize,pathseal,48,"['input', 'alias', 'mode']",3,12,0,0,True,4.0,0
small-023,small,2,sanitize,call-context,48,"['ctx', 'sp', 'stk0', 'stk1']",4,4,32,240,False,12.0,26
small-023,small,2,sanitize,security-surface,48,"['input', 'taint', 'san', 'alias']",4,9,12,48,False,5.333333333333333,4
small-023,small,2,sanitize,syntax-only,48,[],0,1,44,1056,False,48.0,102
small-023,small,3,branch,exact-state,48,"['input', 'taint', 'san', 'alias', 'guard', 'mode', 'ctx', 'tmp', 'flag', 'sp', 'stk0', 'stk1', 'dead0']",13,48,0,0,True,1.0,0
small-023,small,3,branch,support,48,"['input', 'taint', 'alias', 'guard', 'mode']",5,12,0,0,True,4.0,0
small-023,small,3,branch,pathseal,48,"['input', 'alias', 'mode']",3,12,0,0,True,4.0,0
small-023,small,3,branch,call-context,48,"['ctx', 'sp', 'stk0', 'stk1']",4,4,32,240,False,12.0,26
small-023,small,3,branch,security-surface,48,"['input', 'taint', 'san', 'alias']",4,9,12,48,False,5.333333333333333,4
small-023,small,3,branch,syntax-only,48,[],0,1,44,1056,False,48.0,108
small-023,small,4,return,exact-state,44,"['input', 'taint', 'san', 'alias', 'guard', 'mode', 'ctx', 'tmp', 'flag', 'sp', 'stk0', 'stk1', 'dead0']",13,44,0,0,True,1.0,0
small-023,small,4,return,support,44,"['input', 'alias', 'mode', 'ctx', 'sp', 'stk0', 'stk1']",7,11,0,0,True,4.0,0
small-023,small,4,return,pathseal,44,"['input', 'alias', 'mode']",3,11,0,0,True,4.0,0
small-023,small,4,return,call-context,44,"['ctx', 'sp', 'stk0', 'stk1']",4,4,28,176,False,11.0,20
small-023,small,4,return,security-surface,44,"['input', 'taint', 'san', 'alias']",4,8,12,48,False,5.5,4
small-023,small,4,return,syntax-only,44,[],0,1,40,880,False,44.0,98
small-023,small,5,sink,exact-state,44,"['input', 'taint', 'san', 'alias', 'guard', 'mode', 'ctx', 'tmp', 'flag', 'sp', 'stk0', 'stk1', 'dead0']",13,44,0,0,True,1.0,0
small-023,small,5,sink,support,44,"['taint', 'alias', 'mode', 'ctx', 'sp']",5,10,0,0,True,4.4,0
small-023,small,5,sink,pathseal,44,"['input', 'alias', 'mode']",3,11,0,0,True,4.0,0
small-023,small,5,sink,call-context,44,"['ctx', 'sp', 'stk0', 'stk1']",4,4,24,160,False,11.0,18
small-023,small,5,sink,security-surface,44,"['input', 'taint', 'san', 'alias']",4,8,12,48,False,5.5,4
small-023,small,5,sink,syntax-only,44,[],0,1,36,864,False,44.0,96
small-024,small,0,source,exact-state,48,"['input', 'taint', 'san', 'alias', 'guard', 'mode', 'ctx', 'tmp', 'flag', 'sp', 'stk0', 'stk1', 'dead0']",13,48,0,0,True,1.0,0
small-024,small,0,source,support,48,"['input', 'alias', 'mode', 'ctx', 'flag', 'sp', 'stk0', 'stk1']",8,12,0,0,True,4.0,0
small-024,small,0,source,pathseal,48,"['input', 'san', 'tmp', 'flag']",4,12,0,0,True,4.0,0
small-024,small,0,source,call-context,48,"['ctx', 'sp', 'stk0', 'stk1']",4,4,32,240,False,12.0,28
small-024,small,0,source,security-surface,48,"['input', 'taint', 'san', 'alias']",4,10,8,32,False,4.8,4
small-024,small,0,source,syntax-only,48,[],0,1,44,1056,False,48.0,88
small-024,small,1,propagate,exact-state,48,"['input', 'taint', 'san', 'alias', 'guard', 'mode', 'ctx', 'tmp', 'flag', 'sp', 'stk0', 'stk1', 'dead0']",13,48,0,0,True,1.0,0
small-024,small,1,propagate,support,48,"['input', 'taint', 'alias', 'mode', 'ctx', 'tmp', 'flag']",7,12,0,0,True,4.0,0
small-024,small,1,propagate,pathseal,48,"['taint', 'alias', 'mode']",3,12,0,0,True,4.0,0
small-024,small,1,propagate,call-context,48,"['ctx', 'sp', 'stk0', 'stk1']",4,4,32,240,False,12.0,28
small-024,small,1,propagate,security-surface,48,"['input', 'taint', 'san', 'alias']",4,11,4,16,False,4.363636363636363,2
small-024,small,1,propagate,syntax-only,48,[],0,1,44,1056,False,48.0,88
small-024,small,2,sanitize,exact-state,48,"['input', 'taint', 'san', 'alias', 'guard', 'mode', 'ctx', 'tmp', 'flag', 'sp', 'stk0', 'stk1', 'dead0']",13,48,0,0,True,1.0,0
small-024,small,2,sanitize,support,48,"['input', 'taint', 'san', 'alias', 'ctx']",5,12,0,0,True,4.0,0
small-024,small,2,sanitize,pathseal,48,"['input', 'alias', 'ctx']",3,12,0,0,True,4.0,0
small-024,small,2,sanitize,call-context,48,"['ctx', 'sp', 'stk0', 'stk1']",4,4,32,240,False,12.0,28
small-024,small,2,sanitize,security-surface,48,"['input', 'taint', 'san', 'alias']",4,12,0,0,True,4.0,0
small-024,small,2,sanitize,syntax-only,48,[],0,1,44,1056,False,48.0,98
small-024,small,3,branch,exact-state,48,"['input', 'taint', 'san', 'alias', 'guard', 'mode', 'ctx', 'tmp', 'flag', 'sp', 'stk0', 'stk1', 'dead0']",13,48,0,0,True,1.0,0
small-024,small,3,branch,support,48,"['input', 'taint', 'alias', 'guard', 'mode', 'ctx']",6,12,0,0,True,4.0,0
small-024,small,3,branch,pathseal,48,"['input', 'alias', 'ctx']",3,12,0,0,True,4.0,0
small-024,small,3,branch,call-context,48,"['ctx', 'sp', 'stk0', 'stk1']",4,4,32,240,False,12.0,28
small-024,small,3,branch,security-surface,48,"['input', 'taint', 'san', 'alias']",4,11,4,16,False,4.363636363636363,2
small-024,small,3,branch,syntax-only,48,[],0,1,44,1056,False,48.0,104
small-024,small,4,return,exact-state,48,"['input', 'taint', 'san', 'alias', 'guard', 'mode', 'ctx', 'tmp', 'flag', 'sp', 'stk0', 'stk1', 'dead0']",13,48,0,0,True,1.0,0
small-024,small,4,return,support,48,"['input', 'alias', 'ctx', 'sp', 'stk0', 'stk1']",6,12,0,0,True,4.0,0
small-024,small,4,return,pathseal,48,"['input', 'alias', 'ctx']",3,12,0,0,True,4.0,0
small-024,small,4,return,call-context,48,"['ctx', 'sp', 'stk0', 'stk1']",4,4,32,240,False,12.0,28
small-024,small,4,return,security-surface,48,"['input', 'taint', 'san', 'alias']",4,11,4,16,False,4.363636363636363,2
small-024,small,4,return,syntax-only,48,[],0,1,44,1056,False,48.0,114
small-024,small,5,sink,exact-state,48,"['input', 'taint', 'san', 'alias', 'guard', 'mode', 'ctx', 'tmp', 'flag', 'sp', 'stk0', 'stk1', 'dead0']",13,48,0,0,True,1.0,0
small-024,small,5,sink,support,48,"['taint', 'alias', 'mode', 'ctx', 'sp']",5,11,0,0,True,4.363636363636363,0
small-024,small,5,sink,pathseal,48,"['input', 'alias', 'ctx']",3,12,0,0,True,4.0,0
small-024,small,5,sink,call-context,48,"['ctx', 'sp', 'stk0', 'stk1']",4,4,32,224,False,12.0,26
small-024,small,5,sink,security-surface,48,"['input', 'taint', 'san', 'alias']",4,11,4,16,False,4.363636363636363,2
small-024,small,5,sink,syntax-only,48,[],0,1,44,1040,False,48.0,112
small-025,small,0,source,exact-state,48,"['input', 'taint', 'san', 'alias', 'guard', 'mode', 'ctx', 'tmp', 'flag', 'sp', 'stk0', 'stk1', 'dead0']",13,48,0,0,True,1.0,0
small-025,small,0,source,support,48,"['input', 'san', 'ctx', 'tmp', 'sp', 'stk0', 'stk1']",7,12,0,0,True,4.0,0
small-025,small,0,source,pathseal,48,"['san', 'ctx', 'tmp']",3,12,0,0,True,4.0,0
small-025,small,0,source,call-context,48,"['ctx', 'sp', 'stk0', 'stk1']",4,4,32,208,False,12.0,22
small-025,small,0,source,security-surface,48,"['input', 'taint', 'san', 'alias']",4,8,16,80,False,6.0,10
small-025,small,0,source,syntax-only,48,[],0,1,44,1056,False,48.0,104
small-025,small,1,propagate,exact-state,48,"['input', 'taint', 'san', 'alias', 'guard', 'mode', 'ctx', 'tmp', 'flag', 'sp', 'stk0', 'stk1', 'dead0']",13,48,0,0,True,1.0,0
small-025,small,1,propagate,support,48,"['taint', 'san', 'alias', 'mode', 'ctx', 'tmp', 'flag']",7,12,0,0,True,4.0,0
small-025,small,1,propagate,pathseal,48,"['san', 'ctx', 'tmp']",3,12,0,0,True,4.0,0
small-025,small,1,propagate,call-context,48,"['ctx', 'sp', 'stk0', 'stk1']",4,4,32,208,False,12.0,22
small-025,small,1,propagate,security-surface,48,"['input', 'taint', 'san', 'alias']",4,8,16,80,False,6.0,10
small-025,small,1,propagate,syntax-only,48,[],0,1,44,1056,False,48.0,104
small-025,small,2,sanitize,exact-state,48,"['input', 'taint', 'san', 'alias', 'guard', 'mode', 'ctx', 'tmp', 'flag', 'sp', 'stk0', 'stk1', 'dead0']",13,48,0,0,True,1.0,0
small-025,small,2,sanitize,support,48,"['taint', 'san', 'alias', 'ctx']",4,12,0,0,True,4.0,0
small-025,small,2,sanitize,pathseal,48,"['san', 'alias', 'ctx']",3,12,0,0,True,4.0,0
small-025,small,2,sanitize,call-context,48,"['ctx', 'sp', 'stk0', 'stk1']",4,4,32,208,False,12.0,22
small-025,small,2,sanitize,security-surface,48,"['input', 'taint', 'san', 'alias']",4,7,20,96,False,6.857142857142857,10
small-025,small,2,sanitize,syntax-only,48,[],0,1,44,1056,False,48.0,110
small-025,small,3,branch,exact-state,48,"['input', 'taint', 'san', 'alias', 'guard', 'mode', 'ctx', 'tmp', 'flag', 'sp', 'stk0', 'stk1', 'dead0']",13,48,0,0,True,1.0,0
small-025,small,3,branch,support,48,"['taint', 'san', 'alias', 'guard', 'mode', 'ctx']",6,12,0,0,True,4.0,0
small-025,small,3,branch,pathseal,48,"['san', 'alias', 'ctx']",3,12,0,0,True,4.0,0
small-025,small,3,branch,call-context,48,"['ctx', 'sp', 'stk0', 'stk1']",4,4,32,208,False,12.0,22
small-025,small,3,branch,security-surface,48,"['input', 'taint', 'san', 'alias']",4,7,20,96,False,6.857142857142857,10
small-025,small,3,branch,syntax-only,48,[],0,1,44,1040,False,48.0,108
small-025,small,4,return,exact-state,40,"['input', 'taint', 'san', 'alias', 'guard', 'mode', 'ctx', 'tmp', 'flag', 'sp', 'stk0', 'stk1', 'dead0']",13,40,0,0,True,1.0,0
small-025,small,4,return,support,40,"['san', 'alias', 'ctx', 'sp', 'stk0', 'stk1']",6,10,0,0,True,4.0,0
small-025,small,4,return,pathseal,40,"['san', 'alias', 'ctx']",3,10,0,0,True,4.0,0
small-025,small,4,return,call-context,40,"['ctx', 'sp', 'stk0', 'stk1']",4,4,24,128,False,10.0,14
small-025,small,4,return,security-surface,40,"['input', 'taint', 'san', 'alias']",4,6,16,80,False,6.666666666666667,10
small-025,small,4,return,syntax-only,40,[],0,1,36,720,False,40.0,86
small-025,small,5,sink,exact-state,40,"['input', 'taint', 'san', 'alias', 'guard', 'mode', 'ctx', 'tmp', 'flag', 'sp', 'stk0', 'stk1', 'dead0']",13,40,0,0,True,1.0,0
small-025,small,5,sink,support,40,"['taint', 'alias', 'mode', 'ctx', 'sp']",5,9,0,0,True,4.444444444444445,0
small-025,small,5,sink,pathseal,40,"['san', 'alias', 'ctx']",3,10,0,0,True,4.0,0
small-025,small,5,sink,call-context,40,"['ctx', 'sp', 'stk0', 'stk1']",4,4,20,112,False,10.0,12
small-025,small,5,sink,security-surface,40,"['input', 'taint', 'san', 'alias']",4,6,16,80,False,6.666666666666667,10
small-025,small,5,sink,syntax-only,40,[],0,1,36,704,False,40.0,84
small-026,small,0,source,exact-state,48,"['input', 'taint', 'san', 'alias', 'guard', 'mode', 'ctx', 'tmp', 'flag', 'sp', 'stk0', 'stk1', 'dead0']",13,48,0,0,True,1.0,0
small-026,small,0,source,support,48,"['input', 'alias', 'mode', 'ctx', 'flag', 'sp', 'stk0', 'stk1']",8,12,0,0,True,4.0,0
small-026,small,0,source,pathseal,48,"['input', 'san', 'alias', 'guard']",4,12,0,0,True,4.0,0
small-026,small,0,source,call-context,48,"['ctx', 'sp', 'stk0', 'stk1']",4,4,32,240,False,12.0,30
small-026,small,0,source,security-surface,48,"['input', 'taint', 'san', 'alias']",4,11,4,16,False,4.363636363636363,2
small-026,small,0,source,syntax-only,48,[],0,1,44,1056,False,48.0,106
small-026,small,1,propagate,exact-state,48,"['input', 'taint', 'san', 'alias', 'guard', 'mode', 'ctx', 'tmp', 'flag', 'sp', 'stk0', 'stk1', 'dead0']",13,48,0,0,True,1.0,0
small-026,small,1,propagate,support,48,"['input', 'taint', 'alias', 'mode', 'tmp', 'flag']",6,12,0,0,True,4.0,0
small-026,small,1,propagate,pathseal,48,"['taint', 'alias', 'mode']",3,12,0,0,True,4.0,0
small-026,small,1,propagate,call-context,48,"['ctx', 'sp', 'stk0', 'stk1']",4,4,32,240,False,12.0,30
small-026,small,1,propagate,security-surface,48,"['input', 'taint', 'san', 'alias']",4,11,4,16,False,4.363636363636363,2
small-026,small,1,propagate,syntax-only,48,[],0,1,44,1056,False,48.0,106
small-026,small,2,sanitize,exact-state,48,"['input', 'taint', 'san', 'alias', 'guard', 'mode', 'ctx', 'tmp', 'flag', 'sp', 'stk0', 'stk1', 'dead0']",13,48,0,0,True,1.0,0
small-026,small,2,sanitize,support,48,"['input', 'taint', 'san', 'alias', 'mode']",5,12,0,0,True,4.0,0
small-026,small,2,sanitize,pathseal,48,"['input', 'alias', 'mode']",3,12,0,0,True,4.0,0
small-026,small,2,sanitize,call-context,48,"['ctx', 'sp', 'stk0', 'stk1']",4,4,32,240,False,12.0,30
small-026,small,2,sanitize,security-surface,48,"['input', 'taint', 'san', 'alias']",4,12,0,0,True,4.0,0
small-026,small,2,sanitize,syntax-only,48,[],0,1,44,1056,False,48.0,112
small-026,small,3,branch,exact-state,48,"['input', 'taint', 'san', 'alias', 'guard', 'mode', 'ctx', 'tmp', 'flag', 'sp', 'stk0', 'stk1', 'dead0']",13,48,0,0,True,1.0,0
small-026,small,3,branch,support,48,"['input', 'taint', 'alias', 'guard', 'mode']",5,12,0,0,True,4.0,0
small-026,small,3,branch,pathseal,48,"['input', 'alias', 'mode']",3,12,0,0,True,4.0,0
small-026,small,3,branch,call-context,48,"['ctx', 'sp', 'stk0', 'stk1']",4,4,28,224,False,12.0,28
small-026,small,3,branch,security-surface,48,"['input', 'taint', 'san', 'alias']",4,12,0,0,True,4.0,0
small-026,small,3,branch,syntax-only,48,[],0,1,44,1040,False,48.0,118
small-026,small,4,return,exact-state,40,"['input', 'taint', 'san', 'alias', 'guard', 'mode', 'ctx', 'tmp', 'flag', 'sp', 'stk0', 'stk1', 'dead0']",13,40,0,0,True,1.0,0
small-026,small,4,return,support,40,"['input', 'alias', 'mode', 'ctx', 'sp', 'stk0', 'stk1']",7,10,0,0,True,4.0,0
small-026,small,4,return,pathseal,40,"['input', 'alias', 'mode']",3,10,0,0,True,4.0,0
small-026,small,4,return,call-context,40,"['ctx', 'sp', 'stk0', 'stk1']",4,4,24,128,False,10.0,16
small-026,small,4,return,security-surface,40,"['input', 'taint', 'san', 'alias']",4,10,0,0,True,4.0,0
small-026,small,4,return,syntax-only,40,[],0,1,36,720,False,40.0,84
small-026,small,5,sink,exact-state,40,"['input', 'taint', 'san', 'alias', 'guard', 'mode', 'ctx', 'tmp', 'flag', 'sp', 'stk0', 'stk1', 'dead0']",13,40,0,0,True,1.0,0
small-026,small,5,sink,support,40,"['taint', 'alias', 'mode', 'ctx', 'sp']",5,10,0,0,True,4.0,0
small-026,small,5,sink,pathseal,40,"['input', 'alias', 'mode']",3,10,0,0,True,4.0,0
small-026,small,5,sink,call-context,40,"['ctx', 'sp', 'stk0', 'stk1']",4,4,24,128,False,10.0,16
small-026,small,5,sink,security-surface,40,"['input', 'taint', 'san', 'alias']",4,10,0,0,True,4.0,0
small-026,small,5,sink,syntax-only,40,[],0,1,36,720,False,40.0,84
small-027,small,0,source,exact-state,48,"['input', 'taint', 'san', 'alias', 'guard', 'mode', 'ctx', 'tmp', 'flag', 'sp', 'stk0', 'stk1', 'dead0']",13,48,0,0,True,1.0,0
small-027,small,0,source,support,48,"['input', 'ctx', 'tmp', 'sp', 'stk0', 'stk1']",6,12,0,0,True,4.0,0
small-027,small,0,source,pathseal,48,"['input', 'ctx', 'tmp']",3,12,0,0,True,4.0,0
small-027,small,0,source,call-context,48,"['ctx', 'sp', 'stk0', 'stk1']",4,4,32,192,False,12.0,20
small-027,small,0,source,security-surface,48,"['input', 'taint', 'san', 'alias']",4,10,8,32,False,4.8,4
small-027,small,0,source,syntax-only,48,[],0,1,44,1056,False,48.0,82
small-027,small,1,propagate,exact-state,48,"['input', 'taint', 'san', 'alias', 'guard', 'mode', 'ctx', 'tmp', 'flag', 'sp', 'stk0', 'stk1', 'dead0']",13,48,0,0,True,1.0,0
small-027,small,1,propagate,support,48,"['input', 'taint', 'alias', 'mode', 'ctx', 'tmp', 'flag']",7,12,0,0,True,4.0,0
small-027,small,1,propagate,pathseal,48,"['input', 'ctx', 'tmp']",3,12,0,0,True,4.0,0
small-027,small,1,propagate,call-context,48,"['ctx', 'sp', 'stk0', 'stk1']",4,4,32,192,False,12.0,20
small-027,small,1,propagate,security-surface,48,"['input', 'taint', 'san', 'alias']",4,10,8,32,False,4.8,4
small-027,small,1,propagate,syntax-only,48,[],0,1,44,1056,False,48.0,82
small-027,small,2,sanitize,exact-state,48,"['input', 'taint', 'san', 'alias', 'guard', 'mode', 'ctx', 'tmp', 'flag', 'sp', 'stk0', 'stk1', 'dead0']",13,48,0,0,True,1.0,0
small-027,small,2,sanitize,support,48,"['input', 'taint', 'san', 'ctx', 'tmp']",5,12,0,0,True,4.0,0
small-027,small,2,sanitize,pathseal,48,"['input', 'ctx', 'tmp']",3,12,0,0,True,4.0,0
small-027,small,2,sanitize,call-context,48,"['ctx', 'sp', 'stk0', 'stk1']",4,4,32,192,False,12.0,20
small-027,small,2,sanitize,security-surface,48,"['input', 'taint', 'san', 'alias']",4,9,12,48,False,5.333333333333333,6
small-027,small,2,sanitize,syntax-only,48,[],0,1,44,1056,False,48.0,94
small-027,small,3,branch,exact-state,48,"['input', 'taint', 'san', 'alias', 'guard', 'mode', 'ctx', 'tmp', 'flag', 'sp', 'stk0', 'stk1', 'dead0']",13,48,0,0,True,1.0,0
small-027,small,3,branch,support,48,"['input', 'taint', 'alias', 'guard', 'mode', 'ctx', 'tmp']",7,12,0,0,True,4.0,0
small-027,small,3,branch,pathseal,48,"['input', 'ctx', 'tmp']",3,12,0,0,True,4.0,0
small-027,small,3,branch,call-context,48,"['ctx', 'sp', 'stk0', 'stk1']",4,4,32,192,False,12.0,22
small-027,small,3,branch,security-surface,48,"['input', 'taint', 'san', 'alias']",4,9,12,48,False,5.333333333333333,6
small-027,small,3,branch,syntax-only,48,[],0,1,44,1056,False,48.0,108
small-027,small,4,return,exact-state,44,"['input', 'taint', 'san', 'alias', 'guard', 'mode', 'ctx', 'tmp', 'flag', 'sp', 'stk0', 'stk1', 'dead0']",13,44,0,0,True,1.0,0
small-027,small,4,return,support,44,"['input', 'ctx', 'tmp', 'sp', 'stk0', 'stk1']",6,11,0,0,True,4.0,0
small-027,small,4,return,pathseal,44,"['input', 'ctx', 'tmp']",3,11,0,0,True,4.0,0
small-027,small,4,return,call-context,44,"['ctx', 'sp', 'stk0', 'stk1']",4,4,28,160,False,11.0,18
small-027,small,4,return,security-surface,44,"['input', 'taint', 'san', 'alias']",4,9,8,32,False,4.888888888888889,4
small-027,small,4,return,syntax-only,44,[],0,1,40,880,False,44.0,90
small-027,small,5,sink,exact-state,44,"['input', 'taint', 'san', 'alias', 'guard', 'mode', 'ctx', 'tmp', 'flag', 'sp', 'stk0', 'stk1', 'dead0']",13,44,0,0,True,1.0,0
small-027,small,5,sink,support,44,"['taint', 'alias', 'mode', 'ctx', 'sp']",5,11,0,0,True,4.0,0
small-027,small,5,sink,pathseal,44,"['input', 'ctx', 'tmp']",3,11,0,0,True,4.0,0
small-027,small,5,sink,call-context,44,"['ctx', 'sp', 'stk0', 'stk1']",4,4,28,160,False,11.0,18
small-027,small,5,sink,security-surface,44,"['input', 'taint', 'san', 'alias']",4,9,8,32,False,4.888888888888889,4
small-027,small,5,sink,syntax-only,44,[],0,1,40,880,False,44.0,90
small-028,small,0,source,exact-state,48,"['input', 'taint', 'san', 'alias', 'guard', 'mode', 'ctx', 'tmp', 'flag', 'sp', 'stk0', 'stk1', 'dead0']",13,48,0,0,True,1.0,0
small-028,small,0,source,support,48,"['input', 'alias', 'ctx', 'flag', 'sp', 'stk0', 'stk1']",7,12,0,0,True,4.0,0
small-028,small,0,source,pathseal,48,"['input', 'alias', 'ctx']",3,12,0,0,True,4.0,0
small-028,small,0,source,call-context,48,"['ctx', 'sp', 'stk0', 'stk1']",4,4,32,240,False,12.0,24
small-028,small,0,source,security-surface,48,"['input', 'taint', 'san', 'alias']",4,9,12,64,False,5.333333333333333,6
small-028,small,0,source,syntax-only,48,[],0,1,44,1056,False,48.0,92
small-028,small,1,propagate,exact-state,48,"['input', 'taint', 'san', 'alias', 'guard', 'mode', 'ctx', 'tmp', 'flag', 'sp', 'stk0', 'stk1', 'dead0']",13,48,0,0,True,1.0,0
small-028,small,1,propagate,support,48,"['input', 'taint', 'alias', 'mode', 'ctx', 'tmp', 'flag']",7,12,0,0,True,4.0,0
small-028,small,1,propagate,pathseal,48,"['input', 'alias', 'ctx']",3,12,0,0,True,4.0,0
small-028,small,1,propagate,call-context,48,"['ctx', 'sp', 'stk0', 'stk1']",4,4,32,240,False,12.0,24
small-028,small,1,propagate,security-surface,48,"['input', 'taint', 'san', 'alias']",4,10,8,32,False,4.8,2
small-028,small,1,propagate,syntax-only,48,[],0,1,44,1056,False,48.0,92
small-028,small,2,sanitize,exact-state,48,"['input', 'taint', 'san', 'alias', 'guard', 'mode', 'ctx', 'tmp', 'flag', 'sp', 'stk0', 'stk1', 'dead0']",13,48,0,0,True,1.0,0
small-028,small,2,sanitize,support,48,"['input', 'taint', 'san', 'ctx', 'tmp']",5,12,0,0,True,4.0,0
small-028,small,2,sanitize,pathseal,48,"['input', 'ctx', 'tmp']",3,12,0,0,True,4.0,0
small-028,small,2,sanitize,call-context,48,"['ctx', 'sp', 'stk0', 'stk1']",4,4,32,240,False,12.0,26
small-028,small,2,sanitize,security-surface,48,"['input', 'taint', 'san', 'alias']",4,11,4,16,False,4.363636363636363,2
small-028,small,2,sanitize,syntax-only,48,[],0,1,44,1056,False,48.0,100
small-028,small,3,branch,exact-state,48,"['input', 'taint', 'san', 'alias', 'guard', 'mode', 'ctx', 'tmp', 'flag', 'sp', 'stk0', 'stk1', 'dead0']",13,48,0,0,True,1.0,0
small-028,small,3,branch,support,48,"['input', 'taint', 'alias', 'guard', 'mode', 'ctx', 'tmp']",7,12,0,0,True,4.0,0
small-028,small,3,branch,pathseal,48,"['input', 'ctx', 'tmp']",3,12,0,0,True,4.0,0
small-028,small,3,branch,call-context,48,"['ctx', 'sp', 'stk0', 'stk1']",4,4,32,240,False,12.0,30
small-028,small,3,branch,security-surface,48,"['input', 'taint', 'san', 'alias']",4,10,8,32,False,4.8,4
small-028,small,3,branch,syntax-only,48,[],0,1,44,1056,False,48.0,114
small-028,small,4,return,exact-state,48,"['input', 'taint', 'san', 'alias', 'guard', 'mode', 'ctx', 'tmp', 'flag', 'sp', 'stk0', 'stk1', 'dead0']",13,48,0,0,True,1.0,0
small-028,small,4,return,support,48,"['input', 'ctx', 'tmp', 'sp', 'stk0', 'stk1']",6,12,0,0,True,4.0,0
small-028,small,4,return,pathseal,48,"['input', 'ctx', 'tmp']",3,12,0,0,True,4.0,0
small-028,small,4,return,call-context,48,"['ctx', 'sp', 'stk0', 'stk1']",4,4,32,240,False,12.0,30
small-028,small,4,return,security-surface,48,"['input', 'taint', 'san', 'alias']",4,10,8,32,False,4.8,4
small-028,small,4,return,syntax-only,48,[],0,1,44,1056,False,48.0,120
small-028,small,5,sink,exact-state,48,"['input', 'taint', 'san', 'alias', 'guard', 'mode', 'ctx', 'tmp', 'flag', 'sp', 'stk0', 'stk1', 'dead0']",13,48,0,0,True,1.0,0
small-028,small,5,sink,support,48,"['taint', 'alias', 'mode', 'ctx', 'sp']",5,12,0,0,True,4.0,0
small-028,small,5,sink,pathseal,48,"['input', 'ctx', 'tmp']",3,12,0,0,True,4.0,0
small-028,small,5,sink,call-context,48,"['ctx', 'sp', 'stk0', 'stk1']",4,4,32,240,False,12.0,30
small-028,small,5,sink,security-surface,48,"['input', 'taint', 'san', 'alias']",4,10,8,32,False,4.8,4
small-028,small,5,sink,syntax-only,48,[],0,1,44,1056,False,48.0,120
small-029,small,0,source,exact-state,48,"['input', 'taint', 'san', 'alias', 'guard', 'mode', 'ctx', 'tmp', 'flag', 'sp', 'stk0', 'stk1', 'dead0']",13,48,0,0,True,1.0,0
small-029,small,0,source,support,48,"['input', 'alias', 'mode', 'ctx', 'sp', 'stk0', 'stk1']",7,12,0,0,True,4.0,0
small-029,small,0,source,pathseal,48,"['input', 'alias', 'mode']",3,12,0,0,True,4.0,0
small-029,small,0,source,call-context,48,"['ctx', 'sp', 'stk0', 'stk1']",4,4,32,208,False,12.0,24
small-029,small,0,source,security-surface,48,"['input', 'taint', 'san', 'alias']",4,8,16,64,False,6.0,8
small-029,small,0,source,syntax-only,48,[],0,1,44,1056,False,48.0,96
small-029,small,1,propagate,exact-state,48,"['input', 'taint', 'san', 'alias', 'guard', 'mode', 'ctx', 'tmp', 'flag', 'sp', 'stk0', 'stk1', 'dead0']",13,48,0,0,True,1.0,0
small-029,small,1,propagate,support,48,"['input', 'taint', 'alias', 'mode', 'tmp', 'flag']",6,12,0,0,True,4.0,0
small-029,small,1,propagate,pathseal,48,"['input', 'alias', 'mode']",3,12,0,0,True,4.0,0
small-029,small,1,propagate,call-context,48,"['ctx', 'sp', 'stk0', 'stk1']",4,4,32,208,False,12.0,24
small-029,small,1,propagate,security-surface,48,"['input', 'taint', 'san', 'alias']",4,8,16,64,False,6.0,8
small-029,small,1,propagate,syntax-only,48,[],0,1,44,1056,False,48.0,96
small-029,small,2,sanitize,exact-state,48,"['input', 'taint', 'san', 'alias', 'guard', 'mode', 'ctx', 'tmp', 'flag', 'sp', 'stk0', 'stk1', 'dead0']",13,48,0,0,True,1.0,0
small-029,small,2,sanitize,support,48,"['input', 'taint', 'san', 'mode', 'tmp']",5,12,0,0,True,4.0,0
small-029,small,2,sanitize,pathseal,48,"['input', 'mode', 'tmp']",3,12,0,0,True,4.0,0
small-029,small,2,sanitize,call-context,48,"['ctx', 'sp', 'stk0', 'stk1']",4,4,32,208,False,12.0,24
small-029,small,2,sanitize,security-surface,48,"['input', 'taint', 'san', 'alias']",4,9,12,48,False,5.333333333333333,6
small-029,small,2,sanitize,syntax-only,48,[],0,1,44,1056,False,48.0,100
small-029,small,3,branch,exact-state,48,"['input', 'taint', 'san', 'alias', 'guard', 'mode', 'ctx', 'tmp', 'flag', 'sp', 'stk0', 'stk1', 'dead0']",13,48,0,0,True,1.0,0
small-029,small,3,branch,support,48,"['taint', 'alias', 'guard', 'mode', 'ctx']",5,12,0,0,True,4.0,0
small-029,small,3,branch,pathseal,48,"['input', 'mode', 'tmp']",3,12,0,0,True,4.0,0
small-029,small,3,branch,call-context,48,"['ctx', 'sp', 'stk0', 'stk1']",4,4,28,192,False,12.0,22
small-029,small,3,branch,security-surface,48,"['input', 'taint', 'san', 'alias']",4,9,12,48,False,5.333333333333333,6
small-029,small,3,branch,syntax-only,48,[],0,1,44,1008,False,48.0,108
small-029,small,4,return,exact-state,36,"['input', 'taint', 'san', 'alias', 'guard', 'mode', 'ctx', 'tmp', 'flag', 'sp', 'stk0', 'stk1', 'dead0']",13,36,0,0,True,1.0,0
small-029,small,4,return,support,36,"['alias', 'ctx', 'sp', 'stk0', 'stk1']",5,9,0,0,True,4.0,0
small-029,small,4,return,pathseal,36,"['alias', 'ctx']",2,9,0,0,True,4.0,0
small-029,small,4,return,call-context,36,"['ctx', 'sp', 'stk0', 'stk1']",4,4,20,96,False,9.0,12
small-029,small,4,return,security-surface,36,"['input', 'taint', 'san', 'alias']",4,9,0,0,True,4.0,0
small-029,small,4,return,syntax-only,36,[],0,1,32,576,False,36.0,66
small-029,small,5,sink,exact-state,36,"['input', 'taint', 'san', 'alias', 'guard', 'mode', 'ctx', 'tmp', 'flag', 'sp', 'stk0', 'stk1', 'dead0']",13,36,0,0,True,1.0,0
small-029,small,5,sink,support,36,"['taint', 'alias', 'mode', 'ctx', 'sp']",5,9,0,0,True,4.0,0
small-029,small,5,sink,pathseal,36,"['alias', 'ctx']",2,9,0,0,True,4.0,0
small-029,small,5,sink,call-context,36,"['ctx', 'sp', 'stk0', 'stk1']",4,4,20,96,False,9.0,12
small-029,small,5,sink,security-surface,36,"['input', 'taint', 'san', 'alias']",4,9,0,0,True,4.0,0
small-029,small,5,sink,syntax-only,36,[],0,1,32,576,False,36.0,66
small-030,small,0,source,exact-state,48,"['input', 'taint', 'san', 'alias', 'guard', 'mode', 'ctx', 'tmp', 'flag', 'sp', 'stk0', 'stk1', 'dead0']",13,48,0,0,True,1.0,0
small-030,small,0,source,support,48,"['input', 'alias', 'ctx', 'flag', 'sp', 'stk0', 'stk1']",7,12,0,0,True,4.0,0
small-030,small,0,source,pathseal,48,"['input', 'alias', 'ctx']",3,12,0,0,True,4.0,0
small-030,small,0,source,call-context,48,"['ctx', 'sp', 'stk0', 'stk1']",4,4,32,240,False,12.0,28
small-030,small,0,source,security-surface,48,"['input', 'taint', 'san', 'alias']",4,9,12,48,False,5.333333333333333,6
small-030,small,0,source,syntax-only,48,[],0,1,44,1056,False,48.0,100
small-030,small,1,propagate,exact-state,48,"['input', 'taint', 'san', 'alias', 'guard', 'mode', 'ctx', 'tmp', 'flag', 'sp', 'stk0', 'stk1', 'dead0']",13,48,0,0,True,1.0,0
small-030,small,1,propagate,support,48,"['taint', 'alias', 'mode', 'ctx', 'tmp', 'flag']",6,12,0,0,True,4.0,0
small-030,small,1,propagate,pathseal,48,"['input', 'alias', 'ctx']",3,12,0,0,True,4.0,0
small-030,small,1,propagate,call-context,48,"['ctx', 'sp', 'stk0', 'stk1']",4,4,32,240,False,12.0,28
small-030,small,1,propagate,security-surface,48,"['input', 'taint', 'san', 'alias']",4,10,8,32,False,4.8,4
small-030,small,1,propagate,syntax-only,48,[],0,1,44,1056,False,48.0,100
small-030,small,2,sanitize,exact-state,48,"['input', 'taint', 'san', 'alias', 'guard', 'mode', 'ctx', 'tmp', 'flag', 'sp', 'stk0', 'stk1', 'dead0']",13,48,0,0,True,1.0,0
small-030,small,2,sanitize,support,48,"['taint', 'san', 'alias', 'mode', 'ctx']",5,12,0,0,True,4.0,0
small-030,small,2,sanitize,pathseal,48,"['alias', 'mode', 'ctx']",3,12,0,0,True,4.0,0
small-030,small,2,sanitize,call-context,48,"['ctx', 'sp', 'stk0', 'stk1']",4,4,32,240,False,12.0,30
small-030,small,2,sanitize,security-surface,48,"['input', 'taint', 'san', 'alias']",4,10,8,32,False,4.8,4
small-030,small,2,sanitize,syntax-only,48,[],0,1,44,1056,False,48.0,104
small-030,small,3,branch,exact-state,48,"['input', 'taint', 'san', 'alias', 'guard', 'mode', 'ctx', 'tmp', 'flag', 'sp', 'stk0', 'stk1', 'dead0']",13,48,0,0,True,1.0,0
small-030,small,3,branch,support,48,"['input', 'taint', 'alias', 'guard', 'mode', 'ctx']",6,12,0,0,True,4.0,0
small-030,small,3,branch,pathseal,48,"['alias', 'mode', 'ctx']",3,12,0,0,True,4.0,0
small-030,small,3,branch,call-context,48,"['ctx', 'sp', 'stk0', 'stk1']",4,4,32,240,False,12.0,30
small-030,small,3,branch,security-surface,48,"['input', 'taint', 'san', 'alias']",4,9,12,64,False,5.333333333333333,8
small-030,small,3,branch,syntax-only,48,[],0,1,44,1056,False,48.0,104
small-030,small,4,return,exact-state,44,"['input', 'taint', 'san', 'alias', 'guard', 'mode', 'ctx', 'tmp', 'flag', 'sp', 'stk0', 'stk1', 'dead0']",13,44,0,0,True,1.0,0
small-030,small,4,return,support,44,"['input', 'alias', 'ctx', 'sp', 'stk0', 'stk1']",6,11,0,0,True,4.0,0
small-030,small,4,return,pathseal,44,"['input', 'alias', 'ctx']",3,11,0,0,True,4.0,0
small-030,small,4,return,call-context,44,"['ctx', 'sp', 'stk0', 'stk1']",4,4,28,208,False,11.0,26
small-030,small,4,return,security-surface,44,"['input', 'taint', 'san', 'alias']",4,9,8,32,False,4.888888888888889,4
small-030,small,4,return,syntax-only,44,[],0,1,40,880,False,44.0,100
small-030,small,5,sink,exact-state,44,"['input', 'taint', 'san', 'alias', 'guard', 'mode', 'ctx', 'tmp', 'flag', 'sp', 'stk0', 'stk1', 'dead0']",13,44,0,0,True,1.0,0
small-030,small,5,sink,support,44,"['taint', 'alias', 'mode', 'ctx', 'sp']",5,11,0,0,True,4.0,0
small-030,small,5,sink,pathseal,44,"['input', 'alias', 'ctx']",3,11,0,0,True,4.0,0
small-030,small,5,sink,call-context,44,"['ctx', 'sp', 'stk0', 'stk1']",4,4,28,208,False,11.0,26
small-030,small,5,sink,security-surface,44,"['input', 'taint', 'san', 'alias']",4,9,8,32,False,4.888888888888889,4
small-030,small,5,sink,syntax-only,44,[],0,1,40,880,False,44.0,100
small-031,small,0,source,exact-state,48,"['input', 'taint', 'san', 'alias', 'guard', 'mode', 'ctx', 'tmp', 'flag', 'sp', 'stk0', 'stk1', 'dead0']",13,48,0,0,True,1.0,0
small-031,small,0,source,support,48,"['input', 'mode', 'ctx', 'sp', 'stk0', 'stk1']",6,12,0,0,True,4.0,0
small-031,small,0,source,pathseal,48,"['input', 'mode', 'ctx']",3,12,0,0,True,4.0,0
small-031,small,0,source,call-context,48,"['ctx', 'sp', 'stk0', 'stk1']",4,4,32,224,False,12.0,24
small-031,small,0,source,security-surface,48,"['input', 'taint', 'san', 'alias']",4,8,16,64,False,6.0,6
small-031,small,0,source,syntax-only,48,[],0,1,44,1056,False,48.0,98
small-031,small,1,propagate,exact-state,48,"['input', 'taint', 'san', 'alias', 'guard', 'mode', 'ctx', 'tmp', 'flag', 'sp', 'stk0', 'stk1', 'dead0']",13,48,0,0,True,1.0,0
small-031,small,1,propagate,support,48,"['input', 'taint', 'alias', 'mode', 'ctx', 'tmp', 'flag']",7,12,0,0,True,4.0,0
small-031,small,1,propagate,pathseal,48,"['input', 'mode', 'ctx']",3,12,0,0,True,4.0,0
small-031,small,1,propagate,call-context,48,"['ctx', 'sp', 'stk0', 'stk1']",4,4,32,224,False,12.0,24
small-031,small,1,propagate,security-surface,48,"['input', 'taint', 'san', 'alias']",4,8,16,64,False,6.0,6
small-031,small,1,propagate,syntax-only,48,[],0,1,44,1056,False,48.0,98
small-031,small,2,sanitize,exact-state,48,"['input', 'taint', 'san', 'alias', 'guard', 'mode', 'ctx', 'tmp', 'flag', 'sp', 'stk0', 'stk1', 'dead0']",13,48,0,0,True,1.0,0
small-031,small,2,sanitize,support,48,"['input', 'taint', 'san', 'mode', 'ctx']",5,12,0,0,True,4.0,0
small-031,small,2,sanitize,pathseal,48,"['input', 'mode', 'ctx']",3,12,0,0,True,4.0,0
small-031,small,2,sanitize,call-context,48,"['ctx', 'sp', 'stk0', 'stk1']",4,4,32,224,False,12.0,24
small-031,small,2,sanitize,security-surface,48,"['input', 'taint', 'san', 'alias']",4,9,12,64,False,5.333333333333333,6
small-031,small,2,sanitize,syntax-only,48,[],0,1,44,1056,False,48.0,110
small-031,small,3,branch,exact-state,48,"['input', 'taint', 'san', 'alias', 'guard', 'mode', 'ctx', 'tmp', 'flag', 'sp', 'stk0', 'stk1', 'dead0']",13,48,0,0,True,1.0,0
small-031,small,3,branch,support,48,"['input', 'taint', 'alias', 'guard', 'mode', 'ctx']",6,12,0,0,True,4.0,0
small-031,small,3,branch,pathseal,48,"['input', 'mode', 'ctx']",3,12,0,0,True,4.0,0
small-031,small,3,branch,call-context,48,"['ctx', 'sp', 'stk0', 'stk1']",4,4,32,224,False,12.0,24
small-031,small,3,branch,security-surface,48,"['input', 'taint', 'san', 'alias']",4,9,12,64,False,5.333333333333333,6
small-031,small,3,branch,syntax-only,48,[],0,1,44,1056,False,48.0,116
small-031,small,4,return,exact-state,48,"['input', 'taint', 'san', 'alias', 'guard', 'mode', 'ctx', 'tmp', 'flag', 'sp', 'stk0', 'stk1', 'dead0']",13,48,0,0,True,1.0,0
small-031,small,4,return,support,48,"['input', 'mode', 'ctx', 'sp', 'stk0', 'stk1']",6,12,0,0,True,4.0,0
small-031,small,4,return,pathseal,48,"['input', 'mode', 'ctx']",3,12,0,0,True,4.0,0
small-031,small,4,return,call-context,48,"['ctx', 'sp', 'stk0', 'stk1']",4,4,32,224,False,12.0,24
small-031,small,4,return,security-surface,48,"['input', 'taint', 'san', 'alias']",4,9,12,64,False,5.333333333333333,6
small-031,small,4,return,syntax-only,48,[],0,1,44,1056,False,48.0,118
small-031,small,5,sink,exact-state,48,"['input', 'taint', 'san', 'alias', 'guard', 'mode', 'ctx', 'tmp', 'flag', 'sp', 'stk0', 'stk1', 'dead0']",13,48,0,0,True,1.0,0
small-031,small,5,sink,support,48,"['taint', 'alias', 'mode', 'ctx', 'sp']",5,9,0,0,True,5.333333333333333,0
small-031,small,5,sink,pathseal,48,"['input', 'mode', 'ctx']",3,12,0,0,True,4.0,0
small-031,small,5,sink,call-context,48,"['ctx', 'sp', 'stk0', 'stk1']",4,4,24,176,False,12.0,18
small-031,small,5,sink,security-surface,48,"['input', 'taint', 'san', 'alias']",4,9,12,64,False,5.333333333333333,6
small-031,small,5,sink,syntax-only,48,[],0,1,40,1008,False,48.0,112
small-032,small,0,source,exact-state,48,"['input', 'taint', 'san', 'alias', 'guard', 'mode', 'ctx', 'tmp', 'flag', 'sp', 'stk0', 'stk1', 'dead0']",13,48,0,0,True,1.0,0
small-032,small,0,source,support,48,"['input', 'ctx', 'tmp', 'flag', 'sp', 'stk0', 'stk1']",7,12,0,0,True,4.0,0
small-032,small,0,source,pathseal,48,"['input', 'ctx', 'tmp']",3,12,0,0,True,4.0,0
small-032,small,0,source,call-context,48,"['ctx', 'sp', 'stk0', 'stk1']",4,4,32,192,False,12.0,24
small-032,small,0,source,security-surface,48,"['input', 'taint', 'san', 'alias']",4,9,12,48,False,5.333333333333333,6
small-032,small,0,source,syntax-only,48,[],0,1,44,1056,False,48.0,94
small-032,small,1,propagate,exact-state,48,"['input', 'taint', 'san', 'alias', 'guard', 'mode', 'ctx', 'tmp', 'flag', 'sp', 'stk0', 'stk1', 'dead0']",13,48,0,0,True,1.0,0
small-032,small,1,propagate,support,48,"['input', 'taint', 'alias', 'mode', 'ctx', 'tmp', 'flag']",7,12,0,0,True,4.0,0
small-032,small,1,propagate,pathseal,48,"['input', 'ctx', 'tmp']",3,12,0,0,True,4.0,0
small-032,small,1,propagate,call-context,48,"['ctx', 'sp', 'stk0', 'stk1']",4,4,32,192,False,12.0,24
small-032,small,1,propagate,security-surface,48,"['input', 'taint', 'san', 'alias']",4,11,4,16,False,4.363636363636363,2
small-032,small,1,propagate,syntax-only,48,[],0,1,44,1056,False,48.0,94
small-032,small,2,sanitize,exact-state,48,"['input', 'taint', 'san', 'alias', 'guard', 'mode', 'ctx', 'tmp', 'flag', 'sp', 'stk0', 'stk1', 'dead0']",13,48,0,0,True,1.0,0
small-032,small,2,sanitize,support,48,"['input', 'taint', 'san', 'alias', 'ctx']",5,12,0,0,True,4.0,0
small-032,small,2,sanitize,pathseal,48,"['input', 'alias', 'ctx']",3,12,0,0,True,4.0,0
small-032,small,2,sanitize,call-context,48,"['ctx', 'sp', 'stk0', 'stk1']",4,4,32,192,False,12.0,22
small-032,small,2,sanitize,security-surface,48,"['input', 'taint', 'san', 'alias']",4,10,8,32,False,4.8,4
small-032,small,2,sanitize,syntax-only,48,[],0,1,44,1056,False,48.0,94
small-032,small,3,branch,exact-state,48,"['input', 'taint', 'san', 'alias', 'guard', 'mode', 'ctx', 'tmp', 'flag', 'sp', 'stk0', 'stk1', 'dead0']",13,48,0,0,True,1.0,0
small-032,small,3,branch,support,48,"['input', 'taint', 'san', 'alias', 'guard', 'mode', 'ctx']",7,12,0,0,True,4.0,0
small-032,small,3,branch,pathseal,48,"['input', 'alias', 'ctx']",3,12,0,0,True,4.0,0
small-032,small,3,branch,call-context,48,"['ctx', 'sp', 'stk0', 'stk1']",4,4,32,192,False,12.0,22
small-032,small,3,branch,security-surface,48,"['input', 'taint', 'san', 'alias']",4,9,12,48,False,5.333333333333333,6
small-032,small,3,branch,syntax-only,48,[],0,1,44,1040,False,48.0,104
small-032,small,4,return,exact-state,40,"['input', 'taint', 'san', 'alias', 'guard', 'mode', 'ctx', 'tmp', 'flag', 'sp', 'stk0', 'stk1', 'dead0']",13,40,0,0,True,1.0,0
small-032,small,4,return,support,40,"['input', 'san', 'ctx', 'sp', 'stk0', 'stk1']",6,10,0,0,True,4.0,0
small-032,small,4,return,pathseal,40,"['input', 'san', 'ctx']",3,10,0,0,True,4.0,0
small-032,small,4,return,call-context,40,"['ctx', 'sp', 'stk0', 'stk1']",4,4,24,128,False,10.0,16
small-032,small,4,return,security-surface,40,"['input', 'taint', 'san', 'alias']",4,8,8,32,False,5.0,4
small-032,small,4,return,syntax-only,40,[],0,1,36,720,False,40.0,78
small-032,small,5,sink,exact-state,40,"['input', 'taint', 'san', 'alias', 'guard', 'mode', 'ctx', 'tmp', 'flag', 'sp', 'stk0', 'stk1', 'dead0']",13,40,0,0,True,1.0,0
small-032,small,5,sink,support,40,"['taint', 'alias', 'mode', 'ctx', 'sp']",5,10,0,0,True,4.0,0
small-032,small,5,sink,pathseal,40,"['input', 'san', 'ctx']",3,10,0,0,True,4.0,0
small-032,small,5,sink,call-context,40,"['ctx', 'sp', 'stk0', 'stk1']",4,4,24,128,False,10.0,16
small-032,small,5,sink,security-surface,40,"['input', 'taint', 'san', 'alias']",4,8,8,32,False,5.0,4
small-032,small,5,sink,syntax-only,40,[],0,1,36,720,False,40.0,78
small-033,small,0,source,exact-state,48,"['input', 'taint', 'san', 'alias', 'guard', 'mode', 'ctx', 'tmp', 'flag', 'sp', 'stk0', 'stk1', 'dead0']",13,48,0,0,True,1.0,0
small-033,small,0,source,support,48,"['input', 'san', 'mode', 'ctx', 'sp', 'stk0', 'stk1']",7,11,0,0,True,4.363636363636363,0
small-033,small,0,source,pathseal,48,"['san', 'mode', 'ctx']",3,11,0,0,True,4.363636363636363,0
small-033,small,0,source,call-context,48,"['ctx', 'sp', 'stk0', 'stk1']",4,4,28,192,False,12.0,24
small-033,small,0,source,security-surface,48,"['input', 'taint', 'san', 'alias']",4,8,16,80,False,6.0,8
small-033,small,0,source,syntax-only,48,[],0,1,44,1040,False,48.0,100
small-033,small,1,propagate,exact-state,48,"['input', 'taint', 'san', 'alias', 'guard', 'mode', 'ctx', 'tmp', 'flag', 'sp', 'stk0', 'stk1', 'dead0']",13,48,0,0,True,1.0,0
small-033,small,1,propagate,support,48,"['input', 'taint', 'alias', 'guard', 'mode', 'tmp', 'flag']",7,12,0,0,True,4.0,0
small-033,small,1,propagate,pathseal,48,"['san', 'mode', 'ctx']",3,11,0,0,True,4.363636363636363,0
small-033,small,1,propagate,call-context,48,"['ctx', 'sp', 'stk0', 'stk1']",4,4,28,192,False,12.0,24
small-033,small,1,propagate,security-surface,48,"['input', 'taint', 'san', 'alias']",4,8,16,80,False,6.0,8
small-033,small,1,propagate,syntax-only,48,[],0,1,44,1040,False,48.0,100
small-033,small,2,sanitize,exact-state,48,"['input', 'taint', 'san', 'alias', 'guard', 'mode', 'ctx', 'tmp', 'flag', 'sp', 'stk0', 'stk1', 'dead0']",13,48,0,0,True,1.0,0
small-033,small,2,sanitize,support,48,"['input', 'taint', 'san', 'alias', 'guard']",5,11,0,0,True,4.363636363636363,0
small-033,small,2,sanitize,pathseal,48,"['input', 'alias', 'guard']",3,11,0,0,True,4.363636363636363,0
small-033,small,2,sanitize,call-context,48,"['ctx', 'sp', 'stk0', 'stk1']",4,4,32,192,False,12.0,24
small-033,small,2,sanitize,security-surface,48,"['input', 'taint', 'san', 'alias']",4,9,8,48,False,5.333333333333333,4
small-033,small,2,sanitize,syntax-only,48,[],0,1,44,1040,False,48.0,104
small-033,small,3,branch,exact-state,48,"['input', 'taint', 'san', 'alias', 'guard', 'mode', 'ctx', 'tmp', 'flag', 'sp', 'stk0', 'stk1', 'dead0']",13,48,0,0,True,1.0,0
small-033,small,3,branch,support,48,"['input', 'taint', 'san', 'alias', 'guard', 'mode', 'ctx']",7,11,0,0,True,4.363636363636363,0
small-033,small,3,branch,pathseal,48,"['input', 'alias', 'guard']",3,11,0,0,True,4.363636363636363,0
small-033,small,3,branch,call-context,48,"['ctx', 'sp', 'stk0', 'stk1']",4,4,32,192,False,12.0,24
small-033,small,3,branch,security-surface,48,"['input', 'taint', 'san', 'alias']",4,9,8,48,False,5.333333333333333,4
small-033,small,3,branch,syntax-only,48,[],0,1,44,1024,False,48.0,106
small-033,small,4,return,exact-state,40,"['input', 'taint', 'san', 'alias', 'guard', 'mode', 'ctx', 'tmp', 'flag', 'sp', 'stk0', 'stk1', 'dead0']",13,40,0,0,True,1.0,0
small-033,small,4,return,support,40,"['input', 'san', 'ctx', 'sp', 'stk0', 'stk1']",6,9,0,0,True,4.444444444444445,0
small-033,small,4,return,pathseal,40,"['input', 'san', 'ctx']",3,9,0,0,True,4.444444444444445,0
small-033,small,4,return,call-context,40,"['ctx', 'sp', 'stk0', 'stk1']",4,4,20,128,False,10.0,16
small-033,small,4,return,security-surface,40,"['input', 'taint', 'san', 'alias']",4,7,8,48,False,5.714285714285714,4
small-033,small,4,return,syntax-only,40,[],0,1,36,704,False,40.0,78
small-033,small,5,sink,exact-state,40,"['input', 'taint', 'san', 'alias', 'guard', 'mode', 'ctx', 'tmp', 'flag', 'sp', 'stk0', 'stk1', 'dead0']",13,40,0,0,True,1.0,0
small-033,small,5,sink,support,40,"['taint', 'alias', 'mode', 'ctx', 'sp']",5,9,0,0,True,4.444444444444445,0
small-033,small,5,sink,pathseal,40,"['input', 'san', 'ctx']",3,9,0,0,True,4.444444444444445,0
small-033,small,5,sink,call-context,40,"['ctx', 'sp', 'stk0', 'stk1']",4,4,20,128,False,10.0,16
small-033,small,5,sink,security-surface,40,"['input', 'taint', 'san', 'alias']",4,7,8,48,False,5.714285714285714,4
small-033,small,5,sink,syntax-only,40,[],0,1,36,704,False,40.0,78
small-034,small,0,source,exact-state,48,"['input', 'taint', 'san', 'alias', 'guard', 'mode', 'ctx', 'tmp', 'flag', 'sp', 'stk0', 'stk1', 'dead0']",13,48,0,0,True,1.0,0
small-034,small,0,source,support,48,"['input', 'alias', 'mode', 'ctx', 'flag', 'sp', 'stk0', 'stk1']",8,12,0,0,True,4.0,0
small-034,small,0,source,pathseal,48,"['input', 'alias', 'mode', 'flag']",4,12,0,0,True,4.0,0
small-034,small,0,source,call-context,48,"['ctx', 'sp', 'stk0', 'stk1']",4,4,32,368,False,12.0,40
small-034,small,0,source,security-surface,48,"['input', 'taint', 'san', 'alias']",4,8,16,64,False,6.0,8
small-034,small,0,source,syntax-only,48,[],0,1,44,1056,False,48.0,106
small-034,small,1,propagate,exact-state,48,"['input', 'taint', 'san', 'alias', 'guard', 'mode', 'ctx', 'tmp', 'flag', 'sp', 'stk0', 'stk1', 'dead0']",13,48,0,0,True,1.0,0
small-034,small,1,propagate,support,48,"['taint', 'alias', 'mode', 'tmp', 'flag']",5,12,0,0,True,4.0,0
small-034,small,1,propagate,pathseal,48,"['input', 'taint', 'alias', 'mode']",4,12,0,0,True,4.0,0
small-034,small,1,propagate,call-context,48,"['ctx', 'sp', 'stk0', 'stk1']",4,4,32,368,False,12.0,40
small-034,small,1,propagate,security-surface,48,"['input', 'taint', 'san', 'alias']",4,10,8,32,False,4.8,4
small-034,small,1,propagate,syntax-only,48,[],0,1,44,1056,False,48.0,106
small-034,small,2,sanitize,exact-state,48,"['input', 'taint', 'san', 'alias', 'guard', 'mode', 'ctx', 'tmp', 'flag', 'sp', 'stk0', 'stk1', 'dead0']",13,48,0,0,True,1.0,0
small-034,small,2,sanitize,support,48,"['taint', 'san', 'alias', 'mode', 'flag']",5,12,0,0,True,4.0,0
small-034,small,2,sanitize,pathseal,48,"['alias', 'mode', 'flag']",3,11,0,0,True,4.363636363636363,0
small-034,small,2,sanitize,call-context,48,"['ctx', 'sp', 'stk0', 'stk1']",4,4,32,352,False,12.0,42
small-034,small,2,sanitize,security-surface,48,"['input', 'taint', 'san', 'alias']",4,10,8,32,False,4.8,4
small-034,small,2,sanitize,syntax-only,48,[],0,1,44,1040,False,48.0,108
small-034,small,3,branch,exact-state,48,"['input', 'taint', 'san', 'alias', 'guard', 'mode', 'ctx', 'tmp', 'flag', 'sp', 'stk0', 'stk1', 'dead0']",13,48,0,0,True,1.0,0
small-034,small,3,branch,support,48,"['taint', 'alias', 'guard', 'mode', 'tmp']",5,11,0,0,True,4.363636363636363,0
small-034,small,3,branch,pathseal,48,"['alias', 'mode', 'flag']",3,11,0,0,True,4.363636363636363,0
small-034,small,3,branch,call-context,48,"['ctx', 'sp', 'stk0', 'stk1']",4,4,32,352,False,12.0,42
small-034,small,3,branch,security-surface,48,"['input', 'taint', 'san', 'alias']",4,10,8,32,False,4.8,4
small-034,small,3,branch,syntax-only,48,[],0,1,44,1040,False,48.0,114
small-034,small,4,return,exact-state,44,"['input', 'taint', 'san', 'alias', 'guard', 'mode', 'ctx', 'tmp', 'flag', 'sp', 'stk0', 'stk1', 'dead0']",13,44,0,0,True,1.0,0
small-034,small,4,return,support,44,"['taint', 'mode', 'ctx', 'tmp', 'sp', 'stk0', 'stk1']",7,9,0,0,True,4.888888888888889,0
small-034,small,4,return,pathseal,44,"['taint', 'mode', 'tmp']",3,9,0,0,True,4.888888888888889,0
small-034,small,4,return,call-context,44,"['ctx', 'sp', 'stk0', 'stk1']",4,3,32,336,False,14.666666666666666,42
small-034,small,4,return,security-surface,44,"['input', 'taint', 'san', 'alias']",4,9,8,32,False,4.888888888888889,4
small-034,small,4,return,syntax-only,44,[],0,1,40,848,False,44.0,96
small-034,small,5,sink,exact-state,44,"['input', 'taint', 'san', 'alias', 'guard', 'mode', 'ctx', 'tmp', 'flag', 'sp', 'stk0', 'stk1', 'dead0']",13,44,0,0,True,1.0,0
small-034,small,5,sink,support,44,"['taint', 'alias', 'mode', 'ctx', 'sp']",5,9,0,0,True,4.888888888888889,0
small-034,small,5,sink,pathseal,44,"['taint', 'mode', 'tmp']",3,9,0,0,True,4.888888888888889,0
small-034,small,5,sink,call-context,44,"['ctx', 'sp', 'stk0', 'stk1']",4,3,32,336,False,14.666666666666666,42
small-034,small,5,sink,security-surface,44,"['input', 'taint', 'san', 'alias']",4,9,8,32,False,4.888888888888889,4
small-034,small,5,sink,syntax-only,44,[],0,1,40,848,False,44.0,96
small-035,small,0,source,exact-state,48,"['input', 'taint', 'san', 'alias', 'guard', 'mode', 'ctx', 'tmp', 'flag', 'sp', 'stk0', 'stk1', 'dead0']",13,48,0,0,True,1.0,0
small-035,small,0,source,support,48,"['input', 'san', 'mode', 'ctx', 'sp', 'stk0', 'stk1']",7,12,0,0,True,4.0,0
small-035,small,0,source,pathseal,48,"['san', 'mode', 'ctx']",3,12,0,0,True,4.0,0
small-035,small,0,source,call-context,48,"['ctx', 'sp', 'stk0', 'stk1']",4,4,32,224,False,12.0,28
small-035,small,0,source,security-surface,48,"['input', 'taint', 'san', 'alias']",4,9,12,48,False,5.333333333333333,6
small-035,small,0,source,syntax-only,48,[],0,1,44,1056,False,48.0,94
small-035,small,1,propagate,exact-state,48,"['input', 'taint', 'san', 'alias', 'guard', 'mode', 'ctx', 'tmp', 'flag', 'sp', 'stk0', 'stk1', 'dead0']",13,48,0,0,True,1.0,0
small-035,small,1,propagate,support,48,"['taint', 'san', 'alias', 'mode', 'ctx', 'tmp', 'flag']",7,12,0,0,True,4.0,0
small-035,small,1,propagate,pathseal,48,"['san', 'mode', 'ctx']",3,12,0,0,True,4.0,0
small-035,small,1,propagate,call-context,48,"['ctx', 'sp', 'stk0', 'stk1']",4,4,32,224,False,12.0,28
small-035,small,1,propagate,security-surface,48,"['input', 'taint', 'san', 'alias']",4,9,12,48,False,5.333333333333333,6
small-035,small,1,propagate,syntax-only,48,[],0,1,44,1056,False,48.0,94
small-035,small,2,sanitize,exact-state,48,"['input', 'taint', 'san', 'alias', 'guard', 'mode', 'ctx', 'tmp', 'flag', 'sp', 'stk0', 'stk1', 'dead0']",13,48,0,0,True,1.0,0
small-035,small,2,sanitize,support,48,"['taint', 'san', 'mode', 'ctx']",4,12,0,0,True,4.0,0
small-035,small,2,sanitize,pathseal,48,"['san', 'mode', 'ctx']",3,12,0,0,True,4.0,0
small-035,small,2,sanitize,call-context,48,"['ctx', 'sp', 'stk0', 'stk1']",4,4,32,224,False,12.0,26
small-035,small,2,sanitize,security-surface,48,"['input', 'taint', 'san', 'alias']",4,10,8,48,False,4.8,4
small-035,small,2,sanitize,syntax-only,48,[],0,1,44,1056,False,48.0,106
small-035,small,3,branch,exact-state,48,"['input', 'taint', 'san', 'alias', 'guard', 'mode', 'ctx', 'tmp', 'flag', 'sp', 'stk0', 'stk1', 'dead0']",13,48,0,0,True,1.0,0
small-035,small,3,branch,support,48,"['taint', 'alias', 'guard', 'mode', 'ctx']",5,12,0,0,True,4.0,0
small-035,small,3,branch,pathseal,48,"['taint', 'mode', 'ctx']",3,12,0,0,True,4.0,0
small-035,small,3,branch,call-context,48,"['ctx', 'sp', 'stk0', 'stk1']",4,4,32,224,False,12.0,26
small-035,small,3,branch,security-surface,48,"['input', 'taint', 'san', 'alias']",4,10,8,48,False,4.8,4
small-035,small,3,branch,syntax-only,48,[],0,1,44,1040,False,48.0,106
small-035,small,4,return,exact-state,40,"['input', 'taint', 'san', 'alias', 'guard', 'mode', 'ctx', 'tmp', 'flag', 'sp', 'stk0', 'stk1', 'dead0']",13,40,0,0,True,1.0,0
small-035,small,4,return,support,40,"['taint', 'mode', 'ctx', 'sp', 'stk0', 'stk1']",6,10,0,0,True,4.0,0
small-035,small,4,return,pathseal,40,"['taint', 'mode', 'ctx']",3,10,0,0,True,4.0,0
small-035,small,4,return,call-context,40,"['ctx', 'sp', 'stk0', 'stk1']",4,4,24,160,False,10.0,20
small-035,small,4,return,security-surface,40,"['input', 'taint', 'san', 'alias']",4,9,4,16,False,4.444444444444445,2
small-035,small,4,return,syntax-only,40,[],0,1,36,720,False,40.0,86
small-035,small,5,sink,exact-state,40,"['input', 'taint', 'san', 'alias', 'guard', 'mode', 'ctx', 'tmp', 'flag', 'sp', 'stk0', 'stk1', 'dead0']",13,40,0,0,True,1.0,0
small-035,small,5,sink,support,40,"['taint', 'alias', 'mode', 'ctx', 'sp']",5,10,0,0,True,4.0,0
small-035,small,5,sink,pathseal,40,"['taint', 'mode', 'ctx']",3,10,0,0,True,4.0,0
small-035,small,5,sink,call-context,40,"['ctx', 'sp', 'stk0', 'stk1']",4,4,24,160,False,10.0,20
small-035,small,5,sink,security-surface,40,"['input', 'taint', 'san', 'alias']",4,9,4,16,False,4.444444444444445,2
small-035,small,5,sink,syntax-only,40,[],0,1,36,720,False,40.0,86
small-036,small,0,source,exact-state,48,"['input', 'taint', 'san', 'alias', 'guard', 'mode', 'ctx', 'tmp', 'flag', 'sp', 'stk0', 'stk1', 'dead0']",13,48,0,0,True,1.0,0
small-036,small,0,source,support,48,"['input', 'san', 'alias', 'ctx', 'flag', 'sp', 'stk0', 'stk1']",8,12,0,0,True,4.0,0
small-036,small,0,source,pathseal,48,"['san', 'alias', 'guard']",3,12,0,0,True,4.0,0
small-036,small,0,source,call-context,48,"['ctx', 'sp', 'stk0', 'stk1']",4,4,32,272,False,12.0,28
small-036,small,0,source,security-surface,48,"['input', 'taint', 'san', 'alias']",4,10,8,32,False,4.8,2
small-036,small,0,source,syntax-only,48,[],0,1,44,1056,False,48.0,82
small-036,small,1,propagate,exact-state,48,"['input', 'taint', 'san', 'alias', 'guard', 'mode', 'ctx', 'tmp', 'flag', 'sp', 'stk0', 'stk1', 'dead0']",13,48,0,0,True,1.0,0
small-036,small,1,propagate,support,48,"['taint', 'alias', 'mode', 'tmp', 'flag']",5,12,0,0,True,4.0,0
small-036,small,1,propagate,pathseal,48,"['taint', 'san', 'alias']",3,12,0,0,True,4.0,0
small-036,small,1,propagate,call-context,48,"['ctx', 'sp', 'stk0', 'stk1']",4,4,32,272,False,12.0,28
small-036,small,1,propagate,security-surface,48,"['input', 'taint', 'san', 'alias']",4,12,0,0,True,4.0,0
small-036,small,1,propagate,syntax-only,48,[],0,1,44,1056,False,48.0,82
small-036,small,2,sanitize,exact-state,48,"['input', 'taint', 'san', 'alias', 'guard', 'mode', 'ctx', 'tmp', 'flag', 'sp', 'stk0', 'stk1', 'dead0']",13,48,0,0,True,1.0,0
small-036,small,2,sanitize,support,48,"['taint', 'san', 'mode', 'tmp']",4,12,0,0,True,4.0,0
small-036,small,2,sanitize,pathseal,48,"['taint', 'mode', 'tmp']",3,12,0,0,True,4.0,0
small-036,small,2,sanitize,call-context,48,"['ctx', 'sp', 'stk0', 'stk1']",4,4,32,272,False,12.0,30
small-036,small,2,sanitize,security-surface,48,"['input', 'taint', 'san', 'alias']",4,12,0,0,True,4.0,0
small-036,small,2,sanitize,syntax-only,48,[],0,1,44,1056,False,48.0,88
small-036,small,3,branch,exact-state,48,"['input', 'taint', 'san', 'alias', 'guard', 'mode', 'ctx', 'tmp', 'flag', 'sp', 'stk0', 'stk1', 'dead0']",13,48,0,0,True,1.0,0
small-036,small,3,branch,support,48,"['taint', 'alias', 'guard', 'mode', 'ctx']",5,12,0,0,True,4.0,0
small-036,small,3,branch,pathseal,48,"['san', 'mode', 'tmp']",3,12,0,0,True,4.0,0
small-036,small,3,branch,call-context,48,"['ctx', 'sp', 'stk0', 'stk1']",4,4,32,272,False,12.0,30
small-036,small,3,branch,security-surface,48,"['input', 'taint', 'san', 'alias']",4,10,8,32,False,4.8,4
small-036,small,3,branch,syntax-only,48,[],0,1,44,1056,False,48.0,96
small-036,small,4,return,exact-state,44,"['input', 'taint', 'san', 'alias', 'guard', 'mode', 'ctx', 'tmp', 'flag', 'sp', 'stk0', 'stk1', 'dead0']",13,44,0,0,True,1.0,0
small-036,small,4,return,support,44,"['taint', 'alias', 'ctx', 'sp', 'stk0', 'stk1']",6,10,0,0,True,4.4,0
small-036,small,4,return,pathseal,44,"['taint', 'alias', 'ctx']",3,10,0,0,True,4.4,0
small-036,small,4,return,call-context,44,"['ctx', 'sp', 'stk0', 'stk1']",4,4,24,208,False,11.0,26
small-036,small,4,return,security-surface,44,"['input', 'taint', 'san', 'alias']",4,10,4,16,False,4.4,2
small-036,small,4,return,syntax-only,44,[],0,1,40,864,False,44.0,92
small-036,small,5,sink,exact-state,44,"['input', 'taint', 'san', 'alias', 'guard', 'mode', 'ctx', 'tmp', 'flag', 'sp', 'stk0', 'stk1', 'dead0']",13,44,0,0,True,1.0,0
small-036,small,5,sink,support,44,"['taint', 'alias', 'mode', 'ctx', 'sp']",5,10,0,0,True,4.4,0
small-036,small,5,sink,pathseal,44,"['taint', 'alias', 'ctx']",3,10,0,0,True,4.4,0
small-036,small,5,sink,call-context,44,"['ctx', 'sp', 'stk0', 'stk1']",4,4,24,208,False,11.0,26
small-036,small,5,sink,security-surface,44,"['input', 'taint', 'san', 'alias']",4,10,4,16,False,4.4,2
small-036,small,5,sink,syntax-only,44,[],0,1,40,864,False,44.0,92
small-037,small,0,source,exact-state,48,"['input', 'taint', 'san', 'alias', 'guard', 'mode', 'ctx', 'tmp', 'flag', 'sp', 'stk0', 'stk1', 'dead0']",13,48,0,0,True,1.0,0
small-037,small,0,source,support,48,"['input', 'alias', 'ctx', 'sp', 'stk0', 'stk1']",6,12,0,0,True,4.0,0
small-037,small,0,source,pathseal,48,"['input', 'alias', 'ctx']",3,12,0,0,True,4.0,0
small-037,small,0,source,call-context,48,"['ctx', 'sp', 'stk0', 'stk1']",4,4,32,272,False,12.0,32
small-037,small,0,source,security-surface,48,"['input', 'taint', 'san', 'alias']",4,10,8,32,False,4.8,2
small-037,small,0,source,syntax-only,48,[],0,1,44,1056,False,48.0,98
small-037,small,1,propagate,exact-state,48,"['input', 'taint', 'san', 'alias', 'guard', 'mode', 'ctx', 'tmp', 'flag', 'sp', 'stk0', 'stk1', 'dead0']",13,48,0,0,True,1.0,0
small-037,small,1,propagate,support,48,"['input', 'taint', 'alias', 'mode', 'tmp', 'flag']",6,12,0,0,True,4.0,0
small-037,small,1,propagate,pathseal,48,"['input', 'alias', 'ctx']",3,12,0,0,True,4.0,0
small-037,small,1,propagate,call-context,48,"['ctx', 'sp', 'stk0', 'stk1']",4,4,32,272,False,12.0,32
small-037,small,1,propagate,security-surface,48,"['input', 'taint', 'san', 'alias']",4,10,8,32,False,4.8,2
small-037,small,1,propagate,syntax-only,48,[],0,1,44,1056,False,48.0,98
small-037,small,2,sanitize,exact-state,48,"['input', 'taint', 'san', 'alias', 'guard', 'mode', 'ctx', 'tmp', 'flag', 'sp', 'stk0', 'stk1', 'dead0']",13,48,0,0,True,1.0,0
small-037,small,2,sanitize,support,48,"['input', 'taint', 'san', 'alias', 'mode']",5,12,0,0,True,4.0,0
small-037,small,2,sanitize,pathseal,48,"['input', 'alias', 'mode']",3,12,0,0,True,4.0,0
small-037,small,2,sanitize,call-context,48,"['ctx', 'sp', 'stk0', 'stk1']",4,4,32,272,False,12.0,34
small-037,small,2,sanitize,security-surface,48,"['input', 'taint', 'san', 'alias']",4,10,8,32,False,4.8,2
small-037,small,2,sanitize,syntax-only,48,[],0,1,44,1056,False,48.0,108
small-037,small,3,branch,exact-state,48,"['input', 'taint', 'san', 'alias', 'guard', 'mode', 'ctx', 'tmp', 'flag', 'sp', 'stk0', 'stk1', 'dead0']",13,48,0,0,True,1.0,0
small-037,small,3,branch,support,48,"['input', 'taint', 'alias', 'guard', 'mode']",5,12,0,0,True,4.0,0
small-037,small,3,branch,pathseal,48,"['input', 'alias', 'mode']",3,12,0,0,True,4.0,0
small-037,small,3,branch,call-context,48,"['ctx', 'sp', 'stk0', 'stk1']",4,4,32,272,False,12.0,34
small-037,small,3,branch,security-surface,48,"['input', 'taint', 'san', 'alias']",4,10,8,32,False,4.8,2
small-037,small,3,branch,syntax-only,48,[],0,1,44,1056,False,48.0,114
small-037,small,4,return,exact-state,44,"['input', 'taint', 'san', 'alias', 'guard', 'mode', 'ctx', 'tmp', 'flag', 'sp', 'stk0', 'stk1', 'dead0']",13,44,0,0,True,1.0,0
small-037,small,4,return,support,44,"['input', 'alias', 'mode', 'ctx', 'sp', 'stk0', 'stk1']",7,11,0,0,True,4.0,0
small-037,small,4,return,pathseal,44,"['input', 'alias', 'mode']",3,11,0,0,True,4.0,0
small-037,small,4,return,call-context,44,"['ctx', 'sp', 'stk0', 'stk1']",4,4,28,256,False,11.0,32
small-037,small,4,return,security-surface,44,"['input', 'taint', 'san', 'alias']",4,9,8,32,False,4.888888888888889,2
small-037,small,4,return,syntax-only,44,[],0,1,40,880,False,44.0,104
small-037,small,5,sink,exact-state,44,"['input', 'taint', 'san', 'alias', 'guard', 'mode', 'ctx', 'tmp', 'flag', 'sp', 'stk0', 'stk1', 'dead0']",13,44,0,0,True,1.0,0
small-037,small,5,sink,support,44,"['taint', 'alias', 'mode', 'ctx', 'sp']",5,10,0,0,True,4.4,0
small-037,small,5,sink,pathseal,44,"['input', 'alias', 'mode']",3,11,0,0,True,4.0,0
small-037,small,5,sink,call-context,44,"['ctx', 'sp', 'stk0', 'stk1']",4,4,28,240,False,11.0,30
small-037,small,5,sink,security-surface,44,"['input', 'taint', 'san', 'alias']",4,9,8,32,False,4.888888888888889,2
small-037,small,5,sink,syntax-only,44,[],0,1,40,864,False,44.0,102
small-038,small,0,source,exact-state,48,"['input', 'taint', 'san', 'alias', 'guard', 'mode', 'ctx', 'tmp', 'flag', 'sp', 'stk0', 'stk1', 'dead0']",13,48,0,0,True,1.0,0
small-038,small,0,source,support,48,"['input', 'san', 'ctx', 'tmp', 'flag', 'sp', 'stk0', 'stk1']",8,12,0,0,True,4.0,0
small-038,small,0,source,pathseal,48,"['san', 'ctx', 'tmp']",3,12,0,0,True,4.0,0
small-038,small,0,source,call-context,48,"['ctx', 'sp', 'stk0', 'stk1']",4,4,32,224,False,12.0,28
small-038,small,0,source,security-surface,48,"['input', 'taint', 'san', 'alias']",4,8,16,64,False,6.0,6
small-038,small,0,source,syntax-only,48,[],0,1,44,1056,False,48.0,100
small-038,small,1,propagate,exact-state,48,"['input', 'taint', 'san', 'alias', 'guard', 'mode', 'ctx', 'tmp', 'flag', 'sp', 'stk0', 'stk1', 'dead0']",13,48,0,0,True,1.0,0
small-038,small,1,propagate,support,48,"['input', 'taint', 'alias', 'mode', 'tmp', 'flag']",6,12,0,0,True,4.0,0
small-038,small,1,propagate,pathseal,48,"['san', 'ctx', 'tmp']",3,12,0,0,True,4.0,0
small-038,small,1,propagate,call-context,48,"['ctx', 'sp', 'stk0', 'stk1']",4,4,32,224,False,12.0,28
small-038,small,1,propagate,security-surface,48,"['input', 'taint', 'san', 'alias']",4,9,12,48,False,5.333333333333333,4
small-038,small,1,propagate,syntax-only,48,[],0,1,44,1056,False,48.0,100
small-038,small,2,sanitize,exact-state,48,"['input', 'taint', 'san', 'alias', 'guard', 'mode', 'ctx', 'tmp', 'flag', 'sp', 'stk0', 'stk1', 'dead0']",13,48,0,0,True,1.0,0
small-038,small,2,sanitize,support,48,"['input', 'taint', 'san', 'alias', 'mode']",5,12,0,0,True,4.0,0
small-038,small,2,sanitize,pathseal,48,"['input', 'alias', 'mode']",3,12,0,0,True,4.0,0
small-038,small,2,sanitize,call-context,48,"['ctx', 'sp', 'stk0', 'stk1']",4,4,32,224,False,12.0,28
small-038,small,2,sanitize,security-surface,48,"['input', 'taint', 'san', 'alias']",4,10,8,32,False,4.8,4
small-038,small,2,sanitize,syntax-only,48,[],0,1,44,1056,False,48.0,102
small-038,small,3,branch,exact-state,48,"['input', 'taint', 'san', 'alias', 'guard', 'mode', 'ctx', 'tmp', 'flag', 'sp', 'stk0', 'stk1', 'dead0']",13,48,0,0,True,1.0,0
small-038,small,3,branch,support,48,"['input', 'taint', 'alias', 'guard', 'mode']",5,12,0,0,True,4.0,0
small-038,small,3,branch,pathseal,48,"['input', 'alias', 'mode']",3,12,0,0,True,4.0,0
small-038,small,3,branch,call-context,48,"['ctx', 'sp', 'stk0', 'stk1']",4,4,28,208,False,12.0,26
small-038,small,3,branch,security-surface,48,"['input', 'taint', 'san', 'alias']",4,10,8,32,False,4.8,4
small-038,small,3,branch,syntax-only,48,[],0,1,44,1008,False,48.0,100
small-038,small,4,return,exact-state,36,"['input', 'taint', 'san', 'alias', 'guard', 'mode', 'ctx', 'tmp', 'flag', 'sp', 'stk0', 'stk1', 'dead0']",13,36,0,0,True,1.0,0
small-038,small,4,return,support,36,"['input', 'alias', 'mode', 'ctx', 'sp', 'stk0', 'stk1']",7,9,0,0,True,4.0,0
small-038,small,4,return,pathseal,36,"['input', 'alias', 'mode']",3,9,0,0,True,4.0,0
small-038,small,4,return,call-context,36,"['ctx', 'sp', 'stk0', 'stk1']",4,4,20,128,False,9.0,16
small-038,small,4,return,security-surface,36,"['input', 'taint', 'san', 'alias']",4,8,4,16,False,4.5,2
small-038,small,4,return,syntax-only,36,[],0,1,32,576,False,36.0,70
small-038,small,5,sink,exact-state,36,"['input', 'taint', 'san', 'alias', 'guard', 'mode', 'ctx', 'tmp', 'flag', 'sp', 'stk0', 'stk1', 'dead0']",13,36,0,0,True,1.0,0
small-038,small,5,sink,support,36,"['taint', 'alias', 'mode', 'ctx', 'sp']",5,9,0,0,True,4.0,0
small-038,small,5,sink,pathseal,36,"['input', 'alias', 'mode']",3,9,0,0,True,4.0,0
small-038,small,5,sink,call-context,36,"['ctx', 'sp', 'stk0', 'stk1']",4,4,20,128,False,9.0,16
small-038,small,5,sink,security-surface,36,"['input', 'taint', 'san', 'alias']",4,8,4,16,False,4.5,2
small-038,small,5,sink,syntax-only,36,[],0,1,32,576,False,36.0,70
small-039,small,0,source,exact-state,48,"['input', 'taint', 'san', 'alias', 'guard', 'mode', 'ctx', 'tmp', 'flag', 'sp', 'stk0', 'stk1', 'dead0']",13,48,0,0,True,1.0,0
small-039,small,0,source,support,48,"['input', 'alias', 'guard', 'mode', 'ctx', 'sp', 'stk0', 'stk1']",8,12,0,0,True,4.0,0
small-039,small,0,source,pathseal,48,"['alias', 'guard', 'mode']",3,12,0,0,True,4.0,0
small-039,small,0,source,call-context,48,"['ctx', 'sp', 'stk0', 'stk1']",4,4,32,304,False,12.0,34
small-039,small,0,source,security-surface,48,"['input', 'taint', 'san', 'alias']",4,9,12,48,False,5.333333333333333,6
small-039,small,0,source,syntax-only,48,[],0,1,44,1056,False,48.0,104
small-039,small,1,propagate,exact-state,48,"['input', 'taint', 'san', 'alias', 'guard', 'mode', 'ctx', 'tmp', 'flag', 'sp', 'stk0', 'stk1', 'dead0']",13,48,0,0,True,1.0,0
small-039,small,1,propagate,support,48,"['taint', 'alias', 'guard', 'mode', 'tmp', 'flag']",6,12,0,0,True,4.0,0
small-039,small,1,propagate,pathseal,48,"['alias', 'guard', 'mode']",3,12,0,0,True,4.0,0
small-039,small,1,propagate,call-context,48,"['ctx', 'sp', 'stk0', 'stk1']",4,4,32,304,False,12.0,34
small-039,small,1,propagate,security-surface,48,"['input', 'taint', 'san', 'alias']",4,9,12,48,False,5.333333333333333,6
small-039,small,1,propagate,syntax-only,48,[],0,1,44,1056,False,48.0,104
small-039,small,2,sanitize,exact-state,48,"['input', 'taint', 'san', 'alias', 'guard', 'mode', 'ctx', 'tmp', 'flag', 'sp', 'stk0', 'stk1', 'dead0']",13,48,0,0,True,1.0,0
small-039,small,2,sanitize,support,48,"['taint', 'san', 'guard', 'mode', 'tmp']",5,12,0,0,True,4.0,0
small-039,small,2,sanitize,pathseal,48,"['guard', 'mode', 'tmp']",3,12,0,0,True,4.0,0
small-039,small,2,sanitize,call-context,48,"['ctx', 'sp', 'stk0', 'stk1']",4,4,32,304,False,12.0,28
small-039,small,2,sanitize,security-surface,48,"['input', 'taint', 'san', 'alias']",4,8,16,64,False,6.0,8
small-039,small,2,sanitize,syntax-only,48,[],0,1,44,1056,False,48.0,94
small-039,small,3,branch,exact-state,48,"['input', 'taint', 'san', 'alias', 'guard', 'mode', 'ctx', 'tmp', 'flag', 'sp', 'stk0', 'stk1', 'dead0']",13,48,0,0,True,1.0,0
small-039,small,3,branch,support,48,"['taint', 'alias', 'guard', 'mode', 'tmp']",5,12,0,0,True,4.0,0
small-039,small,3,branch,pathseal,48,"['guard', 'mode', 'tmp']",3,12,0,0,True,4.0,0
small-039,small,3,branch,call-context,48,"['ctx', 'sp', 'stk0', 'stk1']",4,4,32,304,False,12.0,28
small-039,small,3,branch,security-surface,48,"['input', 'taint', 'san', 'alias']",4,8,16,64,False,6.0,8
small-039,small,3,branch,syntax-only,48,[],0,1,44,1056,False,48.0,98
small-039,small,4,return,exact-state,44,"['input', 'taint', 'san', 'alias', 'guard', 'mode', 'ctx', 'tmp', 'flag', 'sp', 'stk0', 'stk1', 'dead0']",13,44,0,0,True,1.0,0
small-039,small,4,return,support,44,"['mode', 'ctx', 'tmp', 'sp', 'stk0', 'stk1']",6,10,0,0,True,4.4,0
small-039,small,4,return,pathseal,44,"['mode', 'tmp']",2,10,0,0,True,4.4,0
small-039,small,4,return,call-context,44,"['ctx', 'sp', 'stk0', 'stk1']",4,4,24,208,False,11.0,20
small-039,small,4,return,security-surface,44,"['input', 'taint', 'san', 'alias']",4,8,12,48,False,5.5,6
small-039,small,4,return,syntax-only,44,[],0,1,40,864,False,44.0,86
small-039,small,5,sink,exact-state,44,"['input', 'taint', 'san', 'alias', 'guard', 'mode', 'ctx', 'tmp', 'flag', 'sp', 'stk0', 'stk1', 'dead0']",13,44,0,0,True,1.0,0
small-039,small,5,sink,support,44,"['taint', 'alias', 'mode', 'ctx', 'sp']",5,10,0,0,True,4.4,0
small-039,small,5,sink,pathseal,44,"['mode', 'tmp']",2,10,0,0,True,4.4,0
small-039,small,5,sink,call-context,44,"['ctx', 'sp', 'stk0', 'stk1']",4,4,24,208,False,11.0,20
small-039,small,5,sink,security-surface,44,"['input', 'taint', 'san', 'alias']",4,8,12,48,False,5.5,6
small-039,small,5,sink,syntax-only,44,[],0,1,40,864,False,44.0,86
small-040,small,0,source,exact-state,48,"['input', 'taint', 'san', 'alias', 'guard', 'mode', 'ctx', 'tmp', 'flag', 'sp', 'stk0', 'stk1', 'dead0']",13,48,0,0,True,1.0,0
small-040,small,0,source,support,48,"['input', 'mode', 'ctx', 'flag', 'sp', 'stk0', 'stk1']",7,12,0,0,True,4.0,0
small-040,small,0,source,pathseal,48,"['input', 'mode', 'ctx']",3,12,0,0,True,4.0,0
small-040,small,0,source,call-context,48,"['ctx', 'sp', 'stk0', 'stk1']",4,4,32,304,False,12.0,34
small-040,small,0,source,security-surface,48,"['input', 'taint', 'san', 'alias']",4,7,20,96,False,6.857142857142857,10
small-040,small,0,source,syntax-only,48,[],0,1,44,1056,False,48.0,100
small-040,small,1,propagate,exact-state,48,"['input', 'taint', 'san', 'alias', 'guard', 'mode', 'ctx', 'tmp', 'flag', 'sp', 'stk0', 'stk1', 'dead0']",13,48,0,0,True,1.0,0
small-040,small,1,propagate,support,48,"['input', 'taint', 'alias', 'mode', 'ctx', 'tmp', 'flag']",7,12,0,0,True,4.0,0
small-040,small,1,propagate,pathseal,48,"['input', 'mode', 'ctx']",3,12,0,0,True,4.0,0
small-040,small,1,propagate,call-context,48,"['ctx', 'sp', 'stk0', 'stk1']",4,4,32,304,False,12.0,34
small-040,small,1,propagate,security-surface,48,"['input', 'taint', 'san', 'alias']",4,10,8,48,False,4.8,4
small-040,small,1,propagate,syntax-only,48,[],0,1,44,1056,False,48.0,100
small-040,small,2,sanitize,exact-state,48,"['input', 'taint', 'san', 'alias', 'guard', 'mode', 'ctx', 'tmp', 'flag', 'sp', 'stk0', 'stk1', 'dead0']",13,48,0,0,True,1.0,0
small-040,small,2,sanitize,support,48,"['input', 'taint', 'san', 'mode', 'ctx']",5,12,0,0,True,4.0,0
small-040,small,2,sanitize,pathseal,48,"['input', 'mode', 'ctx']",3,12,0,0,True,4.0,0
small-040,small,2,sanitize,call-context,48,"['ctx', 'sp', 'stk0', 'stk1']",4,4,32,304,False,12.0,30
small-040,small,2,sanitize,security-surface,48,"['input', 'taint', 'san', 'alias']",4,10,8,48,False,4.8,4
small-040,small,2,sanitize,syntax-only,48,[],0,1,44,1056,False,48.0,98
small-040,small,3,branch,exact-state,48,"['input', 'taint', 'san', 'alias', 'guard', 'mode', 'ctx', 'tmp', 'flag', 'sp', 'stk0', 'stk1', 'dead0']",13,48,0,0,True,1.0,0
small-040,small,3,branch,support,48,"['input', 'taint', 'alias', 'guard', 'mode', 'ctx']",6,12,0,0,True,4.0,0
small-040,small,3,branch,pathseal,48,"['input', 'mode', 'ctx']",3,12,0,0,True,4.0,0
small-040,small,3,branch,call-context,48,"['ctx', 'sp', 'stk0', 'stk1']",4,4,32,304,False,12.0,32
small-040,small,3,branch,security-surface,48,"['input', 'taint', 'san', 'alias']",4,10,8,48,False,4.8,4
small-040,small,3,branch,syntax-only,48,[],0,1,44,1056,False,48.0,108
small-040,small,4,return,exact-state,48,"['input', 'taint', 'san', 'alias', 'guard', 'mode', 'ctx', 'tmp', 'flag', 'sp', 'stk0', 'stk1', 'dead0']",13,48,0,0,True,1.0,0
small-040,small,4,return,support,48,"['input', 'mode', 'ctx', 'sp', 'stk0', 'stk1']",6,12,0,0,True,4.0,0
small-040,small,4,return,pathseal,48,"['input', 'mode', 'ctx']",3,12,0,0,True,4.0,0
small-040,small,4,return,call-context,48,"['ctx', 'sp', 'stk0', 'stk1']",4,4,32,304,False,12.0,34
small-040,small,4,return,security-surface,48,"['input', 'taint', 'san', 'alias']",4,10,8,48,False,4.8,4
small-040,small,4,return,syntax-only,48,[],0,1,44,1056,False,48.0,116
small-040,small,5,sink,exact-state,48,"['input', 'taint', 'san', 'alias', 'guard', 'mode', 'ctx', 'tmp', 'flag', 'sp', 'stk0', 'stk1', 'dead0']",13,48,0,0,True,1.0,0
small-040,small,5,sink,support,48,"['taint', 'alias', 'mode', 'ctx', 'sp']",5,12,0,0,True,4.0,0
small-040,small,5,sink,pathseal,48,"['input', 'mode', 'ctx']",3,12,0,0,True,4.0,0
small-040,small,5,sink,call-context,48,"['ctx', 'sp', 'stk0', 'stk1']",4,4,32,304,False,12.0,34
small-040,small,5,sink,security-surface,48,"['input', 'taint', 'san', 'alias']",4,10,8,48,False,4.8,4
small-040,small,5,sink,syntax-only,48,[],0,1,44,1056,False,48.0,116
small-041,small,0,source,exact-state,48,"['input', 'taint', 'san', 'alias', 'guard', 'mode', 'ctx', 'tmp', 'flag', 'sp', 'stk0', 'stk1', 'dead0']",13,48,0,0,True,1.0,0
small-041,small,0,source,support,48,"['input', 'mode', 'ctx', 'sp', 'stk0', 'stk1']",6,12,0,0,True,4.0,0
small-041,small,0,source,pathseal,48,"['input', 'mode', 'ctx']",3,12,0,0,True,4.0,0
small-041,small,0,source,call-context,48,"['ctx', 'sp', 'stk0', 'stk1']",4,4,32,208,False,12.0,24
small-041,small,0,source,security-surface,48,"['input', 'taint', 'san', 'alias']",4,6,24,160,False,8.0,12
small-041,small,0,source,syntax-only,48,[],0,1,44,1056,False,48.0,94
small-041,small,1,propagate,exact-state,48,"['input', 'taint', 'san', 'alias', 'guard', 'mode', 'ctx', 'tmp', 'flag', 'sp', 'stk0', 'stk1', 'dead0']",13,48,0,0,True,1.0,0
small-041,small,1,propagate,support,48,"['input', 'taint', 'alias', 'mode', 'ctx', 'tmp', 'flag']",7,12,0,0,True,4.0,0
small-041,small,1,propagate,pathseal,48,"['input', 'mode', 'ctx']",3,12,0,0,True,4.0,0
small-041,small,1,propagate,call-context,48,"['ctx', 'sp', 'stk0', 'stk1']",4,4,32,208,False,12.0,24
small-041,small,1,propagate,security-surface,48,"['input', 'taint', 'san', 'alias']",4,6,24,160,False,8.0,12
small-041,small,1,propagate,syntax-only,48,[],0,1,44,1056,False,48.0,94
small-041,small,2,sanitize,exact-state,48,"['input', 'taint', 'san', 'alias', 'guard', 'mode', 'ctx', 'tmp', 'flag', 'sp', 'stk0', 'stk1', 'dead0']",13,48,0,0,True,1.0,0
small-041,small,2,sanitize,support,48,"['taint', 'san', 'alias', 'ctx']",4,12,0,0,True,4.0,0
small-041,small,2,sanitize,pathseal,48,"['input', 'alias', 'ctx']",3,12,0,0,True,4.0,0
small-041,small,2,sanitize,call-context,48,"['ctx', 'sp', 'stk0', 'stk1']",4,4,32,208,False,12.0,24
small-041,small,2,sanitize,security-surface,48,"['input', 'taint', 'san', 'alias']",4,11,4,16,False,4.363636363636363,2
small-041,small,2,sanitize,syntax-only,48,[],0,1,44,1056,False,48.0,108
small-041,small,3,branch,exact-state,48,"['input', 'taint', 'san', 'alias', 'guard', 'mode', 'ctx', 'tmp', 'flag', 'sp', 'stk0', 'stk1', 'dead0']",13,48,0,0,True,1.0,0
small-041,small,3,branch,support,48,"['taint', 'alias', 'guard', 'mode', 'ctx']",5,11,0,0,True,4.363636363636363,0
small-041,small,3,branch,pathseal,48,"['alias', 'ctx']",2,11,0,0,True,4.363636363636363,0
small-041,small,3,branch,call-context,48,"['ctx', 'sp', 'stk0', 'stk1']",4,4,28,192,False,12.0,22
small-041,small,3,branch,security-surface,48,"['input', 'taint', 'san', 'alias']",4,11,4,16,False,4.363636363636363,2
small-041,small,3,branch,syntax-only,48,[],0,1,44,960,False,48.0,106
small-041,small,4,return,exact-state,32,"['input', 'taint', 'san', 'alias', 'guard', 'mode', 'ctx', 'tmp', 'flag', 'sp', 'stk0', 'stk1', 'dead0']",13,32,0,0,True,1.0,0
small-041,small,4,return,support,32,"['alias', 'ctx', 'sp', 'stk0', 'stk1']",5,8,0,0,True,4.0,0
small-041,small,4,return,pathseal,32,"['alias', 'ctx']",2,8,0,0,True,4.0,0
small-041,small,4,return,call-context,32,"['ctx', 'sp', 'stk0', 'stk1']",4,4,16,80,False,8.0,10
small-041,small,4,return,security-surface,32,"['input', 'taint', 'san', 'alias']",4,8,0,0,True,4.0,0
small-041,small,4,return,syntax-only,32,[],0,1,28,448,False,32.0,56
small-041,small,5,sink,exact-state,32,"['input', 'taint', 'san', 'alias', 'guard', 'mode', 'ctx', 'tmp', 'flag', 'sp', 'stk0', 'stk1', 'dead0']",13,32,0,0,True,1.0,0
small-041,small,5,sink,support,32,"['taint', 'alias', 'mode', 'ctx', 'sp']",5,8,0,0,True,4.0,0
small-041,small,5,sink,pathseal,32,"['alias', 'ctx']",2,8,0,0,True,4.0,0
small-041,small,5,sink,call-context,32,"['ctx', 'sp', 'stk0', 'stk1']",4,4,16,80,False,8.0,10
small-041,small,5,sink,security-surface,32,"['input', 'taint', 'san', 'alias']",4,8,0,0,True,4.0,0
small-041,small,5,sink,syntax-only,32,[],0,1,28,448,False,32.0,56
small-042,small,0,source,exact-state,48,"['input', 'taint', 'san', 'alias', 'guard', 'mode', 'ctx', 'tmp', 'flag', 'sp', 'stk0', 'stk1', 'dead0']",13,48,0,0,True,1.0,0
small-042,small,0,source,support,48,"['input', 'alias', 'mode', 'ctx', 'flag', 'sp', 'stk0', 'stk1']",8,12,0,0,True,4.0,0
small-042,small,0,source,pathseal,48,"['input', 'alias', 'mode']",3,12,0,0,True,4.0,0
small-042,small,0,source,call-context,48,"['ctx', 'sp', 'stk0', 'stk1']",4,4,32,272,False,12.0,28
small-042,small,0,source,security-surface,48,"['input', 'taint', 'san', 'alias']",4,9,12,64,False,5.333333333333333,6
small-042,small,0,source,syntax-only,48,[],0,1,44,1056,False,48.0,92
small-042,small,1,propagate,exact-state,48,"['input', 'taint', 'san', 'alias', 'guard', 'mode', 'ctx', 'tmp', 'flag', 'sp', 'stk0', 'stk1', 'dead0']",13,48,0,0,True,1.0,0
small-042,small,1,propagate,support,48,"['input', 'taint', 'alias', 'mode', 'tmp', 'flag']",6,12,0,0,True,4.0,0
small-042,small,1,propagate,pathseal,48,"['input', 'alias', 'mode']",3,12,0,0,True,4.0,0
small-042,small,1,propagate,call-context,48,"['ctx', 'sp', 'stk0', 'stk1']",4,4,32,272,False,12.0,28
small-042,small,1,propagate,security-surface,48,"['input', 'taint', 'san', 'alias']",4,11,4,16,False,4.363636363636363,2
small-042,small,1,propagate,syntax-only,48,[],0,1,44,1056,False,48.0,92
small-042,small,2,sanitize,exact-state,48,"['input', 'taint', 'san', 'alias', 'guard', 'mode', 'ctx', 'tmp', 'flag', 'sp', 'stk0', 'stk1', 'dead0']",13,48,0,0,True,1.0,0
small-042,small,2,sanitize,support,48,"['input', 'taint', 'san', 'alias', 'mode']",5,12,0,0,True,4.0,0
small-042,small,2,sanitize,pathseal,48,"['input', 'alias', 'mode']",3,12,0,0,True,4.0,0
small-042,small,2,sanitize,call-context,48,"['ctx', 'sp', 'stk0', 'stk1']",4,4,32,272,False,12.0,28
small-042,small,2,sanitize,security-surface,48,"['input', 'taint', 'san', 'alias']",4,10,8,32,False,4.8,4
small-042,small,2,sanitize,syntax-only,48,[],0,1,44,1056,False,48.0,100
small-042,small,3,branch,exact-state,48,"['input', 'taint', 'san', 'alias', 'guard', 'mode', 'ctx', 'tmp', 'flag', 'sp', 'stk0', 'stk1', 'dead0']",13,48,0,0,True,1.0,0
small-042,small,3,branch,support,48,"['taint', 'alias', 'guard', 'mode', 'ctx', 'tmp']",6,12,0,0,True,4.0,0
small-042,small,3,branch,pathseal,48,"['input', 'alias', 'mode']",3,12,0,0,True,4.0,0
small-042,small,3,branch,call-context,48,"['ctx', 'sp', 'stk0', 'stk1']",4,4,28,256,False,12.0,26
small-042,small,3,branch,security-surface,48,"['input', 'taint', 'san', 'alias']",4,8,16,112,False,6.0,8
small-042,small,3,branch,syntax-only,48,[],0,1,44,1008,False,48.0,108
small-042,small,4,return,exact-state,36,"['input', 'taint', 'san', 'alias', 'guard', 'mode', 'ctx', 'tmp', 'flag', 'sp', 'stk0', 'stk1', 'dead0']",13,36,0,0,True,1.0,0
small-042,small,4,return,support,36,"['ctx', 'tmp', 'sp', 'stk0', 'stk1']",5,9,0,0,True,4.0,0
small-042,small,4,return,pathseal,36,"['ctx', 'tmp']",2,9,0,0,True,4.0,0
small-042,small,4,return,call-context,36,"['ctx', 'sp', 'stk0', 'stk1']",4,4,20,128,False,9.0,14
small-042,small,4,return,security-surface,36,"['input', 'taint', 'san', 'alias']",4,7,8,48,False,5.142857142857143,4
small-042,small,4,return,syntax-only,36,[],0,1,32,576,False,36.0,66
small-042,small,5,sink,exact-state,36,"['input', 'taint', 'san', 'alias', 'guard', 'mode', 'ctx', 'tmp', 'flag', 'sp', 'stk0', 'stk1', 'dead0']",13,36,0,0,True,1.0,0
small-042,small,5,sink,support,36,"['taint', 'alias', 'mode', 'ctx', 'sp']",5,9,0,0,True,4.0,0
small-042,small,5,sink,pathseal,36,"['ctx', 'tmp']",2,9,0,0,True,4.0,0
small-042,small,5,sink,call-context,36,"['ctx', 'sp', 'stk0', 'stk1']",4,4,20,128,False,9.0,14
small-042,small,5,sink,security-surface,36,"['input', 'taint', 'san', 'alias']",4,7,8,48,False,5.142857142857143,4
small-042,small,5,sink,syntax-only,36,[],0,1,32,576,False,36.0,66
small-043,small,0,source,exact-state,48,"['input', 'taint', 'san', 'alias', 'guard', 'mode', 'ctx', 'tmp', 'flag', 'sp', 'stk0', 'stk1', 'dead0']",13,48,0,0,True,1.0,0
small-043,small,0,source,support,48,"['input', 'alias', 'ctx', 'sp', 'stk0', 'stk1']",6,12,0,0,True,4.0,0
small-043,small,0,source,pathseal,48,"['input', 'alias', 'ctx']",3,12,0,0,True,4.0,0
small-043,small,0,source,call-context,48,"['ctx', 'sp', 'stk0', 'stk1']",4,4,32,256,False,12.0,28
small-043,small,0,source,security-surface,48,"['input', 'taint', 'san', 'alias']",4,10,8,32,False,4.8,4
small-043,small,0,source,syntax-only,48,[],0,1,44,1056,False,48.0,102
small-043,small,1,propagate,exact-state,48,"['input', 'taint', 'san', 'alias', 'guard', 'mode', 'ctx', 'tmp', 'flag', 'sp', 'stk0', 'stk1', 'dead0']",13,48,0,0,True,1.0,0
small-043,small,1,propagate,support,48,"['taint', 'san', 'alias', 'mode', 'tmp', 'flag']",6,12,0,0,True,4.0,0
small-043,small,1,propagate,pathseal,48,"['input', 'alias', 'ctx']",3,12,0,0,True,4.0,0
small-043,small,1,propagate,call-context,48,"['ctx', 'sp', 'stk0', 'stk1']",4,4,32,256,False,12.0,28
small-043,small,1,propagate,security-surface,48,"['input', 'taint', 'san', 'alias']",4,10,8,32,False,4.8,4
small-043,small,1,propagate,syntax-only,48,[],0,1,44,1056,False,48.0,102
small-043,small,2,sanitize,exact-state,48,"['input', 'taint', 'san', 'alias', 'guard', 'mode', 'ctx', 'tmp', 'flag', 'sp', 'stk0', 'stk1', 'dead0']",13,48,0,0,True,1.0,0
small-043,small,2,sanitize,support,48,"['taint', 'san', 'mode', 'tmp']",4,12,0,0,True,4.0,0
small-043,small,2,sanitize,pathseal,48,"['san', 'mode', 'tmp']",3,12,0,0,True,4.0,0
small-043,small,2,sanitize,call-context,48,"['ctx', 'sp', 'stk0', 'stk1']",4,4,32,256,False,12.0,30
small-043,small,2,sanitize,security-surface,48,"['input', 'taint', 'san', 'alias']",4,9,12,48,False,5.333333333333333,6
small-043,small,2,sanitize,syntax-only,48,[],0,1,44,1056,False,48.0,108
small-043,small,3,branch,exact-state,48,"['input', 'taint', 'san', 'alias', 'guard', 'mode', 'ctx', 'tmp', 'flag', 'sp', 'stk0', 'stk1', 'dead0']",13,48,0,0,True,1.0,0
small-043,small,3,branch,support,48,"['input', 'taint', 'alias', 'guard', 'mode']",5,12,0,0,True,4.0,0
small-043,small,3,branch,pathseal,48,"['san', 'mode', 'tmp']",3,12,0,0,True,4.0,0
small-043,small,3,branch,call-context,48,"['ctx', 'sp', 'stk0', 'stk1']",4,4,32,256,False,12.0,30
small-043,small,3,branch,security-surface,48,"['input', 'taint', 'san', 'alias']",4,9,12,48,False,5.333333333333333,6
small-043,small,3,branch,syntax-only,48,[],0,1,44,1040,False,48.0,112
small-043,small,4,return,exact-state,40,"['input', 'taint', 'san', 'alias', 'guard', 'mode', 'ctx', 'tmp', 'flag', 'sp', 'stk0', 'stk1', 'dead0']",13,40,0,0,True,1.0,0
small-043,small,4,return,support,40,"['input', 'alias', 'mode', 'ctx', 'sp', 'stk0', 'stk1']",7,10,0,0,True,4.0,0
small-043,small,4,return,pathseal,40,"['input', 'alias', 'mode']",3,10,0,0,True,4.0,0
small-043,small,4,return,call-context,40,"['ctx', 'sp', 'stk0', 'stk1']",4,4,24,192,False,10.0,24
small-043,small,4,return,security-surface,40,"['input', 'taint', 'san', 'alias']",4,8,8,32,False,5.0,4
small-043,small,4,return,syntax-only,40,[],0,1,36,720,False,40.0,86
small-043,small,5,sink,exact-state,40,"['input', 'taint', 'san', 'alias', 'guard', 'mode', 'ctx', 'tmp', 'flag', 'sp', 'stk0', 'stk1', 'dead0']",13,40,0,0,True,1.0,0
small-043,small,5,sink,support,40,"['taint', 'alias', 'mode', 'ctx', 'sp']",5,10,0,0,True,4.0,0
small-043,small,5,sink,pathseal,40,"['input', 'alias', 'mode']",3,10,0,0,True,4.0,0
small-043,small,5,sink,call-context,40,"['ctx', 'sp', 'stk0', 'stk1']",4,4,24,192,False,10.0,24
small-043,small,5,sink,security-surface,40,"['input', 'taint', 'san', 'alias']",4,8,8,32,False,5.0,4
small-043,small,5,sink,syntax-only,40,[],0,1,36,720,False,40.0,86
small-044,small,0,source,exact-state,48,"['input', 'taint', 'san', 'alias', 'guard', 'mode', 'ctx', 'tmp', 'flag', 'sp', 'stk0', 'stk1', 'dead0']",13,48,0,0,True,1.0,0
small-044,small,0,source,support,48,"['input', 'alias', 'mode', 'ctx', 'flag', 'sp', 'stk0', 'stk1']",8,12,0,0,True,4.0,0
small-044,small,0,source,pathseal,48,"['input', 'san', 'alias', 'mode']",4,12,0,0,True,4.0,0
small-044,small,0,source,call-context,48,"['ctx', 'sp', 'stk0', 'stk1']",4,4,32,224,False,12.0,24
small-044,small,0,source,security-surface,48,"['input', 'taint', 'san', 'alias']",4,10,8,48,False,4.8,4
small-044,small,0,source,syntax-only,48,[],0,1,44,1056,False,48.0,84
small-044,small,1,propagate,exact-state,48,"['input', 'taint', 'san', 'alias', 'guard', 'mode', 'ctx', 'tmp', 'flag', 'sp', 'stk0', 'stk1', 'dead0']",13,48,0,0,True,1.0,0
small-044,small,1,propagate,support,48,"['taint', 'alias', 'mode', 'ctx', 'tmp', 'flag']",6,12,0,0,True,4.0,0
small-044,small,1,propagate,pathseal,48,"['taint', 'alias', 'mode']",3,11,0,0,True,4.363636363636363,0
small-044,small,1,propagate,call-context,48,"['ctx', 'sp', 'stk0', 'stk1']",4,4,28,208,False,12.0,22
small-044,small,1,propagate,security-surface,48,"['input', 'taint', 'san', 'alias']",4,10,8,48,False,4.8,4
small-044,small,1,propagate,syntax-only,48,[],0,1,44,1040,False,48.0,82
small-044,small,2,sanitize,exact-state,48,"['input', 'taint', 'san', 'alias', 'guard', 'mode', 'ctx', 'tmp', 'flag', 'sp', 'stk0', 'stk1', 'dead0']",13,48,0,0,True,1.0,0
small-044,small,2,sanitize,support,48,"['taint', 'san', 'mode', 'ctx']",4,11,0,0,True,4.363636363636363,0
small-044,small,2,sanitize,pathseal,48,"['taint', 'mode', 'ctx']",3,11,0,0,True,4.363636363636363,0
small-044,small,2,sanitize,call-context,48,"['ctx', 'sp', 'stk0', 'stk1']",4,4,28,208,False,12.0,22
small-044,small,2,sanitize,security-surface,48,"['input', 'taint', 'san', 'alias']",4,8,16,80,False,6.0,6
small-044,small,2,sanitize,syntax-only,48,[],0,1,44,1040,False,48.0,90
small-044,small,3,branch,exact-state,48,"['input', 'taint', 'san', 'alias', 'guard', 'mode', 'ctx', 'tmp', 'flag', 'sp', 'stk0', 'stk1', 'dead0']",13,48,0,0,True,1.0,0
small-044,small,3,branch,support,48,"['taint', 'san', 'alias', 'guard', 'mode', 'ctx']",6,11,0,0,True,4.363636363636363,0
small-044,small,3,branch,pathseal,48,"['san', 'mode', 'ctx']",3,11,0,0,True,4.363636363636363,0
small-044,small,3,branch,call-context,48,"['ctx', 'sp', 'stk0', 'stk1']",4,4,28,208,False,12.0,22
small-044,small,3,branch,security-surface,48,"['input', 'taint', 'san', 'alias']",4,8,16,80,False,6.0,6
small-044,small,3,branch,syntax-only,48,[],0,1,44,1040,False,48.0,90
small-044,small,4,return,exact-state,44,"['input', 'taint', 'san', 'alias', 'guard', 'mode', 'ctx', 'tmp', 'flag', 'sp', 'stk0', 'stk1', 'dead0']",13,44,0,0,True,1.0,0
small-044,small,4,return,support,44,"['san', 'mode', 'ctx', 'sp', 'stk0', 'stk1']",6,10,0,0,True,4.4,0
small-044,small,4,return,pathseal,44,"['san', 'mode', 'ctx']",3,10,0,0,True,4.4,0
small-044,small,4,return,call-context,44,"['ctx', 'sp', 'stk0', 'stk1']",4,4,24,192,False,11.0,22
small-044,small,4,return,security-surface,44,"['input', 'taint', 'san', 'alias']",4,7,16,80,False,6.285714285714286,6
small-044,small,4,return,syntax-only,44,[],0,1,40,864,False,44.0,82
small-044,small,5,sink,exact-state,44,"['input', 'taint', 'san', 'alias', 'guard', 'mode', 'ctx', 'tmp', 'flag', 'sp', 'stk0', 'stk1', 'dead0']",13,44,0,0,True,1.0,0
small-044,small,5,sink,support,44,"['taint', 'alias', 'mode', 'ctx', 'sp']",5,10,0,0,True,4.4,0
small-044,small,5,sink,pathseal,44,"['san', 'mode', 'ctx']",3,10,0,0,True,4.4,0
small-044,small,5,sink,call-context,44,"['ctx', 'sp', 'stk0', 'stk1']",4,4,24,192,False,11.0,22
small-044,small,5,sink,security-surface,44,"['input', 'taint', 'san', 'alias']",4,7,16,80,False,6.285714285714286,6
small-044,small,5,sink,syntax-only,44,[],0,1,40,864,False,44.0,82
small-045,small,0,source,exact-state,48,"['input', 'taint', 'san', 'alias', 'guard', 'mode', 'ctx', 'tmp', 'flag', 'sp', 'stk0', 'stk1', 'dead0']",13,48,0,0,True,1.0,0
small-045,small,0,source,support,48,"['input', 'mode', 'ctx', 'sp', 'stk0', 'stk1']",6,12,0,0,True,4.0,0
small-045,small,0,source,pathseal,48,"['input', 'mode', 'ctx']",3,12,0,0,True,4.0,0
small-045,small,0,source,call-context,48,"['ctx', 'sp', 'stk0', 'stk1']",4,4,32,224,False,12.0,26
small-045,small,0,source,security-surface,48,"['input', 'taint', 'san', 'alias']",4,9,12,48,False,5.333333333333333,4
small-045,small,0,source,syntax-only,48,[],0,1,44,1056,False,48.0,94
small-045,small,1,propagate,exact-state,48,"['input', 'taint', 'san', 'alias', 'guard', 'mode', 'ctx', 'tmp', 'flag', 'sp', 'stk0', 'stk1', 'dead0']",13,48,0,0,True,1.0,0
small-045,small,1,propagate,support,48,"['input', 'taint', 'alias', 'mode', 'ctx', 'tmp', 'flag']",7,12,0,0,True,4.0,0
small-045,small,1,propagate,pathseal,48,"['input', 'mode', 'ctx']",3,12,0,0,True,4.0,0
small-045,small,1,propagate,call-context,48,"['ctx', 'sp', 'stk0', 'stk1']",4,4,32,224,False,12.0,26
small-045,small,1,propagate,security-surface,48,"['input', 'taint', 'san', 'alias']",4,9,12,48,False,5.333333333333333,4
small-045,small,1,propagate,syntax-only,48,[],0,1,44,1056,False,48.0,94
small-045,small,2,sanitize,exact-state,48,"['input', 'taint', 'san', 'alias', 'guard', 'mode', 'ctx', 'tmp', 'flag', 'sp', 'stk0', 'stk1', 'dead0']",13,48,0,0,True,1.0,0
small-045,small,2,sanitize,support,48,"['taint', 'san', 'mode', 'ctx']",4,12,0,0,True,4.0,0
small-045,small,2,sanitize,pathseal,48,"['input', 'alias', 'ctx']",3,12,0,0,True,4.0,0
small-045,small,2,sanitize,call-context,48,"['ctx', 'sp', 'stk0', 'stk1']",4,4,28,208,False,12.0,22
small-045,small,2,sanitize,security-surface,48,"['input', 'taint', 'san', 'alias']",4,9,12,48,False,5.333333333333333,6
small-045,small,2,sanitize,syntax-only,48,[],0,1,44,1040,False,48.0,96
small-045,small,3,branch,exact-state,48,"['input', 'taint', 'san', 'alias', 'guard', 'mode', 'ctx', 'tmp', 'flag', 'sp', 'stk0', 'stk1', 'dead0']",13,48,0,0,True,1.0,0
small-045,small,3,branch,support,48,"['taint', 'alias', 'guard', 'mode', 'ctx']",5,12,0,0,True,4.0,0
small-045,small,3,branch,pathseal,48,"['mode', 'ctx']",2,10,0,0,True,4.8,0
small-045,small,3,branch,call-context,48,"['ctx', 'sp', 'stk0', 'stk1']",4,4,28,192,False,12.0,22
small-045,small,3,branch,security-surface,48,"['input', 'taint', 'san', 'alias']",4,9,12,48,False,5.333333333333333,6
small-045,small,3,branch,syntax-only,48,[],0,1,44,960,False,48.0,96
small-045,small,4,return,exact-state,32,"['input', 'taint', 'san', 'alias', 'guard', 'mode', 'ctx', 'tmp', 'flag', 'sp', 'stk0', 'stk1', 'dead0']",13,32,0,0,True,1.0,0
small-045,small,4,return,support,32,"['alias', 'ctx', 'sp', 'stk0', 'stk1']",5,8,0,0,True,4.0,0
small-045,small,4,return,pathseal,32,"['alias', 'ctx']",2,8,0,0,True,4.0,0
small-045,small,4,return,call-context,32,"['ctx', 'sp', 'stk0', 'stk1']",4,4,16,64,False,8.0,8
small-045,small,4,return,security-surface,32,"['input', 'taint', 'san', 'alias']",4,6,8,32,False,5.333333333333333,4
small-045,small,4,return,syntax-only,32,[],0,1,28,448,False,32.0,46
small-045,small,5,sink,exact-state,32,"['input', 'taint', 'san', 'alias', 'guard', 'mode', 'ctx', 'tmp', 'flag', 'sp', 'stk0', 'stk1', 'dead0']",13,32,0,0,True,1.0,0
small-045,small,5,sink,support,32,"['taint', 'alias', 'mode', 'ctx', 'sp']",5,8,0,0,True,4.0,0
small-045,small,5,sink,pathseal,32,"['alias', 'ctx']",2,8,0,0,True,4.0,0
small-045,small,5,sink,call-context,32,"['ctx', 'sp', 'stk0', 'stk1']",4,4,16,64,False,8.0,8
small-045,small,5,sink,security-surface,32,"['input', 'taint', 'san', 'alias']",4,6,8,32,False,5.333333333333333,4
small-045,small,5,sink,syntax-only,32,[],0,1,28,448,False,32.0,46
small-046,small,0,source,exact-state,48,"['input', 'taint', 'san', 'alias', 'guard', 'mode', 'ctx', 'tmp', 'flag', 'sp', 'stk0', 'stk1', 'dead0']",13,48,0,0,True,1.0,0
small-046,small,0,source,support,48,"['input', 'ctx', 'tmp', 'flag', 'sp', 'stk0', 'stk1']",7,12,0,0,True,4.0,0
small-046,small,0,source,pathseal,48,"['input', 'ctx', 'tmp']",3,12,0,0,True,4.0,0
small-046,small,0,source,call-context,48,"['ctx', 'sp', 'stk0', 'stk1']",4,4,32,208,False,12.0,24
small-046,small,0,source,security-surface,48,"['input', 'taint', 'san', 'alias']",4,9,12,64,False,5.333333333333333,4
small-046,small,0,source,syntax-only,48,[],0,1,44,1056,False,48.0,90
small-046,small,1,propagate,exact-state,48,"['input', 'taint', 'san', 'alias', 'guard', 'mode', 'ctx', 'tmp', 'flag', 'sp', 'stk0', 'stk1', 'dead0']",13,48,0,0,True,1.0,0
small-046,small,1,propagate,support,48,"['input', 'taint', 'alias', 'mode', 'ctx', 'tmp', 'flag']",7,12,0,0,True,4.0,0
small-046,small,1,propagate,pathseal,48,"['input', 'ctx', 'tmp']",3,12,0,0,True,4.0,0
small-046,small,1,propagate,call-context,48,"['ctx', 'sp', 'stk0', 'stk1']",4,4,32,208,False,12.0,24
small-046,small,1,propagate,security-surface,48,"['input', 'taint', 'san', 'alias']",4,9,12,64,False,5.333333333333333,4
small-046,small,1,propagate,syntax-only,48,[],0,1,44,1056,False,48.0,90
small-046,small,2,sanitize,exact-state,48,"['input', 'taint', 'san', 'alias', 'guard', 'mode', 'ctx', 'tmp', 'flag', 'sp', 'stk0', 'stk1', 'dead0']",13,48,0,0,True,1.0,0
small-046,small,2,sanitize,support,48,"['input', 'taint', 'san', 'alias', 'ctx']",5,12,0,0,True,4.0,0
small-046,small,2,sanitize,pathseal,48,"['input', 'alias', 'ctx']",3,12,0,0,True,4.0,0
small-046,small,2,sanitize,call-context,48,"['ctx', 'sp', 'stk0', 'stk1']",4,4,32,208,False,12.0,24
small-046,small,2,sanitize,security-surface,48,"['input', 'taint', 'san', 'alias']",4,10,8,32,False,4.8,4
small-046,small,2,sanitize,syntax-only,48,[],0,1,44,1056,False,48.0,92
small-046,small,3,branch,exact-state,48,"['input', 'taint', 'san', 'alias', 'guard', 'mode', 'ctx', 'tmp', 'flag', 'sp', 'stk0', 'stk1', 'dead0']",13,48,0,0,True,1.0,0
small-046,small,3,branch,support,48,"['taint', 'alias', 'guard', 'mode', 'ctx', 'tmp']",6,12,0,0,True,4.0,0
small-046,small,3,branch,pathseal,48,"['input', 'alias', 'ctx']",3,12,0,0,True,4.0,0
small-046,small,3,branch,call-context,48,"['ctx', 'sp', 'stk0', 'stk1']",4,4,32,208,False,12.0,24
small-046,small,3,branch,security-surface,48,"['input', 'taint', 'san', 'alias']",4,9,12,48,False,5.333333333333333,6
small-046,small,3,branch,syntax-only,48,[],0,1,44,1056,False,48.0,98
small-046,small,4,return,exact-state,44,"['input', 'taint', 'san', 'alias', 'guard', 'mode', 'ctx', 'tmp', 'flag', 'sp', 'stk0', 'stk1', 'dead0']",13,44,0,0,True,1.0,0
small-046,small,4,return,support,44,"['ctx', 'tmp', 'sp', 'stk0', 'stk1']",5,11,0,0,True,4.0,0
small-046,small,4,return,pathseal,44,"['ctx', 'tmp']",2,11,0,0,True,4.0,0
small-046,small,4,return,call-context,44,"['ctx', 'sp', 'stk0', 'stk1']",4,4,28,176,False,11.0,22
small-046,small,4,return,security-surface,44,"['input', 'taint', 'san', 'alias']",4,8,12,48,False,5.5,6
small-046,small,4,return,syntax-only,44,[],0,1,40,880,False,44.0,84
small-046,small,5,sink,exact-state,44,"['input', 'taint', 'san', 'alias', 'guard', 'mode', 'ctx', 'tmp', 'flag', 'sp', 'stk0', 'stk1', 'dead0']",13,44,0,0,True,1.0,0
small-046,small,5,sink,support,44,"['taint', 'alias', 'mode', 'ctx', 'sp']",5,11,0,0,True,4.0,0
small-046,small,5,sink,pathseal,44,"['ctx', 'tmp']",2,11,0,0,True,4.0,0
small-046,small,5,sink,call-context,44,"['ctx', 'sp', 'stk0', 'stk1']",4,4,28,176,False,11.0,22
small-046,small,5,sink,security-surface,44,"['input', 'taint', 'san', 'alias']",4,8,12,48,False,5.5,6
small-046,small,5,sink,syntax-only,44,[],0,1,40,880,False,44.0,84
small-047,small,0,source,exact-state,48,"['input', 'taint', 'san', 'alias', 'guard', 'mode', 'ctx', 'tmp', 'flag', 'sp', 'stk0', 'stk1', 'dead0']",13,48,0,0,True,1.0,0
small-047,small,0,source,support,48,"['input', 'san', 'guard', 'ctx', 'sp', 'stk0', 'stk1']",7,12,0,0,True,4.0,0
small-047,small,0,source,pathseal,48,"['input', 'san', 'guard', 'ctx']",4,12,0,0,True,4.0,0
small-047,small,0,source,call-context,48,"['ctx', 'sp', 'stk0', 'stk1']",4,4,32,240,False,12.0,28
small-047,small,0,source,security-surface,48,"['input', 'taint', 'san', 'alias']",4,7,20,96,False,6.857142857142857,8
small-047,small,0,source,syntax-only,48,[],0,1,44,1056,False,48.0,96
small-047,small,1,propagate,exact-state,48,"['input', 'taint', 'san', 'alias', 'guard', 'mode', 'ctx', 'tmp', 'flag', 'sp', 'stk0', 'stk1', 'dead0']",13,48,0,0,True,1.0,0
small-047,small,1,propagate,support,48,"['taint', 'san', 'alias', 'mode', 'tmp', 'flag']",6,12,0,0,True,4.0,0
small-047,small,1,propagate,pathseal,48,"['input', 'san', 'guard', 'ctx']",4,12,0,0,True,4.0,0
small-047,small,1,propagate,call-context,48,"['ctx', 'sp', 'stk0', 'stk1']",4,4,32,240,False,12.0,28
small-047,small,1,propagate,security-surface,48,"['input', 'taint', 'san', 'alias']",4,7,20,96,False,6.857142857142857,8
small-047,small,1,propagate,syntax-only,48,[],0,1,44,1056,False,48.0,96
small-047,small,2,sanitize,exact-state,48,"['input', 'taint', 'san', 'alias', 'guard', 'mode', 'ctx', 'tmp', 'flag', 'sp', 'stk0', 'stk1', 'dead0']",13,48,0,0,True,1.0,0
small-047,small,2,sanitize,support,48,"['taint', 'san', 'alias', 'mode']",4,12,0,0,True,4.0,0
small-047,small,2,sanitize,pathseal,48,"['san', 'alias', 'mode']",3,12,0,0,True,4.0,0
small-047,small,2,sanitize,call-context,48,"['ctx', 'sp', 'stk0', 'stk1']",4,4,32,240,False,12.0,28
small-047,small,2,sanitize,security-surface,48,"['input', 'taint', 'san', 'alias']",4,8,16,64,False,6.0,8
small-047,small,2,sanitize,syntax-only,48,[],0,1,44,1056,False,48.0,102
small-047,small,3,branch,exact-state,48,"['input', 'taint', 'san', 'alias', 'guard', 'mode', 'ctx', 'tmp', 'flag', 'sp', 'stk0', 'stk1', 'dead0']",13,48,0,0,True,1.0,0
small-047,small,3,branch,support,48,"['input', 'taint', 'alias', 'guard', 'mode', 'ctx']",6,12,0,0,True,4.0,0
small-047,small,3,branch,pathseal,48,"['san', 'alias', 'mode']",3,12,0,0,True,4.0,0
small-047,small,3,branch,call-context,48,"['ctx', 'sp', 'stk0', 'stk1']",4,4,32,240,False,12.0,30
small-047,small,3,branch,security-surface,48,"['input', 'taint', 'san', 'alias']",4,8,16,64,False,6.0,8
small-047,small,3,branch,syntax-only,48,[],0,1,44,1040,False,48.0,106
small-047,small,4,return,exact-state,40,"['input', 'taint', 'san', 'alias', 'guard', 'mode', 'ctx', 'tmp', 'flag', 'sp', 'stk0', 'stk1', 'dead0']",13,40,0,0,True,1.0,0
small-047,small,4,return,support,40,"['input', 'taint', 'ctx', 'sp', 'stk0', 'stk1']",6,10,0,0,True,4.0,0
small-047,small,4,return,pathseal,40,"['input', 'taint', 'ctx']",3,10,0,0,True,4.0,0
small-047,small,4,return,call-context,40,"['ctx', 'sp', 'stk0', 'stk1']",4,4,24,160,False,10.0,20
small-047,small,4,return,security-surface,40,"['input', 'taint', 'san', 'alias']",4,7,12,48,False,5.714285714285714,6
small-047,small,4,return,syntax-only,40,[],0,1,36,720,False,40.0,84
small-047,small,5,sink,exact-state,40,"['input', 'taint', 'san', 'alias', 'guard', 'mode', 'ctx', 'tmp', 'flag', 'sp', 'stk0', 'stk1', 'dead0']",13,40,0,0,True,1.0,0
small-047,small,5,sink,support,40,"['taint', 'alias', 'mode', 'ctx', 'sp']",5,10,0,0,True,4.0,0
small-047,small,5,sink,pathseal,40,"['input', 'taint', 'ctx']",3,10,0,0,True,4.0,0
small-047,small,5,sink,call-context,40,"['ctx', 'sp', 'stk0', 'stk1']",4,4,24,160,False,10.0,20
small-047,small,5,sink,security-surface,40,"['input', 'taint', 'san', 'alias']",4,7,12,48,False,5.714285714285714,6
small-047,small,5,sink,syntax-only,40,[],0,1,36,720,False,40.0,84
small-048,small,0,source,exact-state,48,"['input', 'taint', 'san', 'alias', 'guard', 'mode', 'ctx', 'tmp', 'flag', 'sp', 'stk0', 'stk1', 'dead0']",13,48,0,0,True,1.0,0
small-048,small,0,source,support,48,"['input', 'alias', 'mode', 'ctx', 'flag', 'sp', 'stk0', 'stk1']",8,12,0,0,True,4.0,0
small-048,small,0,source,pathseal,48,"['alias', 'guard', 'ctx']",3,12,0,0,True,4.0,0
small-048,small,0,source,call-context,48,"['ctx', 'sp', 'stk0', 'stk1']",4,4,32,256,False,12.0,30
small-048,small,0,source,security-surface,48,"['input', 'taint', 'san', 'alias']",4,10,8,32,False,4.8,4
small-048,small,0,source,syntax-only,48,[],0,1,44,1056,False,48.0,108
small-048,small,1,propagate,exact-state,48,"['input', 'taint', 'san', 'alias', 'guard', 'mode', 'ctx', 'tmp', 'flag', 'sp', 'stk0', 'stk1', 'dead0']",13,48,0,0,True,1.0,0
small-048,small,1,propagate,support,48,"['taint', 'alias', 'mode', 'ctx', 'tmp', 'flag']",6,12,0,0,True,4.0,0
small-048,small,1,propagate,pathseal,48,"['taint', 'alias', 'mode']",3,12,0,0,True,4.0,0
small-048,small,1,propagate,call-context,48,"['ctx', 'sp', 'stk0', 'stk1']",4,4,32,256,False,12.0,30
small-048,small,1,propagate,security-surface,48,"['input', 'taint', 'san', 'alias']",4,12,0,0,True,4.0,0
small-048,small,1,propagate,syntax-only,48,[],0,1,44,1056,False,48.0,108
small-048,small,2,sanitize,exact-state,48,"['input', 'taint', 'san', 'alias', 'guard', 'mode', 'ctx', 'tmp', 'flag', 'sp', 'stk0', 'stk1', 'dead0']",13,48,0,0,True,1.0,0
small-048,small,2,sanitize,support,48,"['taint', 'san', 'alias', 'guard', 'ctx']",5,12,0,0,True,4.0,0
small-048,small,2,sanitize,pathseal,48,"['taint', 'alias', 'ctx']",3,12,0,0,True,4.0,0
small-048,small,2,sanitize,call-context,48,"['ctx', 'sp', 'stk0', 'stk1']",4,4,32,256,False,12.0,30
small-048,small,2,sanitize,security-surface,48,"['input', 'taint', 'san', 'alias']",4,11,4,16,False,4.363636363636363,2
small-048,small,2,sanitize,syntax-only,48,[],0,1,44,1056,False,48.0,110
small-048,small,3,branch,exact-state,48,"['input', 'taint', 'san', 'alias', 'guard', 'mode', 'ctx', 'tmp', 'flag', 'sp', 'stk0', 'stk1', 'dead0']",13,48,0,0,True,1.0,0
small-048,small,3,branch,support,48,"['input', 'taint', 'alias', 'guard', 'mode']",5,12,0,0,True,4.0,0
small-048,small,3,branch,pathseal,48,"['alias', 'guard', 'ctx']",3,12,0,0,True,4.0,0
small-048,small,3,branch,call-context,48,"['ctx', 'sp', 'stk0', 'stk1']",4,4,32,256,False,12.0,30
small-048,small,3,branch,security-surface,48,"['input', 'taint', 'san', 'alias']",4,9,12,64,False,5.333333333333333,8
small-048,small,3,branch,syntax-only,48,[],0,1,44,1056,False,48.0,116
small-048,small,4,return,exact-state,48,"['input', 'taint', 'san', 'alias', 'guard', 'mode', 'ctx', 'tmp', 'flag', 'sp', 'stk0', 'stk1', 'dead0']",13,48,0,0,True,1.0,0
small-048,small,4,return,support,48,"['input', 'alias', 'mode', 'ctx', 'sp', 'stk0', 'stk1']",7,11,0,0,True,4.363636363636363,0
small-048,small,4,return,pathseal,48,"['input', 'alias', 'mode']",3,11,0,0,True,4.363636363636363,0
small-048,small,4,return,call-context,48,"['ctx', 'sp', 'stk0', 'stk1']",4,4,28,240,False,12.0,30
small-048,small,4,return,security-surface,48,"['input', 'taint', 'san', 'alias']",4,9,12,64,False,5.333333333333333,8
small-048,small,4,return,syntax-only,48,[],0,1,40,1040,False,48.0,116
small-048,small,5,sink,exact-state,48,"['input', 'taint', 'san', 'alias', 'guard', 'mode', 'ctx', 'tmp', 'flag', 'sp', 'stk0', 'stk1', 'dead0']",13,48,0,0,True,1.0,0
small-048,small,5,sink,support,48,"['taint', 'alias', 'mode', 'ctx', 'sp']",5,11,0,0,True,4.363636363636363,0
small-048,small,5,sink,pathseal,48,"['input', 'alias', 'mode']",3,11,0,0,True,4.363636363636363,0
small-048,small,5,sink,call-context,48,"['ctx', 'sp', 'stk0', 'stk1']",4,4,28,240,False,12.0,30
small-048,small,5,sink,security-surface,48,"['input', 'taint', 'san', 'alias']",4,9,12,64,False,5.333333333333333,8
small-048,small,5,sink,syntax-only,48,[],0,1,40,1040,False,48.0,116
small-049,small,0,source,exact-state,48,"['input', 'taint', 'san', 'alias', 'guard', 'mode', 'ctx', 'tmp', 'flag', 'sp', 'stk0', 'stk1', 'dead0']",13,48,0,0,True,1.0,0
small-049,small,0,source,support,48,"['input', 'san', 'guard', 'mode', 'ctx', 'sp', 'stk0', 'stk1']",8,12,0,0,True,4.0,0
small-049,small,0,source,pathseal,48,"['san', 'guard', 'mode']",3,12,0,0,True,4.0,0
small-049,small,0,source,call-context,48,"['ctx', 'sp', 'stk0', 'stk1']",4,4,32,304,False,12.0,34
small-049,small,0,source,security-surface,48,"['input', 'taint', 'san', 'alias']",4,10,8,32,False,4.8,4
small-049,small,0,source,syntax-only,48,[],0,1,44,1056,False,48.0,100
small-049,small,1,propagate,exact-state,48,"['input', 'taint', 'san', 'alias', 'guard', 'mode', 'ctx', 'tmp', 'flag', 'sp', 'stk0', 'stk1', 'dead0']",13,48,0,0,True,1.0,0
small-049,small,1,propagate,support,48,"['taint', 'san', 'alias', 'guard', 'mode', 'tmp', 'flag']",7,12,0,0,True,4.0,0
small-049,small,1,propagate,pathseal,48,"['san', 'guard', 'mode']",3,12,0,0,True,4.0,0
small-049,small,1,propagate,call-context,48,"['ctx', 'sp', 'stk0', 'stk1']",4,4,32,304,False,12.0,34
small-049,small,1,propagate,security-surface,48,"['input', 'taint', 'san', 'alias']",4,10,8,32,False,4.8,4
small-049,small,1,propagate,syntax-only,48,[],0,1,44,1056,False,48.0,100
small-049,small,2,sanitize,exact-state,48,"['input', 'taint', 'san', 'alias', 'guard', 'mode', 'ctx', 'tmp', 'flag', 'sp', 'stk0', 'stk1', 'dead0']",13,48,0,0,True,1.0,0
small-049,small,2,sanitize,support,48,"['taint', 'san', 'guard', 'mode']",4,12,0,0,True,4.0,0
small-049,small,2,sanitize,pathseal,48,"['san', 'guard', 'mode']",3,12,0,0,True,4.0,0
small-049,small,2,sanitize,call-context,48,"['ctx', 'sp', 'stk0', 'stk1']",4,4,32,304,False,12.0,38
small-049,small,2,sanitize,security-surface,48,"['input', 'taint', 'san', 'alias']",4,9,12,48,False,5.333333333333333,6
small-049,small,2,sanitize,syntax-only,48,[],0,1,44,1056,False,48.0,104
small-049,small,3,branch,exact-state,48,"['input', 'taint', 'san', 'alias', 'guard', 'mode', 'ctx', 'tmp', 'flag', 'sp', 'stk0', 'stk1', 'dead0']",13,48,0,0,True,1.0,0
small-049,small,3,branch,support,48,"['input', 'taint', 'alias', 'guard', 'mode']",5,12,0,0,True,4.0,0
small-049,small,3,branch,pathseal,48,"['taint', 'guard', 'mode']",3,12,0,0,True,4.0,0
small-049,small,3,branch,call-context,48,"['ctx', 'sp', 'stk0', 'stk1']",4,4,32,304,False,12.0,38
small-049,small,3,branch,security-surface,48,"['input', 'taint', 'san', 'alias']",4,9,12,48,False,5.333333333333333,6
small-049,small,3,branch,syntax-only,48,[],0,1,44,1040,False,48.0,106
small-049,small,4,return,exact-state,40,"['input', 'taint', 'san', 'alias', 'guard', 'mode', 'ctx', 'tmp', 'flag', 'sp', 'stk0', 'stk1', 'dead0']",13,40,0,0,True,1.0,0
small-049,small,4,return,support,40,"['input', 'alias', 'mode', 'ctx', 'sp', 'stk0', 'stk1']",7,10,0,0,True,4.0,0
small-049,small,4,return,pathseal,40,"['input', 'alias', 'mode']",3,10,0,0,True,4.0,0
small-049,small,4,return,call-context,40,"['ctx', 'sp', 'stk0', 'stk1']",4,3,28,288,False,13.333333333333334,36
small-049,small,4,return,security-surface,40,"['input', 'taint', 'san', 'alias']",4,9,4,16,False,4.444444444444445,2
small-049,small,4,return,syntax-only,40,[],0,1,36,720,False,40.0,84
small-049,small,5,sink,exact-state,40,"['input', 'taint', 'san', 'alias', 'guard', 'mode', 'ctx', 'tmp', 'flag', 'sp', 'stk0', 'stk1', 'dead0']",13,40,0,0,True,1.0,0
small-049,small,5,sink,support,40,"['taint', 'alias', 'mode', 'ctx', 'sp']",5,10,0,0,True,4.0,0
small-049,small,5,sink,pathseal,40,"['input', 'alias', 'mode']",3,10,0,0,True,4.0,0
small-049,small,5,sink,call-context,40,"['ctx', 'sp', 'stk0', 'stk1']",4,3,28,288,False,13.333333333333334,36
small-049,small,5,sink,security-surface,40,"['input', 'taint', 'san', 'alias']",4,9,4,16,False,4.444444444444445,2
small-049,small,5,sink,syntax-only,40,[],0,1,36,720,False,40.0,84
small-050,small,0,source,exact-state,48,"['input', 'taint', 'san', 'alias', 'guard', 'mode', 'ctx', 'tmp', 'flag', 'sp', 'stk0', 'stk1', 'dead0']",13,48,0,0,True,1.0,0
small-050,small,0,source,support,48,"['input', 'ctx', 'tmp', 'flag', 'sp', 'stk0', 'stk1']",7,12,0,0,True,4.0,0
small-050,small,0,source,pathseal,48,"['input', 'ctx', 'tmp']",3,12,0,0,True,4.0,0
small-050,small,0,source,call-context,48,"['ctx', 'sp', 'stk0', 'stk1']",4,4,32,224,False,12.0,26
small-050,small,0,source,security-surface,48,"['input', 'taint', 'san', 'alias']",4,7,20,96,False,6.857142857142857,12
small-050,small,0,source,syntax-only,48,[],0,1,44,1056,False,48.0,100
small-050,small,1,propagate,exact-state,48,"['input', 'taint', 'san', 'alias', 'guard', 'mode', 'ctx', 'tmp', 'flag', 'sp', 'stk0', 'stk1', 'dead0']",13,48,0,0,True,1.0,0
small-050,small,1,propagate,support,48,"['input', 'taint', 'alias', 'mode', 'ctx', 'tmp', 'flag']",7,12,0,0,True,4.0,0
small-050,small,1,propagate,pathseal,48,"['input', 'ctx', 'tmp']",3,12,0,0,True,4.0,0
small-050,small,1,propagate,call-context,48,"['ctx', 'sp', 'stk0', 'stk1']",4,4,32,224,False,12.0,26
small-050,small,1,propagate,security-surface,48,"['input', 'taint', 'san', 'alias']",4,8,16,64,False,6.0,8
small-050,small,1,propagate,syntax-only,48,[],0,1,44,1056,False,48.0,100
small-050,small,2,sanitize,exact-state,48,"['input', 'taint', 'san', 'alias', 'guard', 'mode', 'ctx', 'tmp', 'flag', 'sp', 'stk0', 'stk1', 'dead0']",13,48,0,0,True,1.0,0
small-050,small,2,sanitize,support,48,"['input', 'taint', 'san', 'alias', 'ctx']",5,12,0,0,True,4.0,0
small-050,small,2,sanitize,pathseal,48,"['input', 'ctx', 'tmp']",3,12,0,0,True,4.0,0
small-050,small,2,sanitize,call-context,48,"['ctx', 'sp', 'stk0', 'stk1']",4,4,32,224,False,12.0,26
small-050,small,2,sanitize,security-surface,48,"['input', 'taint', 'san', 'alias']",4,9,12,48,False,5.333333333333333,6
small-050,small,2,sanitize,syntax-only,48,[],0,1,44,1056,False,48.0,100
small-050,small,3,branch,exact-state,48,"['input', 'taint', 'san', 'alias', 'guard', 'mode', 'ctx', 'tmp', 'flag', 'sp', 'stk0', 'stk1', 'dead0']",13,48,0,0,True,1.0,0
small-050,small,3,branch,support,48,"['input', 'taint', 'alias', 'guard', 'mode', 'ctx']",6,11,0,0,True,4.363636363636363,0
small-050,small,3,branch,pathseal,48,"['input', 'alias', 'ctx']",3,11,0,0,True,4.363636363636363,0
small-050,small,3,branch,call-context,48,"['ctx', 'sp', 'stk0', 'stk1']",4,4,24,176,False,12.0,22
small-050,small,3,branch,security-surface,48,"['input', 'taint', 'san', 'alias']",4,9,12,48,False,5.333333333333333,6
small-050,small,3,branch,syntax-only,48,[],0,1,44,1008,False,48.0,104
small-050,small,4,return,exact-state,36,"['input', 'taint', 'san', 'alias', 'guard', 'mode', 'ctx', 'tmp', 'flag', 'sp', 'stk0', 'stk1', 'dead0']",13,36,0,0,True,1.0,0
small-050,small,4,return,support,36,"['input', 'taint', 'ctx', 'sp', 'stk0', 'stk1']",6,9,0,0,True,4.0,0
small-050,small,4,return,pathseal,36,"['input', 'taint', 'ctx']",3,9,0,0,True,4.0,0
small-050,small,4,return,call-context,36,"['ctx', 'sp', 'stk0', 'stk1']",4,4,20,128,False,9.0,16
small-050,small,4,return,security-surface,36,"['input', 'taint', 'san', 'alias']",4,8,4,16,False,4.5,2
small-050,small,4,return,syntax-only,36,[],0,1,32,576,False,36.0,70
small-050,small,5,sink,exact-state,36,"['input', 'taint', 'san', 'alias', 'guard', 'mode', 'ctx', 'tmp', 'flag', 'sp', 'stk0', 'stk1', 'dead0']",13,36,0,0,True,1.0,0
small-050,small,5,sink,support,36,"['taint', 'alias', 'mode', 'ctx', 'sp']",5,9,0,0,True,4.0,0
small-050,small,5,sink,pathseal,36,"['input', 'taint', 'ctx']",3,9,0,0,True,4.0,0
small-050,small,5,sink,call-context,36,"['ctx', 'sp', 'stk0', 'stk1']",4,4,20,128,False,9.0,16
small-050,small,5,sink,security-surface,36,"['input', 'taint', 'san', 'alias']",4,8,4,16,False,4.5,2
small-050,small,5,sink,syntax-only,36,[],0,1,32,576,False,36.0,70
small-051,small,0,source,exact-state,48,"['input', 'taint', 'san', 'alias', 'guard', 'mode', 'ctx', 'tmp', 'flag', 'sp', 'stk0', 'stk1', 'dead0']",13,48,0,0,True,1.0,0
small-051,small,0,source,support,48,"['input', 'san', 'ctx', 'tmp', 'sp', 'stk0', 'stk1']",7,12,0,0,True,4.0,0
small-051,small,0,source,pathseal,48,"['san', 'ctx', 'tmp']",3,12,0,0,True,4.0,0
small-051,small,0,source,call-context,48,"['ctx', 'sp', 'stk0', 'stk1']",4,4,32,272,False,12.0,26
small-051,small,0,source,security-surface,48,"['input', 'taint', 'san', 'alias']",4,9,12,48,False,5.333333333333333,6
small-051,small,0,source,syntax-only,48,[],0,1,44,1056,False,48.0,98
small-051,small,1,propagate,exact-state,48,"['input', 'taint', 'san', 'alias', 'guard', 'mode', 'ctx', 'tmp', 'flag', 'sp', 'stk0', 'stk1', 'dead0']",13,48,0,0,True,1.0,0
small-051,small,1,propagate,support,48,"['input', 'taint', 'alias', 'mode', 'ctx', 'tmp', 'flag']",7,12,0,0,True,4.0,0
small-051,small,1,propagate,pathseal,48,"['san', 'ctx', 'tmp']",3,12,0,0,True,4.0,0
small-051,small,1,propagate,call-context,48,"['ctx', 'sp', 'stk0', 'stk1']",4,4,32,272,False,12.0,26
small-051,small,1,propagate,security-surface,48,"['input', 'taint', 'san', 'alias']",4,9,12,48,False,5.333333333333333,6
small-051,small,1,propagate,syntax-only,48,[],0,1,44,1056,False,48.0,98
small-051,small,2,sanitize,exact-state,48,"['input', 'taint', 'san', 'alias', 'guard', 'mode', 'ctx', 'tmp', 'flag', 'sp', 'stk0', 'stk1', 'dead0']",13,48,0,0,True,1.0,0
small-051,small,2,sanitize,support,48,"['input', 'taint', 'san', 'alias', 'ctx']",5,12,0,0,True,4.0,0
small-051,small,2,sanitize,pathseal,48,"['input', 'alias', 'ctx']",3,12,0,0,True,4.0,0
small-051,small,2,sanitize,call-context,48,"['ctx', 'sp', 'stk0', 'stk1']",4,4,32,272,False,12.0,28
small-051,small,2,sanitize,security-surface,48,"['input', 'taint', 'san', 'alias']",4,9,12,64,False,5.333333333333333,8
small-051,small,2,sanitize,syntax-only,48,[],0,1,44,1056,False,48.0,102
small-051,small,3,branch,exact-state,48,"['input', 'taint', 'san', 'alias', 'guard', 'mode', 'ctx', 'tmp', 'flag', 'sp', 'stk0', 'stk1', 'dead0']",13,48,0,0,True,1.0,0
small-051,small,3,branch,support,48,"['input', 'taint', 'alias', 'guard', 'mode', 'ctx']",6,12,0,0,True,4.0,0
small-051,small,3,branch,pathseal,48,"['input', 'alias', 'ctx']",3,12,0,0,True,4.0,0
small-051,small,3,branch,call-context,48,"['ctx', 'sp', 'stk0', 'stk1']",4,4,32,256,False,12.0,26
small-051,small,3,branch,security-surface,48,"['input', 'taint', 'san', 'alias']",4,9,12,64,False,5.333333333333333,8
small-051,small,3,branch,syntax-only,48,[],0,1,44,1040,False,48.0,106
small-051,small,4,return,exact-state,40,"['input', 'taint', 'san', 'alias', 'guard', 'mode', 'ctx', 'tmp', 'flag', 'sp', 'stk0', 'stk1', 'dead0']",13,40,0,0,True,1.0,0
small-051,small,4,return,support,40,"['input', 'alias', 'ctx', 'sp', 'stk0', 'stk1']",6,10,0,0,True,4.0,0
small-051,small,4,return,pathseal,40,"['input', 'alias', 'ctx']",3,10,0,0,True,4.0,0
small-051,small,4,return,call-context,40,"['ctx', 'sp', 'stk0', 'stk1']",4,4,24,160,False,10.0,20
small-051,small,4,return,security-surface,40,"['input', 'taint', 'san', 'alias']",4,8,8,48,False,5.0,6
small-051,small,4,return,syntax-only,40,[],0,1,36,720,False,40.0,84
small-051,small,5,sink,exact-state,40,"['input', 'taint', 'san', 'alias', 'guard', 'mode', 'ctx', 'tmp', 'flag', 'sp', 'stk0', 'stk1', 'dead0']",13,40,0,0,True,1.0,0
small-051,small,5,sink,support,40,"['taint', 'alias', 'mode', 'ctx', 'sp']",5,10,0,0,True,4.0,0
small-051,small,5,sink,pathseal,40,"['input', 'alias', 'ctx']",3,10,0,0,True,4.0,0
small-051,small,5,sink,call-context,40,"['ctx', 'sp', 'stk0', 'stk1']",4,4,24,160,False,10.0,20
small-051,small,5,sink,security-surface,40,"['input', 'taint', 'san', 'alias']",4,8,8,48,False,5.0,6
small-051,small,5,sink,syntax-only,40,[],0,1,36,720,False,40.0,84
small-052,small,0,source,exact-state,48,"['input', 'taint', 'san', 'alias', 'guard', 'mode', 'ctx', 'tmp', 'flag', 'sp', 'stk0', 'stk1', 'dead0']",13,48,0,0,True,1.0,0
small-052,small,0,source,support,48,"['input', 'ctx', 'tmp', 'flag', 'sp', 'stk0', 'stk1']",7,12,0,0,True,4.0,0
small-052,small,0,source,pathseal,48,"['input', 'ctx', 'tmp']",3,12,0,0,True,4.0,0
small-052,small,0,source,call-context,48,"['ctx', 'sp', 'stk0', 'stk1']",4,4,32,240,False,12.0,20
small-052,small,0,source,security-surface,48,"['input', 'taint', 'san', 'alias']",4,9,12,48,False,5.333333333333333,4
small-052,small,0,source,syntax-only,48,[],0,1,44,1056,False,48.0,92
small-052,small,1,propagate,exact-state,48,"['input', 'taint', 'san', 'alias', 'guard', 'mode', 'ctx', 'tmp', 'flag', 'sp', 'stk0', 'stk1', 'dead0']",13,48,0,0,True,1.0,0
small-052,small,1,propagate,support,48,"['input', 'taint', 'alias', 'mode', 'ctx', 'tmp', 'flag']",7,12,0,0,True,4.0,0
small-052,small,1,propagate,pathseal,48,"['input', 'ctx', 'tmp']",3,12,0,0,True,4.0,0
small-052,small,1,propagate,call-context,48,"['ctx', 'sp', 'stk0', 'stk1']",4,4,32,240,False,12.0,20
small-052,small,1,propagate,security-surface,48,"['input', 'taint', 'san', 'alias']",4,11,4,16,False,4.363636363636363,2
small-052,small,1,propagate,syntax-only,48,[],0,1,44,1056,False,48.0,92
small-052,small,2,sanitize,exact-state,48,"['input', 'taint', 'san', 'alias', 'guard', 'mode', 'ctx', 'tmp', 'flag', 'sp', 'stk0', 'stk1', 'dead0']",13,48,0,0,True,1.0,0
small-052,small,2,sanitize,support,48,"['input', 'taint', 'san', 'ctx', 'tmp']",5,12,0,0,True,4.0,0
small-052,small,2,sanitize,pathseal,48,"['input', 'ctx', 'tmp']",3,12,0,0,True,4.0,0
small-052,small,2,sanitize,call-context,48,"['ctx', 'sp', 'stk0', 'stk1']",4,4,32,240,False,12.0,20
small-052,small,2,sanitize,security-surface,48,"['input', 'taint', 'san', 'alias']",4,12,0,0,True,4.0,0
small-052,small,2,sanitize,syntax-only,48,[],0,1,44,1056,False,48.0,96
small-052,small,3,branch,exact-state,48,"['input', 'taint', 'san', 'alias', 'guard', 'mode', 'ctx', 'tmp', 'flag', 'sp', 'stk0', 'stk1', 'dead0']",13,48,0,0,True,1.0,0
small-052,small,3,branch,support,48,"['taint', 'alias', 'guard', 'mode', 'ctx', 'tmp']",6,12,0,0,True,4.0,0
small-052,small,3,branch,pathseal,48,"['input', 'ctx', 'tmp']",3,12,0,0,True,4.0,0
small-052,small,3,branch,call-context,48,"['ctx', 'sp', 'stk0', 'stk1']",4,4,32,240,False,12.0,26
small-052,small,3,branch,security-surface,48,"['input', 'taint', 'san', 'alias']",4,10,8,32,False,4.8,2
small-052,small,3,branch,syntax-only,48,[],0,1,44,1056,False,48.0,110
small-052,small,4,return,exact-state,48,"['input', 'taint', 'san', 'alias', 'guard', 'mode', 'ctx', 'tmp', 'flag', 'sp', 'stk0', 'stk1', 'dead0']",13,48,0,0,True,1.0,0
small-052,small,4,return,support,48,"['ctx', 'tmp', 'sp', 'stk0', 'stk1']",5,11,0,0,True,4.363636363636363,0
small-052,small,4,return,pathseal,48,"['ctx', 'tmp']",2,11,0,0,True,4.363636363636363,0
small-052,small,4,return,call-context,48,"['ctx', 'sp', 'stk0', 'stk1']",4,4,32,224,False,12.0,22
small-052,small,4,return,security-surface,48,"['input', 'taint', 'san', 'alias']",4,10,8,32,False,4.8,2
small-052,small,4,return,syntax-only,48,[],0,1,44,1040,False,48.0,108
small-052,small,5,sink,exact-state,48,"['input', 'taint', 'san', 'alias', 'guard', 'mode', 'ctx', 'tmp', 'flag', 'sp', 'stk0', 'stk1', 'dead0']",13,48,0,0,True,1.0,0
small-052,small,5,sink,support,48,"['taint', 'alias', 'mode', 'ctx', 'sp']",5,11,0,0,True,4.363636363636363,0
small-052,small,5,sink,pathseal,48,"['ctx', 'tmp']",2,11,0,0,True,4.363636363636363,0
small-052,small,5,sink,call-context,48,"['ctx', 'sp', 'stk0', 'stk1']",4,4,32,224,False,12.0,22
small-052,small,5,sink,security-surface,48,"['input', 'taint', 'san', 'alias']",4,10,8,32,False,4.8,2
small-052,small,5,sink,syntax-only,48,[],0,1,44,1040,False,48.0,108
small-053,small,0,source,exact-state,48,"['input', 'taint', 'san', 'alias', 'guard', 'mode', 'ctx', 'tmp', 'flag', 'sp', 'stk0', 'stk1', 'dead0']",13,48,0,0,True,1.0,0
small-053,small,0,source,support,48,"['input', 'san', 'alias', 'mode', 'ctx', 'sp', 'stk0', 'stk1']",8,12,0,0,True,4.0,0
small-053,small,0,source,pathseal,48,"['input', 'san', 'alias', 'mode']",4,12,0,0,True,4.0,0
small-053,small,0,source,call-context,48,"['ctx', 'sp', 'stk0', 'stk1']",4,4,32,336,False,12.0,40
small-053,small,0,source,security-surface,48,"['input', 'taint', 'san', 'alias']",4,9,12,64,False,5.333333333333333,8
small-053,small,0,source,syntax-only,48,[],0,1,44,1056,False,48.0,106
small-053,small,1,propagate,exact-state,48,"['input', 'taint', 'san', 'alias', 'guard', 'mode', 'ctx', 'tmp', 'flag', 'sp', 'stk0', 'stk1', 'dead0']",13,48,0,0,True,1.0,0
small-053,small,1,propagate,support,48,"['input', 'taint', 'san', 'alias', 'mode', 'tmp', 'flag']",7,12,0,0,True,4.0,0
small-053,small,1,propagate,pathseal,48,"['input', 'san', 'alias', 'mode']",4,12,0,0,True,4.0,0
small-053,small,1,propagate,call-context,48,"['ctx', 'sp', 'stk0', 'stk1']",4,4,32,336,False,12.0,40
small-053,small,1,propagate,security-surface,48,"['input', 'taint', 'san', 'alias']",4,9,12,64,False,5.333333333333333,8
small-053,small,1,propagate,syntax-only,48,[],0,1,44,1056,False,48.0,106
small-053,small,2,sanitize,exact-state,48,"['input', 'taint', 'san', 'alias', 'guard', 'mode', 'ctx', 'tmp', 'flag', 'sp', 'stk0', 'stk1', 'dead0']",13,48,0,0,True,1.0,0
small-053,small,2,sanitize,support,48,"['input', 'taint', 'san', 'alias', 'mode']",5,12,0,0,True,4.0,0
small-053,small,2,sanitize,pathseal,48,"['input', 'san', 'alias', 'mode']",4,12,0,0,True,4.0,0
small-053,small,2,sanitize,call-context,48,"['ctx', 'sp', 'stk0', 'stk1']",4,4,32,336,False,12.0,38
small-053,small,2,sanitize,security-surface,48,"['input', 'taint', 'san', 'alias']",4,9,12,48,False,5.333333333333333,4
small-053,small,2,sanitize,syntax-only,48,[],0,1,44,1056,False,48.0,114
small-053,small,3,branch,exact-state,48,"['input', 'taint', 'san', 'alias', 'guard', 'mode', 'ctx', 'tmp', 'flag', 'sp', 'stk0', 'stk1', 'dead0']",13,48,0,0,True,1.0,0
small-053,small,3,branch,support,48,"['taint', 'san', 'alias', 'guard', 'mode', 'tmp']",6,12,0,0,True,4.0,0
small-053,small,3,branch,pathseal,48,"['input', 'san', 'alias', 'mode']",4,12,0,0,True,4.0,0
small-053,small,3,branch,call-context,48,"['ctx', 'sp', 'stk0', 'stk1']",4,4,32,336,False,12.0,38
small-053,small,3,branch,security-surface,48,"['input', 'taint', 'san', 'alias']",4,9,12,48,False,5.333333333333333,4
small-053,small,3,branch,syntax-only,48,[],0,1,44,1056,False,48.0,114
small-053,small,4,return,exact-state,44,"['input', 'taint', 'san', 'alias', 'guard', 'mode', 'ctx', 'tmp', 'flag', 'sp', 'stk0', 'stk1', 'dead0']",13,44,0,0,True,1.0,0
small-053,small,4,return,support,44,"['san', 'mode', 'ctx', 'tmp', 'sp', 'stk0', 'stk1']",7,11,0,0,True,4.0,0
small-053,small,4,return,pathseal,44,"['san', 'mode', 'tmp']",3,11,0,0,True,4.0,0
small-053,small,4,return,call-context,44,"['ctx', 'sp', 'stk0', 'stk1']",4,4,28,256,False,11.0,28
small-053,small,4,return,security-surface,44,"['input', 'taint', 'san', 'alias']",4,8,12,48,False,5.5,4
small-053,small,4,return,syntax-only,44,[],0,1,40,880,False,44.0,92
small-053,small,5,sink,exact-state,44,"['input', 'taint', 'san', 'alias', 'guard', 'mode', 'ctx', 'tmp', 'flag', 'sp', 'stk0', 'stk1', 'dead0']",13,44,0,0,True,1.0,0
small-053,small,5,sink,support,44,"['taint', 'alias', 'mode', 'ctx', 'sp']",5,11,0,0,True,4.0,0
small-053,small,5,sink,pathseal,44,"['san', 'mode', 'tmp']",3,11,0,0,True,4.0,0
small-053,small,5,sink,call-context,44,"['ctx', 'sp', 'stk0', 'stk1']",4,4,28,256,False,11.0,28
small-053,small,5,sink,security-surface,44,"['input', 'taint', 'san', 'alias']",4,8,12,48,False,5.5,4
small-053,small,5,sink,syntax-only,44,[],0,1,40,880,False,44.0,92
small-054,small,0,source,exact-state,48,"['input', 'taint', 'san', 'alias', 'guard', 'mode', 'ctx', 'tmp', 'flag', 'sp', 'stk0', 'stk1', 'dead0']",13,48,0,0,True,1.0,0
small-054,small,0,source,support,48,"['input', 'alias', 'guard', 'ctx', 'flag', 'sp', 'stk0', 'stk1']",8,12,0,0,True,4.0,0
small-054,small,0,source,pathseal,48,"['alias', 'guard', 'ctx']",3,12,0,0,True,4.0,0
small-054,small,0,source,call-context,48,"['ctx', 'sp', 'stk0', 'stk1']",4,4,32,208,False,12.0,24
small-054,small,0,source,security-surface,48,"['input', 'taint', 'san', 'alias']",4,8,16,80,False,6.0,8
small-054,small,0,source,syntax-only,48,[],0,1,44,1056,False,48.0,94
small-054,small,1,propagate,exact-state,48,"['input', 'taint', 'san', 'alias', 'guard', 'mode', 'ctx', 'tmp', 'flag', 'sp', 'stk0', 'stk1', 'dead0']",13,48,0,0,True,1.0,0
small-054,small,1,propagate,support,48,"['taint', 'alias', 'guard', 'mode', 'ctx', 'tmp', 'flag']",7,12,0,0,True,4.0,0
small-054,small,1,propagate,pathseal,48,"['alias', 'guard', 'ctx']",3,12,0,0,True,4.0,0
small-054,small,1,propagate,call-context,48,"['ctx', 'sp', 'stk0', 'stk1']",4,4,32,208,False,12.0,24
small-054,small,1,propagate,security-surface,48,"['input', 'taint', 'san', 'alias']",4,10,8,32,False,4.8,4
small-054,small,1,propagate,syntax-only,48,[],0,1,44,1056,False,48.0,94
small-054,small,2,sanitize,exact-state,48,"['input', 'taint', 'san', 'alias', 'guard', 'mode', 'ctx', 'tmp', 'flag', 'sp', 'stk0', 'stk1', 'dead0']",13,48,0,0,True,1.0,0
small-054,small,2,sanitize,support,48,"['taint', 'san', 'guard', 'mode', 'ctx']",5,12,0,0,True,4.0,0
small-054,small,2,sanitize,pathseal,48,"['guard', 'mode', 'ctx']",3,12,0,0,True,4.0,0
small-054,small,2,sanitize,call-context,48,"['ctx', 'sp', 'stk0', 'stk1']",4,4,32,208,False,12.0,22
small-054,small,2,sanitize,security-surface,48,"['input', 'taint', 'san', 'alias']",4,11,4,16,False,4.363636363636363,2
small-054,small,2,sanitize,syntax-only,48,[],0,1,44,1056,False,48.0,92
small-054,small,3,branch,exact-state,48,"['input', 'taint', 'san', 'alias', 'guard', 'mode', 'ctx', 'tmp', 'flag', 'sp', 'stk0', 'stk1', 'dead0']",13,48,0,0,True,1.0,0
small-054,small,3,branch,support,48,"['taint', 'alias', 'guard', 'mode', 'ctx']",5,12,0,0,True,4.0,0
small-054,small,3,branch,pathseal,48,"['guard', 'mode', 'ctx']",3,12,0,0,True,4.0,0
small-054,small,3,branch,call-context,48,"['ctx', 'sp', 'stk0', 'stk1']",4,4,32,208,False,12.0,24
small-054,small,3,branch,security-surface,48,"['input', 'taint', 'san', 'alias']",4,11,4,16,False,4.363636363636363,2
small-054,small,3,branch,syntax-only,48,[],0,1,44,1040,False,48.0,104
small-054,small,4,return,exact-state,40,"['input', 'taint', 'san', 'alias', 'guard', 'mode', 'ctx', 'tmp', 'flag', 'sp', 'stk0', 'stk1', 'dead0']",13,40,0,0,True,1.0,0
small-054,small,4,return,support,40,"['taint', 'alias', 'ctx', 'sp', 'stk0', 'stk1']",6,10,0,0,True,4.0,0
small-054,small,4,return,pathseal,40,"['taint', 'alias', 'ctx']",3,10,0,0,True,4.0,0
small-054,small,4,return,call-context,40,"['ctx', 'sp', 'stk0', 'stk1']",4,4,24,144,False,10.0,16
small-054,small,4,return,security-surface,40,"['input', 'taint', 'san', 'alias']",4,9,4,16,False,4.444444444444445,2
small-054,small,4,return,syntax-only,40,[],0,1,36,720,False,40.0,66
small-054,small,5,sink,exact-state,40,"['input', 'taint', 'san', 'alias', 'guard', 'mode', 'ctx', 'tmp', 'flag', 'sp', 'stk0', 'stk1', 'dead0']",13,40,0,0,True,1.0,0
small-054,small,5,sink,support,40,"['taint', 'alias', 'mode', 'ctx', 'sp']",5,10,0,0,True,4.0,0
small-054,small,5,sink,pathseal,40,"['taint', 'alias', 'ctx']",3,10,0,0,True,4.0,0
small-054,small,5,sink,call-context,40,"['ctx', 'sp', 'stk0', 'stk1']",4,4,24,144,False,10.0,16
small-054,small,5,sink,security-surface,40,"['input', 'taint', 'san', 'alias']",4,9,4,16,False,4.444444444444445,2
small-054,small,5,sink,syntax-only,40,[],0,1,36,720,False,40.0,66
small-055,small,0,source,exact-state,48,"['input', 'taint', 'san', 'alias', 'guard', 'mode', 'ctx', 'tmp', 'flag', 'sp', 'stk0', 'stk1', 'dead0']",13,48,0,0,True,1.0,0
small-055,small,0,source,support,48,"['input', 'mode', 'ctx', 'sp', 'stk0', 'stk1']",6,12,0,0,True,4.0,0
small-055,small,0,source,pathseal,48,"['input', 'mode', 'ctx']",3,12,0,0,True,4.0,0
small-055,small,0,source,call-context,48,"['ctx', 'sp', 'stk0', 'stk1']",4,4,32,240,False,12.0,28
small-055,small,0,source,security-surface,48,"['input', 'taint', 'san', 'alias']",4,7,20,80,False,6.857142857142857,8
small-055,small,0,source,syntax-only,48,[],0,1,44,1056,False,48.0,92
small-055,small,1,propagate,exact-state,48,"['input', 'taint', 'san', 'alias', 'guard', 'mode', 'ctx', 'tmp', 'flag', 'sp', 'stk0', 'stk1', 'dead0']",13,48,0,0,True,1.0,0
small-055,small,1,propagate,support,48,"['input', 'taint', 'alias', 'mode', 'ctx', 'tmp', 'flag']",7,12,0,0,True,4.0,0
small-055,small,1,propagate,pathseal,48,"['input', 'mode', 'ctx']",3,12,0,0,True,4.0,0
small-055,small,1,propagate,call-context,48,"['ctx', 'sp', 'stk0', 'stk1']",4,4,32,240,False,12.0,28
small-055,small,1,propagate,security-surface,48,"['input', 'taint', 'san', 'alias']",4,7,20,80,False,6.857142857142857,8
small-055,small,1,propagate,syntax-only,48,[],0,1,44,1056,False,48.0,92
small-055,small,2,sanitize,exact-state,48,"['input', 'taint', 'san', 'alias', 'guard', 'mode', 'ctx', 'tmp', 'flag', 'sp', 'stk0', 'stk1', 'dead0']",13,48,0,0,True,1.0,0
small-055,small,2,sanitize,support,48,"['input', 'taint', 'san', 'mode', 'ctx']",5,12,0,0,True,4.0,0
small-055,small,2,sanitize,pathseal,48,"['input', 'mode', 'ctx']",3,12,0,0,True,4.0,0
small-055,small,2,sanitize,call-context,48,"['ctx', 'sp', 'stk0', 'stk1']",4,4,32,240,False,12.0,28
small-055,small,2,sanitize,security-surface,48,"['input', 'taint', 'san', 'alias']",4,8,16,64,False,6.0,8
small-055,small,2,sanitize,syntax-only,48,[],0,1,44,1056,False,48.0,100
small-055,small,3,branch,exact-state,48,"['input', 'taint', 'san', 'alias', 'guard', 'mode', 'ctx', 'tmp', 'flag', 'sp', 'stk0', 'stk1', 'dead0']",13,48,0,0,True,1.0,0
small-055,small,3,branch,support,48,"['input', 'taint', 'alias', 'guard', 'mode', 'ctx']",6,12,0,0,True,4.0,0
small-055,small,3,branch,pathseal,48,"['input', 'mode', 'ctx']",3,12,0,0,True,4.0,0
small-055,small,3,branch,call-context,48,"['ctx', 'sp', 'stk0', 'stk1']",4,4,32,240,False,12.0,28
small-055,small,3,branch,security-surface,48,"['input', 'taint', 'san', 'alias']",4,8,16,64,False,6.0,8
small-055,small,3,branch,syntax-only,48,[],0,1,44,1056,False,48.0,104
small-055,small,4,return,exact-state,44,"['input', 'taint', 'san', 'alias', 'guard', 'mode', 'ctx', 'tmp', 'flag', 'sp', 'stk0', 'stk1', 'dead0']",13,44,0,0,True,1.0,0
small-055,small,4,return,support,44,"['input', 'mode', 'ctx', 'sp', 'stk0', 'stk1']",6,11,0,0,True,4.0,0
small-055,small,4,return,pathseal,44,"['input', 'mode', 'ctx']",3,11,0,0,True,4.0,0
small-055,small,4,return,call-context,44,"['ctx', 'sp', 'stk0', 'stk1']",4,4,28,208,False,11.0,24
small-055,small,4,return,security-surface,44,"['input', 'taint', 'san', 'alias']",4,8,12,48,False,5.5,6
small-055,small,4,return,syntax-only,44,[],0,1,40,880,False,44.0,90
small-055,small,5,sink,exact-state,44,"['input', 'taint', 'san', 'alias', 'guard', 'mode', 'ctx', 'tmp', 'flag', 'sp', 'stk0', 'stk1', 'dead0']",13,44,0,0,True,1.0,0
small-055,small,5,sink,support,44,"['taint', 'alias', 'mode', 'ctx', 'sp']",5,11,0,0,True,4.0,0
small-055,small,5,sink,pathseal,44,"['input', 'mode', 'ctx']",3,11,0,0,True,4.0,0
small-055,small,5,sink,call-context,44,"['ctx', 'sp', 'stk0', 'stk1']",4,4,28,208,False,11.0,24
small-055,small,5,sink,security-surface,44,"['input', 'taint', 'san', 'alias']",4,8,12,48,False,5.5,6
small-055,small,5,sink,syntax-only,44,[],0,1,40,880,False,44.0,90
small-056,small,0,source,exact-state,48,"['input', 'taint', 'san', 'alias', 'guard', 'mode', 'ctx', 'tmp', 'flag', 'sp', 'stk0', 'stk1', 'dead0']",13,48,0,0,True,1.0,0
small-056,small,0,source,support,48,"['input', 'san', 'ctx', 'flag', 'sp', 'stk0', 'stk1']",7,12,0,0,True,4.0,0
small-056,small,0,source,pathseal,48,"['input', 'san', 'alias', 'ctx']",4,12,0,0,True,4.0,0
small-056,small,0,source,call-context,48,"['ctx', 'sp', 'stk0', 'stk1']",4,4,32,256,False,12.0,28
small-056,small,0,source,security-surface,48,"['input', 'taint', 'san', 'alias']",4,8,16,96,False,6.0,10
small-056,small,0,source,syntax-only,48,[],0,1,44,1056,False,48.0,100
small-056,small,1,propagate,exact-state,48,"['input', 'taint', 'san', 'alias', 'guard', 'mode', 'ctx', 'tmp', 'flag', 'sp', 'stk0', 'stk1', 'dead0']",13,48,0,0,True,1.0,0
small-056,small,1,propagate,support,48,"['input', 'taint', 'san', 'alias', 'mode', 'ctx', 'tmp', 'flag']",8,12,0,0,True,4.0,0
small-056,small,1,propagate,pathseal,48,"['input', 'taint', 'san', 'ctx']",4,12,0,0,True,4.0,0
small-056,small,1,propagate,call-context,48,"['ctx', 'sp', 'stk0', 'stk1']",4,4,32,256,False,12.0,28
small-056,small,1,propagate,security-surface,48,"['input', 'taint', 'san', 'alias']",4,10,8,32,False,4.8,4
small-056,small,1,propagate,syntax-only,48,[],0,1,44,1056,False,48.0,100
small-056,small,2,sanitize,exact-state,48,"['input', 'taint', 'san', 'alias', 'guard', 'mode', 'ctx', 'tmp', 'flag', 'sp', 'stk0', 'stk1', 'dead0']",13,48,0,0,True,1.0,0
small-056,small,2,sanitize,support,48,"['input', 'taint', 'san', 'ctx']",4,12,0,0,True,4.0,0
small-056,small,2,sanitize,pathseal,48,"['input', 'taint', 'san', 'ctx']",4,12,0,0,True,4.0,0
small-056,small,2,sanitize,call-context,48,"['ctx', 'sp', 'stk0', 'stk1']",4,4,32,256,False,12.0,26
small-056,small,2,sanitize,security-surface,48,"['input', 'taint', 'san', 'alias']",4,11,4,16,False,4.363636363636363,2
small-056,small,2,sanitize,syntax-only,48,[],0,1,44,1056,False,48.0,104
small-056,small,3,branch,exact-state,48,"['input', 'taint', 'san', 'alias', 'guard', 'mode', 'ctx', 'tmp', 'flag', 'sp', 'stk0', 'stk1', 'dead0']",13,48,0,0,True,1.0,0
small-056,small,3,branch,support,48,"['input', 'taint', 'alias', 'guard', 'mode', 'ctx']",6,12,0,0,True,4.0,0
small-056,small,3,branch,pathseal,48,"['input', 'taint', 'san', 'ctx']",4,12,0,0,True,4.0,0
small-056,small,3,branch,call-context,48,"['ctx', 'sp', 'stk0', 'stk1']",4,4,32,256,False,12.0,32
small-056,small,3,branch,security-surface,48,"['input', 'taint', 'san', 'alias']",4,11,4,16,False,4.363636363636363,2
small-056,small,3,branch,syntax-only,48,[],0,1,44,1008,False,48.0,108
small-056,small,4,return,exact-state,36,"['input', 'taint', 'san', 'alias', 'guard', 'mode', 'ctx', 'tmp', 'flag', 'sp', 'stk0', 'stk1', 'dead0']",13,36,0,0,True,1.0,0
small-056,small,4,return,support,36,"['input', 'alias', 'ctx', 'sp', 'stk0', 'stk1']",6,9,0,0,True,4.0,0
small-056,small,4,return,pathseal,36,"['input', 'alias', 'ctx']",3,9,0,0,True,4.0,0
small-056,small,4,return,call-context,36,"['ctx', 'sp', 'stk0', 'stk1']",4,4,20,128,False,9.0,16
small-056,small,4,return,security-surface,36,"['input', 'taint', 'san', 'alias']",4,8,4,16,False,4.5,2
small-056,small,4,return,syntax-only,36,[],0,1,32,576,False,36.0,62
small-056,small,5,sink,exact-state,36,"['input', 'taint', 'san', 'alias', 'guard', 'mode', 'ctx', 'tmp', 'flag', 'sp', 'stk0', 'stk1', 'dead0']",13,36,0,0,True,1.0,0
small-056,small,5,sink,support,36,"['taint', 'alias', 'mode', 'ctx', 'sp']",5,9,0,0,True,4.0,0
small-056,small,5,sink,pathseal,36,"['input', 'alias', 'ctx']",3,9,0,0,True,4.0,0
small-056,small,5,sink,call-context,36,"['ctx', 'sp', 'stk0', 'stk1']",4,4,20,128,False,9.0,16
small-056,small,5,sink,security-surface,36,"['input', 'taint', 'san', 'alias']",4,8,4,16,False,4.5,2
small-056,small,5,sink,syntax-only,36,[],0,1,32,576,False,36.0,62
small-057,small,0,source,exact-state,48,"['input', 'taint', 'san', 'alias', 'guard', 'mode', 'ctx', 'tmp', 'flag', 'sp', 'stk0', 'stk1', 'dead0']",13,48,0,0,True,1.0,0
small-057,small,0,source,support,48,"['input', 'alias', 'mode', 'ctx', 'sp', 'stk0', 'stk1']",7,12,0,0,True,4.0,0
small-057,small,0,source,pathseal,48,"['input', 'alias', 'mode']",3,12,0,0,True,4.0,0
small-057,small,0,source,call-context,48,"['ctx', 'sp', 'stk0', 'stk1']",4,4,32,240,False,12.0,26
small-057,small,0,source,security-surface,48,"['input', 'taint', 'san', 'alias']",4,7,20,96,False,6.857142857142857,8
small-057,small,0,source,syntax-only,48,[],0,1,44,1056,False,48.0,88
small-057,small,1,propagate,exact-state,48,"['input', 'taint', 'san', 'alias', 'guard', 'mode', 'ctx', 'tmp', 'flag', 'sp', 'stk0', 'stk1', 'dead0']",13,48,0,0,True,1.0,0
small-057,small,1,propagate,support,48,"['input', 'taint', 'alias', 'mode', 'tmp', 'flag']",6,12,0,0,True,4.0,0
small-057,small,1,propagate,pathseal,48,"['input', 'alias', 'mode']",3,12,0,0,True,4.0,0
small-057,small,1,propagate,call-context,48,"['ctx', 'sp', 'stk0', 'stk1']",4,4,32,240,False,12.0,26
small-057,small,1,propagate,security-surface,48,"['input', 'taint', 'san', 'alias']",4,7,20,96,False,6.857142857142857,8
small-057,small,1,propagate,syntax-only,48,[],0,1,44,1056,False,48.0,88
small-057,small,2,sanitize,exact-state,48,"['input', 'taint', 'san', 'alias', 'guard', 'mode', 'ctx', 'tmp', 'flag', 'sp', 'stk0', 'stk1', 'dead0']",13,48,0,0,True,1.0,0
small-057,small,2,sanitize,support,48,"['input', 'taint', 'san', 'alias', 'mode']",5,12,0,0,True,4.0,0
small-057,small,2,sanitize,pathseal,48,"['input', 'alias', 'mode']",3,12,0,0,True,4.0,0
small-057,small,2,sanitize,call-context,48,"['ctx', 'sp', 'stk0', 'stk1']",4,4,32,240,False,12.0,28
small-057,small,2,sanitize,security-surface,48,"['input', 'taint', 'san', 'alias']",4,9,12,48,False,5.333333333333333,4
small-057,small,2,sanitize,syntax-only,48,[],0,1,44,1056,False,48.0,100
small-057,small,3,branch,exact-state,48,"['input', 'taint', 'san', 'alias', 'guard', 'mode', 'ctx', 'tmp', 'flag', 'sp', 'stk0', 'stk1', 'dead0']",13,48,0,0,True,1.0,0
small-057,small,3,branch,support,48,"['input', 'taint', 'alias', 'guard', 'mode']",5,12,0,0,True,4.0,0
small-057,small,3,branch,pathseal,48,"['input', 'alias', 'mode']",3,12,0,0,True,4.0,0
small-057,small,3,branch,call-context,48,"['ctx', 'sp', 'stk0', 'stk1']",4,4,32,240,False,12.0,28
small-057,small,3,branch,security-surface,48,"['input', 'taint', 'san', 'alias']",4,9,12,48,False,5.333333333333333,4
small-057,small,3,branch,syntax-only,48,[],0,1,44,1008,False,48.0,110
small-057,small,4,return,exact-state,36,"['input', 'taint', 'san', 'alias', 'guard', 'mode', 'ctx', 'tmp', 'flag', 'sp', 'stk0', 'stk1', 'dead0']",13,36,0,0,True,1.0,0
small-057,small,4,return,support,36,"['input', 'alias', 'mode', 'ctx', 'sp', 'stk0', 'stk1']",7,9,0,0,True,4.0,0
small-057,small,4,return,pathseal,36,"['input', 'alias', 'mode']",3,9,0,0,True,4.0,0
small-057,small,4,return,call-context,36,"['ctx', 'sp', 'stk0', 'stk1']",4,4,20,128,False,9.0,16
small-057,small,4,return,security-surface,36,"['input', 'taint', 'san', 'alias']",4,8,4,16,False,4.5,2
small-057,small,4,return,syntax-only,36,[],0,1,32,576,False,36.0,68
small-057,small,5,sink,exact-state,36,"['input', 'taint', 'san', 'alias', 'guard', 'mode', 'ctx', 'tmp', 'flag', 'sp', 'stk0', 'stk1', 'dead0']",13,36,0,0,True,1.0,0
small-057,small,5,sink,support,36,"['taint', 'alias', 'mode', 'ctx', 'sp']",5,9,0,0,True,4.0,0
small-057,small,5,sink,pathseal,36,"['input', 'alias', 'mode']",3,9,0,0,True,4.0,0
small-057,small,5,sink,call-context,36,"['ctx', 'sp', 'stk0', 'stk1']",4,4,20,128,False,9.0,16
small-057,small,5,sink,security-surface,36,"['input', 'taint', 'san', 'alias']",4,8,4,16,False,4.5,2
small-057,small,5,sink,syntax-only,36,[],0,1,32,576,False,36.0,68
small-058,small,0,source,exact-state,48,"['input', 'taint', 'san', 'alias', 'guard', 'mode', 'ctx', 'tmp', 'flag', 'sp', 'stk0', 'stk1', 'dead0']",13,48,0,0,True,1.0,0
small-058,small,0,source,support,48,"['input', 'alias', 'ctx', 'flag', 'sp', 'stk0', 'stk1']",7,12,0,0,True,4.0,0
small-058,small,0,source,pathseal,48,"['input', 'alias', 'ctx']",3,12,0,0,True,4.0,0
small-058,small,0,source,call-context,48,"['ctx', 'sp', 'stk0', 'stk1']",4,4,32,240,False,12.0,26
small-058,small,0,source,security-surface,48,"['input', 'taint', 'san', 'alias']",4,9,12,48,False,5.333333333333333,6
small-058,small,0,source,syntax-only,48,[],0,1,44,1056,False,48.0,96
small-058,small,1,propagate,exact-state,48,"['input', 'taint', 'san', 'alias', 'guard', 'mode', 'ctx', 'tmp', 'flag', 'sp', 'stk0', 'stk1', 'dead0']",13,48,0,0,True,1.0,0
small-058,small,1,propagate,support,48,"['taint', 'alias', 'mode', 'ctx', 'tmp', 'flag']",6,12,0,0,True,4.0,0
small-058,small,1,propagate,pathseal,48,"['input', 'alias', 'ctx']",3,12,0,0,True,4.0,0
small-058,small,1,propagate,call-context,48,"['ctx', 'sp', 'stk0', 'stk1']",4,4,32,240,False,12.0,26
small-058,small,1,propagate,security-surface,48,"['input', 'taint', 'san', 'alias']",4,11,4,16,False,4.363636363636363,2
small-058,small,1,propagate,syntax-only,48,[],0,1,44,1056,False,48.0,96
small-058,small,2,sanitize,exact-state,48,"['input', 'taint', 'san', 'alias', 'guard', 'mode', 'ctx', 'tmp', 'flag', 'sp', 'stk0', 'stk1', 'dead0']",13,48,0,0,True,1.0,0
small-058,small,2,sanitize,support,48,"['taint', 'san', 'alias', 'guard', 'ctx']",5,12,0,0,True,4.0,0
small-058,small,2,sanitize,pathseal,48,"['taint', 'alias', 'ctx']",3,12,0,0,True,4.0,0
small-058,small,2,sanitize,call-context,48,"['ctx', 'sp', 'stk0', 'stk1']",4,4,32,240,False,12.0,28
small-058,small,2,sanitize,security-surface,48,"['input', 'taint', 'san', 'alias']",4,11,4,16,False,4.363636363636363,2
small-058,small,2,sanitize,syntax-only,48,[],0,1,44,1056,False,48.0,104
small-058,small,3,branch,exact-state,48,"['input', 'taint', 'san', 'alias', 'guard', 'mode', 'ctx', 'tmp', 'flag', 'sp', 'stk0', 'stk1', 'dead0']",13,48,0,0,True,1.0,0
small-058,small,3,branch,support,48,"['input', 'taint', 'alias', 'guard', 'mode', 'ctx']",6,12,0,0,True,4.0,0
small-058,small,3,branch,pathseal,48,"['alias', 'guard', 'ctx']",3,12,0,0,True,4.0,0
small-058,small,3,branch,call-context,48,"['ctx', 'sp', 'stk0', 'stk1']",4,4,32,240,False,12.0,28
small-058,small,3,branch,security-surface,48,"['input', 'taint', 'san', 'alias']",4,10,8,32,False,4.8,4
small-058,small,3,branch,syntax-only,48,[],0,1,44,1040,False,48.0,106
small-058,small,4,return,exact-state,40,"['input', 'taint', 'san', 'alias', 'guard', 'mode', 'ctx', 'tmp', 'flag', 'sp', 'stk0', 'stk1', 'dead0']",13,40,0,0,True,1.0,0
small-058,small,4,return,support,40,"['input', 'alias', 'ctx', 'sp', 'stk0', 'stk1']",6,10,0,0,True,4.0,0
small-058,small,4,return,pathseal,40,"['input', 'alias', 'ctx']",3,10,0,0,True,4.0,0
small-058,small,4,return,call-context,40,"['ctx', 'sp', 'stk0', 'stk1']",4,4,24,160,False,10.0,18
small-058,small,4,return,security-surface,40,"['input', 'taint', 'san', 'alias']",4,8,8,32,False,5.0,4
small-058,small,4,return,syntax-only,40,[],0,1,36,720,False,40.0,78
small-058,small,5,sink,exact-state,40,"['input', 'taint', 'san', 'alias', 'guard', 'mode', 'ctx', 'tmp', 'flag', 'sp', 'stk0', 'stk1', 'dead0']",13,40,0,0,True,1.0,0
small-058,small,5,sink,support,40,"['taint', 'alias', 'mode', 'ctx', 'sp']",5,10,0,0,True,4.0,0
small-058,small,5,sink,pathseal,40,"['input', 'alias', 'ctx']",3,10,0,0,True,4.0,0
small-058,small,5,sink,call-context,40,"['ctx', 'sp', 'stk0', 'stk1']",4,4,24,160,False,10.0,18
small-058,small,5,sink,security-surface,40,"['input', 'taint', 'san', 'alias']",4,8,8,32,False,5.0,4
small-058,small,5,sink,syntax-only,40,[],0,1,36,720,False,40.0,78
small-059,small,0,source,exact-state,48,"['input', 'taint', 'san', 'alias', 'guard', 'mode', 'ctx', 'tmp', 'flag', 'sp', 'stk0', 'stk1', 'dead0']",13,48,0,0,True,1.0,0
small-059,small,0,source,support,48,"['input', 'alias', 'mode', 'ctx', 'sp', 'stk0', 'stk1']",7,12,0,0,True,4.0,0
small-059,small,0,source,pathseal,48,"['input', 'alias', 'mode']",3,12,0,0,True,4.0,0
small-059,small,0,source,call-context,48,"['ctx', 'sp', 'stk0', 'stk1']",4,4,32,240,False,12.0,26
small-059,small,0,source,security-surface,48,"['input', 'taint', 'san', 'alias']",4,8,16,64,False,6.0,8
small-059,small,0,source,syntax-only,48,[],0,1,44,1056,False,48.0,92
small-059,small,1,propagate,exact-state,48,"['input', 'taint', 'san', 'alias', 'guard', 'mode', 'ctx', 'tmp', 'flag', 'sp', 'stk0', 'stk1', 'dead0']",13,48,0,0,True,1.0,0
small-059,small,1,propagate,support,48,"['input', 'taint', 'alias', 'mode', 'tmp', 'flag']",6,12,0,0,True,4.0,0
small-059,small,1,propagate,pathseal,48,"['input', 'alias', 'mode']",3,12,0,0,True,4.0,0
small-059,small,1,propagate,call-context,48,"['ctx', 'sp', 'stk0', 'stk1']",4,4,32,240,False,12.0,26
small-059,small,1,propagate,security-surface,48,"['input', 'taint', 'san', 'alias']",4,8,16,64,False,6.0,8
small-059,small,1,propagate,syntax-only,48,[],0,1,44,1056,False,48.0,92
small-059,small,2,sanitize,exact-state,48,"['input', 'taint', 'san', 'alias', 'guard', 'mode', 'ctx', 'tmp', 'flag', 'sp', 'stk0', 'stk1', 'dead0']",13,48,0,0,True,1.0,0
small-059,small,2,sanitize,support,48,"['input', 'taint', 'san', 'mode', 'tmp']",5,12,0,0,True,4.0,0
small-059,small,2,sanitize,pathseal,48,"['input', 'mode', 'tmp']",3,12,0,0,True,4.0,0
small-059,small,2,sanitize,call-context,48,"['ctx', 'sp', 'stk0', 'stk1']",4,4,32,240,False,12.0,24
small-059,small,2,sanitize,security-surface,48,"['input', 'taint', 'san', 'alias']",4,8,16,80,False,6.0,10
small-059,small,2,sanitize,syntax-only,48,[],0,1,44,1056,False,48.0,90
small-059,small,3,branch,exact-state,48,"['input', 'taint', 'san', 'alias', 'guard', 'mode', 'ctx', 'tmp', 'flag', 'sp', 'stk0', 'stk1', 'dead0']",13,48,0,0,True,1.0,0
small-059,small,3,branch,support,48,"['input', 'taint', 'alias', 'guard', 'mode', 'tmp']",6,12,0,0,True,4.0,0
small-059,small,3,branch,pathseal,48,"['input', 'mode', 'tmp']",3,12,0,0,True,4.0,0
small-059,small,3,branch,call-context,48,"['ctx', 'sp', 'stk0', 'stk1']",4,4,32,240,False,12.0,26
small-059,small,3,branch,security-surface,48,"['input', 'taint', 'san', 'alias']",4,8,16,80,False,6.0,10
small-059,small,3,branch,syntax-only,48,[],0,1,44,1008,False,48.0,92
small-059,small,4,return,exact-state,36,"['input', 'taint', 'san', 'alias', 'guard', 'mode', 'ctx', 'tmp', 'flag', 'sp', 'stk0', 'stk1', 'dead0']",13,36,0,0,True,1.0,0
small-059,small,4,return,support,36,"['input', 'mode', 'ctx', 'tmp', 'sp', 'stk0', 'stk1']",7,9,0,0,True,4.0,0
small-059,small,4,return,pathseal,36,"['input', 'mode', 'tmp']",3,9,0,0,True,4.0,0
small-059,small,4,return,call-context,36,"['ctx', 'sp', 'stk0', 'stk1']",4,4,20,128,False,9.0,14
small-059,small,4,return,security-surface,36,"['input', 'taint', 'san', 'alias']",4,8,4,16,False,4.5,2
small-059,small,4,return,syntax-only,36,[],0,1,32,576,False,36.0,60
small-059,small,5,sink,exact-state,36,"['input', 'taint', 'san', 'alias', 'guard', 'mode', 'ctx', 'tmp', 'flag', 'sp', 'stk0', 'stk1', 'dead0']",13,36,0,0,True,1.0,0
small-059,small,5,sink,support,36,"['taint', 'alias', 'mode', 'ctx', 'sp']",5,9,0,0,True,4.0,0
small-059,small,5,sink,pathseal,36,"['input', 'mode', 'tmp']",3,9,0,0,True,4.0,0
small-059,small,5,sink,call-context,36,"['ctx', 'sp', 'stk0', 'stk1']",4,4,20,128,False,9.0,14
small-059,small,5,sink,security-surface,36,"['input', 'taint', 'san', 'alias']",4,8,4,16,False,4.5,2
small-059,small,5,sink,syntax-only,36,[],0,1,32,576,False,36.0,60
medium-000,medium,0,source,exact-state,96,"['input', 'taint', 'san', 'alias', 'guard', 'mode', 'ctx', 'tmp', 'flag', 'sp', 'stk0', 'stk1', 'aux0', 'dead0']",14,96,0,0,True,1.0,0
medium-000,medium,0,source,support,96,"['input', 'alias', 'mode', 'ctx', 'flag', 'sp', 'stk0', 'stk1', 'aux0']",9,24,0,0,True,4.0,0
medium-000,medium,0,source,pathseal,96,"['input', 'alias', 'mode', 'aux0']",4,24,0,0,True,4.0,0
medium-000,medium,0,source,call-context,96,"['ctx', 'sp', 'stk0', 'stk1']",4,4,80,1040,False,24.0,102
medium-000,medium,0,source,security-surface,96,"['input', 'taint', 'san', 'alias']",4,14,40,272,False,6.857142857142857,18
medium-000,medium,0,source,syntax-only,96,[],0,1,92,4416,False,96.0,298
medium-000,medium,1,propagate,exact-state,96,"['input', 'taint', 'san', 'alias', 'guard', 'mode', 'ctx', 'tmp', 'flag', 'sp', 'stk0', 'stk1', 'aux0', 'dead0']",14,96,0,0,True,1.0,0
medium-000,medium,1,propagate,support,96,"['input', 'taint', 'alias', 'mode', 'ctx', 'tmp', 'flag', 'aux0']",8,24,0,0,True,4.0,0
medium-000,medium,1,propagate,pathseal,96,"['input', 'alias', 'mode', 'aux0']",4,24,0,0,True,4.0,0
medium-000,medium,1,propagate,call-context,96,"['ctx', 'sp', 'stk0', 'stk1']",4,4,80,1040,False,24.0,102
medium-000,medium,1,propagate,security-surface,96,"['input', 'taint', 'san', 'alias']",4,18,24,112,False,5.333333333333333,6
medium-000,medium,1,propagate,syntax-only,96,[],0,1,92,4416,False,96.0,298
medium-000,medium,2,helper,exact-state,96,"['input', 'taint', 'san', 'alias', 'guard', 'mode', 'ctx', 'tmp', 'flag', 'sp', 'stk0', 'stk1', 'aux0', 'dead0']",14,96,0,0,True,1.0,0
medium-000,medium,2,helper,support,96,"['input', 'taint', 'alias', 'guard', 'mode', 'ctx', 'aux0']",7,24,0,0,True,4.0,0
medium-000,medium,2,helper,pathseal,96,"['input', 'alias', 'ctx', 'aux0']",4,24,0,0,True,4.0,0
medium-000,medium,2,helper,call-context,96,"['ctx', 'sp', 'stk0', 'stk1']",4,4,80,1040,False,24.0,90
medium-000,medium,2,helper,security-surface,96,"['input', 'taint', 'san', 'alias']",4,17,28,128,False,5.647058823529412,10
medium-000,medium,2,helper,syntax-only,96,[],0,1,92,4416,False,96.0,292
medium-000,medium,3,nested-call,exact-state,96,"['input', 'taint', 'san', 'alias', 'guard', 'mode', 'ctx', 'tmp', 'flag', 'sp', 'stk0', 'stk1', 'aux0', 'dead0']",14,96,0,0,True,1.0,0
medium-000,medium,3,nested-call,support,96,"['alias', 'ctx', 'flag', 'sp', 'stk0', 'stk1', 'aux0']",7,23,0,0,True,4.173913043478261,0
medium-000,medium,3,nested-call,pathseal,96,"['input', 'taint', 'alias', 'aux0']",4,23,0,0,True,4.173913043478261,0
medium-000,medium,3,nested-call,call-context,96,"['ctx', 'sp', 'stk0', 'stk1']",4,8,64,544,False,12.0,52
medium-000,medium,3,nested-call,security-surface,96,"['input', 'taint', 'san', 'alias']",4,17,28,128,False,5.647058823529412,12
medium-000,medium,3,nested-call,syntax-only,96,[],0,1,92,4384,False,96.0,354
medium-000,medium,4,nested-return,exact-state,96,"['input', 'taint', 'san', 'alias', 'guard', 'mode', 'ctx', 'tmp', 'flag', 'sp', 'stk0', 'stk1', 'aux0', 'dead0']",14,96,0,0,True,1.0,0
medium-000,medium,4,nested-return,support,96,"['alias', 'ctx', 'flag', 'sp', 'stk0', 'stk1', 'aux0']",7,23,0,0,True,4.173913043478261,0
medium-000,medium,4,nested-return,pathseal,96,"['alias', 'flag', 'aux0']",3,20,0,0,True,4.8,0
medium-000,medium,4,nested-return,call-context,96,"['ctx', 'sp', 'stk0', 'stk1']",4,19,4,16,False,5.052631578947368,2
medium-000,medium,4,nested-return,security-surface,96,"['input', 'taint', 'san', 'alias']",4,17,8,32,False,5.647058823529412,2
medium-000,medium,4,nested-return,syntax-only,96,[],0,1,92,2736,False,96.0,274
medium-000,medium,5,sanitize,exact-state,36,"['input', 'taint', 'san', 'alias', 'guard', 'mode', 'ctx', 'tmp', 'flag', 'sp', 'stk0', 'stk1', 'aux0', 'dead0']",14,36,0,0,True,1.0,0
medium-000,medium,5,sanitize,support,36,"['taint', 'san', 'alias', 'aux0']",4,9,0,0,True,4.0,0
medium-000,medium,5,sanitize,pathseal,36,"['alias', 'aux0']",2,9,0,0,True,4.0,0
medium-000,medium,5,sanitize,call-context,36,"['ctx', 'sp', 'stk0', 'stk1']",4,6,12,64,False,6.0,8
medium-000,medium,5,sanitize,security-surface,36,"['input', 'taint', 'san', 'alias']",4,7,8,32,False,5.142857142857143,2
medium-000,medium,5,sanitize,syntax-only,36,[],0,1,32,576,False,36.0,58
medium-000,medium,6,branch,exact-state,36,"['input', 'taint', 'san', 'alias', 'guard', 'mode', 'ctx', 'tmp', 'flag', 'sp', 'stk0', 'stk1', 'aux0', 'dead0']",14,36,0,0,True,1.0,0
medium-000,medium,6,branch,support,36,"['input', 'taint', 'alias', 'guard', 'mode']",5,9,0,0,True,4.0,0
medium-000,medium,6,branch,pathseal,36,"['alias', 'aux0']",2,9,0,0,True,4.0,0
medium-000,medium,6,branch,call-context,36,"['ctx', 'sp', 'stk0', 'stk1']",4,6,8,48,False,6.0,6
medium-000,medium,6,branch,security-surface,36,"['input', 'taint', 'san', 'alias']",4,7,8,32,False,5.142857142857143,2
medium-000,medium,6,branch,syntax-only,36,[],0,1,32,528,False,36.0,58
medium-000,medium,7,return,exact-state,24,"['input', 'taint', 'san', 'alias', 'guard', 'mode', 'ctx', 'tmp', 'flag', 'sp', 'stk0', 'stk1', 'aux0', 'dead0']",14,24,0,0,True,1.0,0
medium-000,medium,7,return,support,24,"['alias', 'ctx', 'sp', 'stk0', 'stk1']",5,6,0,0,True,4.0,0
medium-000,medium,7,return,pathseal,24,"['input', 'alias']",2,6,0,0,True,4.0,0
medium-000,medium,7,return,call-context,24,"['ctx', 'sp', 'stk0', 'stk1']",4,6,0,0,True,4.0,0
medium-000,medium,7,return,security-surface,24,"['input', 'taint', 'san', 'alias']",4,6,0,0,True,4.0,0
medium-000,medium,7,return,syntax-only,24,[],0,1,20,144,False,24.0,16
medium-000,medium,8,sink,exact-state,8,"['input', 'taint', 'san', 'alias', 'guard', 'mode', 'ctx', 'tmp', 'flag', 'sp', 'stk0', 'stk1', 'aux0', 'dead0']",14,8,0,0,True,1.0,0
medium-000,medium,8,sink,support,8,"['taint', 'alias', 'mode', 'ctx', 'sp']",5,2,0,0,True,4.0,0
medium-000,medium,8,sink,pathseal,8,['alias'],1,2,0,0,True,4.0,0
medium-000,medium,8,sink,call-context,8,"['ctx', 'sp', 'stk0', 'stk1']",4,2,0,0,True,4.0,0
medium-000,medium,8,sink,security-surface,8,"['input', 'taint', 'san', 'alias']",4,2,0,0,True,4.0,0
medium-000,medium,8,sink,syntax-only,8,[],0,1,4,16,False,8.0,2
medium-001,medium,0,source,exact-state,96,"['input', 'taint', 'san', 'alias', 'guard', 'mode', 'ctx', 'tmp', 'flag', 'sp', 'stk0', 'stk1', 'aux0', 'dead0']",14,96,0,0,True,1.0,0
medium-001,medium,0,source,support,96,"['input', 'alias', 'mode', 'ctx', 'flag', 'sp', 'stk0', 'stk1']",8,24,0,0,True,4.0,0
medium-001,medium,0,source,pathseal,96,"['input', 'alias', 'mode', 'flag']",4,24,0,0,True,4.0,0
medium-001,medium,0,source,call-context,96,"['ctx', 'sp', 'stk0', 'stk1']",4,4,80,1072,False,24.0,100
medium-001,medium,0,source,security-surface,96,"['input', 'taint', 'san', 'alias']",4,13,44,240,False,7.384615384615385,18
medium-001,medium,0,source,syntax-only,96,[],0,1,92,4416,False,96.0,290
medium-001,medium,1,propagate,exact-state,96,"['input', 'taint', 'san', 'alias', 'guard', 'mode', 'ctx', 'tmp', 'flag', 'sp', 'stk0', 'stk1', 'aux0', 'dead0']",14,96,0,0,True,1.0,0
medium-001,medium,1,propagate,support,96,"['input', 'taint', 'san', 'alias', 'mode', 'ctx', 'tmp', 'flag']",8,24,0,0,True,4.0,0
medium-001,medium,1,propagate,pathseal,96,"['input', 'alias', 'mode', 'flag']",4,24,0,0,True,4.0,0
medium-001,medium,1,propagate,call-context,96,"['ctx', 'sp', 'stk0', 'stk1']",4,4,80,1072,False,24.0,100
medium-001,medium,1,propagate,security-surface,96,"['input', 'taint', 'san', 'alias']",4,13,44,240,False,7.384615384615385,18
medium-001,medium,1,propagate,syntax-only,96,[],0,1,92,4416,False,96.0,290
medium-001,medium,2,helper,exact-state,96,"['input', 'taint', 'san', 'alias', 'guard', 'mode', 'ctx', 'tmp', 'flag', 'sp', 'stk0', 'stk1', 'aux0', 'dead0']",14,96,0,0,True,1.0,0
medium-001,medium,2,helper,support,96,"['input', 'san', 'alias', 'guard', 'mode', 'ctx', 'aux0']",7,24,0,0,True,4.0,0
medium-001,medium,2,helper,pathseal,96,"['input', 'san', 'alias', 'ctx']",4,24,0,0,True,4.0,0
medium-001,medium,2,helper,call-context,96,"['ctx', 'sp', 'stk0', 'stk1']",4,4,80,1072,False,24.0,98
medium-001,medium,2,helper,security-surface,96,"['input', 'taint', 'san', 'alias']",4,13,44,192,False,7.384615384615385,20
medium-001,medium,2,helper,syntax-only,96,[],0,1,92,4416,False,96.0,316
medium-001,medium,3,nested-call,exact-state,96,"['input', 'taint', 'san', 'alias', 'guard', 'mode', 'ctx', 'tmp', 'flag', 'sp', 'stk0', 'stk1', 'aux0', 'dead0']",14,96,0,0,True,1.0,0
medium-001,medium,3,nested-call,support,96,"['alias', 'ctx', 'tmp', 'flag', 'sp', 'stk0', 'stk1', 'aux0']",8,24,0,0,True,4.0,0
medium-001,medium,3,nested-call,pathseal,96,"['input', 'san', 'alias', 'mode']",4,24,0,0,True,4.0,0
medium-001,medium,3,nested-call,call-context,96,"['ctx', 'sp', 'stk0', 'stk1']",4,8,64,576,False,12.0,54
medium-001,medium,3,nested-call,security-surface,96,"['input', 'taint', 'san', 'alias']",4,13,44,192,False,7.384615384615385,18
medium-001,medium,3,nested-call,syntax-only,96,[],0,1,92,4384,False,96.0,346
medium-001,medium,4,nested-return,exact-state,96,"['input', 'taint', 'san', 'alias', 'guard', 'mode', 'ctx', 'tmp', 'flag', 'sp', 'stk0', 'stk1', 'aux0', 'dead0']",14,96,0,0,True,1.0,0
medium-001,medium,4,nested-return,support,96,"['alias', 'ctx', 'tmp', 'flag', 'sp', 'stk0', 'stk1', 'aux0']",8,24,0,0,True,4.0,0
medium-001,medium,4,nested-return,pathseal,96,"['alias', 'tmp', 'flag']",3,17,0,0,True,5.647058823529412,0
medium-001,medium,4,nested-return,call-context,96,"['ctx', 'sp', 'stk0', 'stk1']",4,17,16,80,False,5.647058823529412,10
medium-001,medium,4,nested-return,security-surface,96,"['input', 'taint', 'san', 'alias']",4,13,40,176,False,7.384615384615385,16
medium-001,medium,4,nested-return,syntax-only,96,[],0,1,92,3536,False,96.0,328
medium-001,medium,5,sanitize,exact-state,52,"['input', 'taint', 'san', 'alias', 'guard', 'mode', 'ctx', 'tmp', 'flag', 'sp', 'stk0', 'stk1', 'aux0', 'dead0']",14,52,0,0,True,1.0,0
medium-001,medium,5,sanitize,support,52,"['taint', 'san', 'alias', 'ctx']",4,13,0,0,True,4.0,0
medium-001,medium,5,sanitize,pathseal,52,"['alias', 'tmp']",2,13,0,0,True,4.0,0
medium-001,medium,5,sanitize,call-context,52,"['ctx', 'sp', 'stk0', 'stk1']",4,7,24,112,False,7.428571428571429,14
medium-001,medium,5,sanitize,security-surface,52,"['input', 'taint', 'san', 'alias']",4,11,8,32,False,4.7272727272727275,4
medium-001,medium,5,sanitize,syntax-only,52,[],0,1,48,1248,False,52.0,118
medium-001,medium,6,branch,exact-state,52,"['input', 'taint', 'san', 'alias', 'guard', 'mode', 'ctx', 'tmp', 'flag', 'sp', 'stk0', 'stk1', 'aux0', 'dead0']",14,52,0,0,True,1.0,0
medium-001,medium,6,branch,support,52,"['taint', 'alias', 'guard', 'mode', 'ctx']",5,12,0,0,True,4.333333333333333,0
medium-001,medium,6,branch,pathseal,52,"['alias', 'ctx']",2,12,0,0,True,4.333333333333333,0
medium-001,medium,6,branch,call-context,52,"['ctx', 'sp', 'stk0', 'stk1']",4,7,20,96,False,7.428571428571429,12
medium-001,medium,6,branch,security-surface,52,"['input', 'taint', 'san', 'alias']",4,11,8,32,False,4.7272727272727275,4
medium-001,medium,6,branch,syntax-only,52,[],0,1,48,1232,False,52.0,126
medium-001,medium,7,return,exact-state,52,"['input', 'taint', 'san', 'alias', 'guard', 'mode', 'ctx', 'tmp', 'flag', 'sp', 'stk0', 'stk1', 'aux0', 'dead0']",14,52,0,0,True,1.0,0
medium-001,medium,7,return,support,52,"['taint', 'ctx', 'sp', 'stk0', 'stk1']",5,9,0,0,True,5.777777777777778,0
medium-001,medium,7,return,pathseal,52,"['alias', 'ctx']",2,12,0,0,True,4.333333333333333,0
medium-001,medium,7,return,call-context,52,"['ctx', 'sp', 'stk0', 'stk1']",4,7,8,32,False,7.428571428571429,4
medium-001,medium,7,return,security-surface,52,"['input', 'taint', 'san', 'alias']",4,11,8,32,False,4.7272727272727275,4
medium-001,medium,7,return,syntax-only,52,[],0,1,28,992,False,52.0,110
medium-001,medium,8,sink,exact-state,28,"['input', 'taint', 'san', 'alias', 'guard', 'mode', 'ctx', 'tmp', 'flag', 'sp', 'stk0', 'stk1', 'aux0', 'dead0']",14,28,0,0,True,1.0,0
medium-001,medium,8,sink,support,28,"['taint', 'alias', 'mode', 'ctx', 'sp']",5,6,0,0,True,4.666666666666667,0
medium-001,medium,8,sink,pathseal,28,"['taint', 'ctx']",2,6,0,0,True,4.666666666666667,0
medium-001,medium,8,sink,call-context,28,"['ctx', 'sp', 'stk0', 'stk1']",4,4,8,32,False,7.0,4
medium-001,medium,8,sink,security-surface,28,"['input', 'taint', 'san', 'alias']",4,6,4,16,False,4.666666666666667,2
medium-001,medium,8,sink,syntax-only,28,[],0,1,24,320,False,28.0,34
medium-002,medium,0,source,exact-state,96,"['input', 'taint', 'san', 'alias', 'guard', 'mode', 'ctx', 'tmp', 'flag', 'sp', 'stk0', 'stk1', 'aux0', 'dead0']",14,96,0,0,True,1.0,0
medium-002,medium,0,source,support,96,"['input', 'alias', 'mode', 'ctx', 'flag', 'sp', 'stk0', 'stk1']",8,24,0,0,True,4.0,0
medium-002,medium,0,source,pathseal,96,"['alias', 'mode', 'ctx']",3,24,0,0,True,4.0,0
medium-002,medium,0,source,call-context,96,"['ctx', 'sp', 'stk0', 'stk1']",4,4,80,992,False,24.0,90
medium-002,medium,0,source,security-surface,96,"['input', 'taint', 'san', 'alias']",4,13,44,240,False,7.384615384615385,16
medium-002,medium,0,source,syntax-only,96,[],0,1,92,4416,False,96.0,282
medium-002,medium,1,propagate,exact-state,96,"['input', 'taint', 'san', 'alias', 'guard', 'mode', 'ctx', 'tmp', 'flag', 'sp', 'stk0', 'stk1', 'aux0', 'dead0']",14,96,0,0,True,1.0,0
medium-002,medium,1,propagate,support,96,"['taint', 'alias', 'mode', 'ctx', 'tmp', 'flag']",6,24,0,0,True,4.0,0
medium-002,medium,1,propagate,pathseal,96,"['alias', 'mode', 'ctx']",3,24,0,0,True,4.0,0
medium-002,medium,1,propagate,call-context,96,"['ctx', 'sp', 'stk0', 'stk1']",4,4,80,992,False,24.0,90
medium-002,medium,1,propagate,security-surface,96,"['input', 'taint', 'san', 'alias']",4,20,16,80,False,4.8,6
medium-002,medium,1,propagate,syntax-only,96,[],0,1,92,4416,False,96.0,282
medium-002,medium,2,helper,exact-state,96,"['input', 'taint', 'san', 'alias', 'guard', 'mode', 'ctx', 'tmp', 'flag', 'sp', 'stk0', 'stk1', 'aux0', 'dead0']",14,96,0,0,True,1.0,0
medium-002,medium,2,helper,support,96,"['input', 'guard', 'mode', 'ctx', 'aux0']",5,24,0,0,True,4.0,0
medium-002,medium,2,helper,pathseal,96,"['alias', 'mode', 'ctx']",3,24,0,0,True,4.0,0
medium-002,medium,2,helper,call-context,96,"['ctx', 'sp', 'stk0', 'stk1']",4,4,80,992,False,24.0,92
medium-002,medium,2,helper,security-surface,96,"['input', 'taint', 'san', 'alias']",4,16,32,144,False,6.0,10
medium-002,medium,2,helper,syntax-only,96,[],0,1,92,4416,False,96.0,296
medium-002,medium,3,nested-call,exact-state,96,"['input', 'taint', 'san', 'alias', 'guard', 'mode', 'ctx', 'tmp', 'flag', 'sp', 'stk0', 'stk1', 'aux0', 'dead0']",14,96,0,0,True,1.0,0
medium-002,medium,3,nested-call,support,96,"['input', 'taint', 'alias', 'ctx', 'sp', 'stk0', 'stk1', 'aux0']",8,24,0,0,True,4.0,0
medium-002,medium,3,nested-call,pathseal,96,"['input', 'mode', 'ctx', 'aux0']",4,24,0,0,True,4.0,0
medium-002,medium,3,nested-call,call-context,96,"['ctx', 'sp', 'stk0', 'stk1']",4,8,64,512,False,12.0,52
medium-002,medium,3,nested-call,security-surface,96,"['input', 'taint', 'san', 'alias']",4,16,32,144,False,6.0,16
medium-002,medium,3,nested-call,syntax-only,96,[],0,1,92,4416,False,96.0,318
medium-002,medium,4,nested-return,exact-state,96,"['input', 'taint', 'san', 'alias', 'guard', 'mode', 'ctx', 'tmp', 'flag', 'sp', 'stk0', 'stk1', 'aux0', 'dead0']",14,96,0,0,True,1.0,0
medium-002,medium,4,nested-return,support,96,"['input', 'alias', 'ctx', 'flag', 'sp', 'stk0', 'stk1', 'aux0']",8,24,0,0,True,4.0,0
medium-002,medium,4,nested-return,pathseal,96,"['input', 'taint', 'alias', 'stk0']",4,22,0,0,True,4.363636363636363,0
medium-002,medium,4,nested-return,call-context,96,"['ctx', 'sp', 'stk0', 'stk1']",4,18,16,80,False,5.333333333333333,10
medium-002,medium,4,nested-return,security-surface,96,"['input', 'taint', 'san', 'alias']",4,16,12,64,False,6.0,6
medium-002,medium,4,nested-return,syntax-only,96,[],0,1,92,3168,False,96.0,290
medium-002,medium,5,sanitize,exact-state,44,"['input', 'taint', 'san', 'alias', 'guard', 'mode', 'ctx', 'tmp', 'flag', 'sp', 'stk0', 'stk1', 'aux0', 'dead0']",14,44,0,0,True,1.0,0
medium-002,medium,5,sanitize,support,44,"['input', 'taint', 'san', 'alias', 'stk0']",5,11,0,0,True,4.0,0
medium-002,medium,5,sanitize,pathseal,44,"['input', 'alias', 'stk0']",3,11,0,0,True,4.0,0
medium-002,medium,5,sanitize,call-context,44,"['ctx', 'sp', 'stk0', 'stk1']",4,6,20,96,False,7.333333333333333,12
medium-002,medium,5,sanitize,security-surface,44,"['input', 'taint', 'san', 'alias']",4,8,12,64,False,5.5,6
medium-002,medium,5,sanitize,syntax-only,44,[],0,1,40,880,False,44.0,82
medium-002,medium,6,branch,exact-state,44,"['input', 'taint', 'san', 'alias', 'guard', 'mode', 'ctx', 'tmp', 'flag', 'sp', 'stk0', 'stk1', 'aux0', 'dead0']",14,44,0,0,True,1.0,0
medium-002,medium,6,branch,support,44,"['taint', 'alias', 'guard', 'mode', 'tmp', 'stk0']",6,11,0,0,True,4.0,0
medium-002,medium,6,branch,pathseal,44,"['input', 'alias', 'stk0']",3,11,0,0,True,4.0,0
medium-002,medium,6,branch,call-context,44,"['ctx', 'sp', 'stk0', 'stk1']",4,6,16,80,False,7.333333333333333,10
medium-002,medium,6,branch,security-surface,44,"['input', 'taint', 'san', 'alias']",4,8,12,64,False,5.5,6
medium-002,medium,6,branch,syntax-only,44,[],0,1,40,864,False,44.0,80
medium-002,medium,7,return,exact-state,40,"['input', 'taint', 'san', 'alias', 'guard', 'mode', 'ctx', 'tmp', 'flag', 'sp', 'stk0', 'stk1', 'aux0', 'dead0']",14,40,0,0,True,1.0,0
medium-002,medium,7,return,support,40,"['input', 'ctx', 'sp', 'stk0', 'stk1']",5,9,0,0,True,4.444444444444445,0
medium-002,medium,7,return,pathseal,40,"['tmp', 'stk0']",2,8,0,0,True,5.0,0
medium-002,medium,7,return,call-context,40,"['ctx', 'sp', 'stk0', 'stk1']",4,6,4,16,False,6.666666666666667,2
medium-002,medium,7,return,security-surface,40,"['input', 'taint', 'san', 'alias']",4,7,4,16,False,5.714285714285714,2
medium-002,medium,7,return,syntax-only,40,[],0,1,16,480,False,40.0,52
medium-002,medium,8,sink,exact-state,16,"['input', 'taint', 'san', 'alias', 'guard', 'mode', 'ctx', 'tmp', 'flag', 'sp', 'stk0', 'stk1', 'aux0', 'dead0']",14,16,0,0,True,1.0,0
medium-002,medium,8,sink,support,16,"['taint', 'alias', 'mode', 'ctx', 'sp']",5,4,0,0,True,4.0,0
medium-002,medium,8,sink,pathseal,16,"['input', 'ctx']",2,4,0,0,True,4.0,0
medium-002,medium,8,sink,call-context,16,"['ctx', 'sp', 'stk0', 'stk1']",4,3,4,16,False,5.333333333333333,2
medium-002,medium,8,sink,security-surface,16,"['input', 'taint', 'san', 'alias']",4,4,0,0,True,4.0,0
medium-002,medium,8,sink,syntax-only,16,[],0,1,12,96,False,16.0,12
medium-003,medium,0,source,exact-state,96,"['input', 'taint', 'san', 'alias', 'guard', 'mode', 'ctx', 'tmp', 'flag', 'sp', 'stk0', 'stk1', 'aux0', 'dead0']",14,96,0,0,True,1.0,0
medium-003,medium,0,source,support,96,"['input', 'san', 'alias', 'mode', 'ctx', 'sp', 'stk0', 'stk1', 'aux0']",9,24,0,0,True,4.0,0
medium-003,medium,0,source,pathseal,96,"['san', 'alias', 'mode', 'aux0']",4,24,0,0,True,4.0,0
medium-003,medium,0,source,call-context,96,"['ctx', 'sp', 'stk0', 'stk1']",4,4,80,1168,False,24.0,106
medium-003,medium,0,source,security-surface,96,"['input', 'taint', 'san', 'alias']",4,13,44,336,False,7.384615384615385,24
medium-003,medium,0,source,syntax-only,96,[],0,1,92,4416,False,96.0,282
medium-003,medium,1,propagate,exact-state,96,"['input', 'taint', 'san', 'alias', 'guard', 'mode', 'ctx', 'tmp', 'flag', 'sp', 'stk0', 'stk1', 'aux0', 'dead0']",14,96,0,0,True,1.0,0
medium-003,medium,1,propagate,support,96,"['taint', 'san', 'alias', 'mode', 'tmp', 'flag', 'aux0']",7,24,0,0,True,4.0,0
medium-003,medium,1,propagate,pathseal,96,"['san', 'alias', 'mode', 'aux0']",4,24,0,0,True,4.0,0
medium-003,medium,1,propagate,call-context,96,"['ctx', 'sp', 'stk0', 'stk1']",4,4,80,1168,False,24.0,106
medium-003,medium,1,propagate,security-surface,96,"['input', 'taint', 'san', 'alias']",4,13,44,336,False,7.384615384615385,24
medium-003,medium,1,propagate,syntax-only,96,[],0,1,92,4416,False,96.0,282
medium-003,medium,2,helper,exact-state,96,"['input', 'taint', 'san', 'alias', 'guard', 'mode', 'ctx', 'tmp', 'flag', 'sp', 'stk0', 'stk1', 'aux0', 'dead0']",14,96,0,0,True,1.0,0
medium-003,medium,2,helper,support,96,"['san', 'alias', 'guard', 'mode', 'ctx', 'aux0']",6,24,0,0,True,4.0,0
medium-003,medium,2,helper,pathseal,96,"['san', 'alias', 'mode', 'aux0']",4,24,0,0,True,4.0,0
medium-003,medium,2,helper,call-context,96,"['ctx', 'sp', 'stk0', 'stk1']",4,4,80,1168,False,24.0,106
medium-003,medium,2,helper,security-surface,96,"['input', 'taint', 'san', 'alias']",4,12,48,304,False,8.0,28
medium-003,medium,2,helper,syntax-only,96,[],0,1,92,4416,False,96.0,288
medium-003,medium,3,nested-call,exact-state,96,"['input', 'taint', 'san', 'alias', 'guard', 'mode', 'ctx', 'tmp', 'flag', 'sp', 'stk0', 'stk1', 'aux0', 'dead0']",14,96,0,0,True,1.0,0
medium-003,medium,3,nested-call,support,96,"['san', 'alias', 'mode', 'ctx', 'sp', 'stk0', 'stk1', 'aux0']",8,24,0,0,True,4.0,0
medium-003,medium,3,nested-call,pathseal,96,"['san', 'alias', 'mode', 'aux0']",4,24,0,0,True,4.0,0
medium-003,medium,3,nested-call,call-context,96,"['ctx', 'sp', 'stk0', 'stk1']",4,7,68,624,False,13.714285714285714,56
medium-003,medium,3,nested-call,security-surface,96,"['input', 'taint', 'san', 'alias']",4,12,48,304,False,8.0,34
medium-003,medium,3,nested-call,syntax-only,96,[],0,1,92,4416,False,96.0,332
medium-003,medium,4,nested-return,exact-state,96,"['input', 'taint', 'san', 'alias', 'guard', 'mode', 'ctx', 'tmp', 'flag', 'sp', 'stk0', 'stk1', 'aux0', 'dead0']",14,96,0,0,True,1.0,0
medium-003,medium,4,nested-return,support,96,"['alias', 'mode', 'ctx', 'tmp', 'flag', 'sp', 'stk0', 'stk1', 'aux0']",9,23,0,0,True,4.173913043478261,0
medium-003,medium,4,nested-return,pathseal,96,"['san', 'alias', 'mode', 'aux0']",4,24,0,0,True,4.0,0
medium-003,medium,4,nested-return,call-context,96,"['ctx', 'sp', 'stk0', 'stk1']",4,15,28,176,False,6.4,10
medium-003,medium,4,nested-return,security-surface,96,"['input', 'taint', 'san', 'alias']",4,12,32,224,False,8.0,28
medium-003,medium,4,nested-return,syntax-only,96,[],0,1,92,3168,False,96.0,276
medium-003,medium,5,sanitize,exact-state,44,"['input', 'taint', 'san', 'alias', 'guard', 'mode', 'ctx', 'tmp', 'flag', 'sp', 'stk0', 'stk1', 'aux0', 'dead0']",14,44,0,0,True,1.0,0
medium-003,medium,5,sanitize,support,44,"['taint', 'san', 'alias', 'mode', 'tmp']",5,11,0,0,True,4.0,0
medium-003,medium,5,sanitize,pathseal,44,"['alias', 'mode', 'tmp']",3,11,0,0,True,4.0,0
medium-003,medium,5,sanitize,call-context,44,"['ctx', 'sp', 'stk0', 'stk1']",4,6,20,112,False,7.333333333333333,8
medium-003,medium,5,sanitize,security-surface,44,"['input', 'taint', 'san', 'alias']",4,8,12,96,False,5.5,12
medium-003,medium,5,sanitize,syntax-only,44,[],0,1,40,880,False,44.0,78
medium-003,medium,6,branch,exact-state,44,"['input', 'taint', 'san', 'alias', 'guard', 'mode', 'ctx', 'tmp', 'flag', 'sp', 'stk0', 'stk1', 'aux0', 'dead0']",14,44,0,0,True,1.0,0
medium-003,medium,6,branch,support,44,"['taint', 'alias', 'guard', 'mode', 'tmp']",5,11,0,0,True,4.0,0
medium-003,medium,6,branch,pathseal,44,"['alias', 'mode', 'tmp']",3,11,0,0,True,4.0,0
medium-003,medium,6,branch,call-context,44,"['ctx', 'sp', 'stk0', 'stk1']",4,6,20,112,False,7.333333333333333,8
medium-003,medium,6,branch,security-surface,44,"['input', 'taint', 'san', 'alias']",4,8,8,80,False,5.5,10
medium-003,medium,6,branch,syntax-only,44,[],0,1,40,864,False,44.0,82
medium-003,medium,7,return,exact-state,36,"['input', 'taint', 'san', 'alias', 'guard', 'mode', 'ctx', 'tmp', 'flag', 'sp', 'stk0', 'stk1', 'aux0', 'dead0']",14,36,0,0,True,1.0,0
medium-003,medium,7,return,support,36,"['alias', 'ctx', 'sp', 'stk0', 'stk1']",5,9,0,0,True,4.0,0
medium-003,medium,7,return,pathseal,36,"['alias', 'tmp']",2,9,0,0,True,4.0,0
medium-003,medium,7,return,call-context,36,"['ctx', 'sp', 'stk0', 'stk1']",4,5,12,64,False,7.2,6
medium-003,medium,7,return,security-surface,36,"['input', 'taint', 'san', 'alias']",4,8,4,16,False,4.5,2
medium-003,medium,7,return,syntax-only,36,[],0,1,32,528,False,36.0,58
medium-003,medium,8,sink,exact-state,24,"['input', 'taint', 'san', 'alias', 'guard', 'mode', 'ctx', 'tmp', 'flag', 'sp', 'stk0', 'stk1', 'aux0', 'dead0']",14,24,0,0,True,1.0,0
medium-003,medium,8,sink,support,24,"['taint', 'alias', 'mode', 'ctx', 'sp']",5,6,0,0,True,4.0,0
medium-003,medium,8,sink,pathseal,24,"['alias', 'ctx']",2,6,0,0,True,4.0,0
medium-003,medium,8,sink,call-context,24,"['ctx', 'sp', 'stk0', 'stk1']",4,3,12,64,False,8.0,6
medium-003,medium,8,sink,security-surface,24,"['input', 'taint', 'san', 'alias']",4,6,0,0,True,4.0,0
medium-003,medium,8,sink,syntax-only,24,[],0,1,20,240,False,24.0,28
medium-004,medium,0,source,exact-state,96,"['input', 'taint', 'san', 'alias', 'guard', 'mode', 'ctx', 'tmp', 'flag', 'sp', 'stk0', 'stk1', 'aux0', 'dead0']",14,96,0,0,True,1.0,0
medium-004,medium,0,source,support,96,"['input', 'alias', 'mode', 'ctx', 'flag', 'sp', 'stk0', 'stk1']",8,24,0,0,True,4.0,0
medium-004,medium,0,source,pathseal,96,"['input', 'alias', 'mode', 'ctx']",4,24,0,0,True,4.0,0
medium-004,medium,0,source,call-context,96,"['ctx', 'sp', 'stk0', 'stk1']",4,4,80,1008,False,24.0,96
medium-004,medium,0,source,security-surface,96,"['input', 'taint', 'san', 'alias']",4,11,52,432,False,8.727272727272727,24
medium-004,medium,0,source,syntax-only,96,[],0,1,92,4416,False,96.0,298
medium-004,medium,1,propagate,exact-state,96,"['input', 'taint', 'san', 'alias', 'guard', 'mode', 'ctx', 'tmp', 'flag', 'sp', 'stk0', 'stk1', 'aux0', 'dead0']",14,96,0,0,True,1.0,0
medium-004,medium,1,propagate,support,96,"['input', 'taint', 'alias', 'mode', 'ctx', 'tmp', 'flag']",7,24,0,0,True,4.0,0
medium-004,medium,1,propagate,pathseal,96,"['input', 'alias', 'mode', 'ctx']",4,24,0,0,True,4.0,0
medium-004,medium,1,propagate,call-context,96,"['ctx', 'sp', 'stk0', 'stk1']",4,4,80,1008,False,24.0,96
medium-004,medium,1,propagate,security-surface,96,"['input', 'taint', 'san', 'alias']",4,15,36,208,False,6.4,10
medium-004,medium,1,propagate,syntax-only,96,[],0,1,92,4416,False,96.0,298
medium-004,medium,2,helper,exact-state,96,"['input', 'taint', 'san', 'alias', 'guard', 'mode', 'ctx', 'tmp', 'flag', 'sp', 'stk0', 'stk1', 'aux0', 'dead0']",14,96,0,0,True,1.0,0
medium-004,medium,2,helper,support,96,"['input', 'guard', 'mode', 'ctx', 'tmp', 'stk0', 'aux0']",7,24,0,0,True,4.0,0
medium-004,medium,2,helper,pathseal,96,"['input', 'alias', 'mode', 'ctx']",4,24,0,0,True,4.0,0
medium-004,medium,2,helper,call-context,96,"['ctx', 'sp', 'stk0', 'stk1']",4,4,80,1008,False,24.0,94
medium-004,medium,2,helper,security-surface,96,"['input', 'taint', 'san', 'alias']",4,14,40,240,False,6.857142857142857,18
medium-004,medium,2,helper,syntax-only,96,[],0,1,92,4416,False,96.0,330
medium-004,medium,3,nested-call,exact-state,96,"['input', 'taint', 'san', 'alias', 'guard', 'mode', 'ctx', 'tmp', 'flag', 'sp', 'stk0', 'stk1', 'aux0', 'dead0']",14,96,0,0,True,1.0,0
medium-004,medium,3,nested-call,support,96,"['input', 'ctx', 'tmp', 'sp', 'stk0', 'stk1', 'aux0']",7,24,0,0,True,4.0,0
medium-004,medium,3,nested-call,pathseal,96,"['input', 'tmp', 'stk0', 'aux0']",4,24,0,0,True,4.0,0
medium-004,medium,3,nested-call,call-context,96,"['ctx', 'sp', 'stk0', 'stk1']",4,8,64,416,False,12.0,44
medium-004,medium,3,nested-call,security-surface,96,"['input', 'taint', 'san', 'alias']",4,14,40,240,False,6.857142857142857,26
medium-004,medium,3,nested-call,syntax-only,96,[],0,1,92,4416,False,96.0,360
medium-004,medium,4,nested-return,exact-state,96,"['input', 'taint', 'san', 'alias', 'guard', 'mode', 'ctx', 'tmp', 'flag', 'sp', 'stk0', 'stk1', 'aux0', 'dead0']",14,96,0,0,True,1.0,0
medium-004,medium,4,nested-return,support,96,"['alias', 'mode', 'ctx', 'tmp', 'flag', 'sp', 'stk0', 'stk1', 'aux0']",9,24,0,0,True,4.0,0
medium-004,medium,4,nested-return,pathseal,96,"['input', 'tmp', 'stk0', 'stk1']",4,24,0,0,True,4.0,0
medium-004,medium,4,nested-return,call-context,96,"['ctx', 'sp', 'stk0', 'stk1']",4,20,12,64,False,4.8,8
medium-004,medium,4,nested-return,security-surface,96,"['input', 'taint', 'san', 'alias']",4,14,28,176,False,6.857142857142857,18
medium-004,medium,4,nested-return,syntax-only,96,[],0,1,92,3696,False,96.0,348
medium-004,medium,5,sanitize,exact-state,56,"['input', 'taint', 'san', 'alias', 'guard', 'mode', 'ctx', 'tmp', 'flag', 'sp', 'stk0', 'stk1', 'aux0', 'dead0']",14,56,0,0,True,1.0,0
medium-004,medium,5,sanitize,support,56,"['taint', 'san', 'alias', 'mode', 'tmp']",5,14,0,0,True,4.0,0
medium-004,medium,5,sanitize,pathseal,56,"['alias', 'mode', 'tmp']",3,14,0,0,True,4.0,0
medium-004,medium,5,sanitize,call-context,56,"['ctx', 'sp', 'stk0', 'stk1']",4,8,24,112,False,7.0,14
medium-004,medium,5,sanitize,security-surface,56,"['input', 'taint', 'san', 'alias']",4,7,28,176,False,8.0,18
medium-004,medium,5,sanitize,syntax-only,56,[],0,1,52,1456,False,56.0,130
medium-004,medium,6,branch,exact-state,56,"['input', 'taint', 'san', 'alias', 'guard', 'mode', 'ctx', 'tmp', 'flag', 'sp', 'stk0', 'stk1', 'aux0', 'dead0']",14,56,0,0,True,1.0,0
medium-004,medium,6,branch,support,56,"['taint', 'alias', 'guard', 'mode', 'aux0']",5,14,0,0,True,4.0,0
medium-004,medium,6,branch,pathseal,56,"['alias', 'mode', 'tmp']",3,14,0,0,True,4.0,0
medium-004,medium,6,branch,call-context,56,"['ctx', 'sp', 'stk0', 'stk1']",4,8,24,112,False,7.0,14
medium-004,medium,6,branch,security-surface,56,"['input', 'taint', 'san', 'alias']",4,7,28,176,False,8.0,18
medium-004,medium,6,branch,syntax-only,56,[],0,1,52,1456,False,56.0,136
medium-004,medium,7,return,exact-state,52,"['input', 'taint', 'san', 'alias', 'guard', 'mode', 'ctx', 'tmp', 'flag', 'sp', 'stk0', 'stk1', 'aux0', 'dead0']",14,52,0,0,True,1.0,0
medium-004,medium,7,return,support,52,"['alias', 'ctx', 'tmp', 'sp', 'stk0', 'stk1']",6,13,0,0,True,4.0,0
medium-004,medium,7,return,pathseal,52,"['alias', 'aux0']",2,11,0,0,True,4.7272727272727275,0
medium-004,medium,7,return,call-context,52,"['ctx', 'sp', 'stk0', 'stk1']",4,8,12,64,False,6.5,8
medium-004,medium,7,return,security-surface,52,"['input', 'taint', 'san', 'alias']",4,7,16,112,False,7.428571428571429,12
medium-004,medium,7,return,syntax-only,52,[],0,1,28,1008,False,52.0,106
medium-004,medium,8,sink,exact-state,28,"['input', 'taint', 'san', 'alias', 'guard', 'mode', 'ctx', 'tmp', 'flag', 'sp', 'stk0', 'stk1', 'aux0', 'dead0']",14,28,0,0,True,1.0,0
medium-004,medium,8,sink,support,28,"['taint', 'alias', 'mode', 'ctx', 'sp']",5,7,0,0,True,4.0,0
medium-004,medium,8,sink,pathseal,28,"['alias', 'tmp']",2,7,0,0,True,4.0,0
medium-004,medium,8,sink,call-context,28,"['ctx', 'sp', 'stk0', 'stk1']",4,4,12,64,False,7.0,8
medium-004,medium,8,sink,security-surface,28,"['input', 'taint', 'san', 'alias']",4,5,8,32,False,5.6,2
medium-004,medium,8,sink,syntax-only,28,[],0,1,24,336,False,28.0,30
medium-005,medium,0,source,exact-state,96,"['input', 'taint', 'san', 'alias', 'guard', 'mode', 'ctx', 'tmp', 'flag', 'sp', 'stk0', 'stk1', 'aux0', 'dead0']",14,96,0,0,True,1.0,0
medium-005,medium,0,source,support,96,"['input', 'alias', 'guard', 'ctx', 'sp', 'stk0', 'stk1', 'aux0']",8,24,0,0,True,4.0,0
medium-005,medium,0,source,pathseal,96,"['alias', 'guard', 'ctx', 'aux0']",4,24,0,0,True,4.0,0
medium-005,medium,0,source,call-context,96,"['ctx', 'sp', 'stk0', 'stk1']",4,4,80,960,False,24.0,94
medium-005,medium,0,source,security-surface,96,"['input', 'taint', 'san', 'alias']",4,13,44,240,False,7.384615384615385,24
medium-005,medium,0,source,syntax-only,96,[],0,1,92,4416,False,96.0,296
medium-005,medium,1,propagate,exact-state,96,"['input', 'taint', 'san', 'alias', 'guard', 'mode', 'ctx', 'tmp', 'flag', 'sp', 'stk0', 'stk1', 'aux0', 'dead0']",14,96,0,0,True,1.0,0
medium-005,medium,1,propagate,support,96,"['input', 'taint', 'alias', 'guard', 'mode', 'ctx', 'tmp', 'flag']",8,24,0,0,True,4.0,0
medium-005,medium,1,propagate,pathseal,96,"['alias', 'guard', 'ctx', 'aux0']",4,24,0,0,True,4.0,0
medium-005,medium,1,propagate,call-context,96,"['ctx', 'sp', 'stk0', 'stk1']",4,4,80,960,False,24.0,94
medium-005,medium,1,propagate,security-surface,96,"['input', 'taint', 'san', 'alias']",4,13,44,240,False,7.384615384615385,24
medium-005,medium,1,propagate,syntax-only,96,[],0,1,92,4416,False,96.0,296
medium-005,medium,2,helper,exact-state,96,"['input', 'taint', 'san', 'alias', 'guard', 'mode', 'ctx', 'tmp', 'flag', 'sp', 'stk0', 'stk1', 'aux0', 'dead0']",14,96,0,0,True,1.0,0
medium-005,medium,2,helper,support,96,"['input', 'alias', 'guard', 'mode', 'ctx', 'aux0']",6,24,0,0,True,4.0,0
medium-005,medium,2,helper,pathseal,96,"['input', 'alias', 'guard', 'ctx']",4,24,0,0,True,4.0,0
medium-005,medium,2,helper,call-context,96,"['ctx', 'sp', 'stk0', 'stk1']",4,4,80,960,False,24.0,90
medium-005,medium,2,helper,security-surface,96,"['input', 'taint', 'san', 'alias']",4,13,44,224,False,7.384615384615385,26
medium-005,medium,2,helper,syntax-only,96,[],0,1,92,4416,False,96.0,304
medium-005,medium,3,nested-call,exact-state,96,"['input', 'taint', 'san', 'alias', 'guard', 'mode', 'ctx', 'tmp', 'flag', 'sp', 'stk0', 'stk1', 'aux0', 'dead0']",14,96,0,0,True,1.0,0
medium-005,medium,3,nested-call,support,96,"['alias', 'ctx', 'sp', 'stk0', 'stk1', 'aux0']",6,24,0,0,True,4.0,0
medium-005,medium,3,nested-call,pathseal,96,"['input', 'alias', 'guard', 'ctx']",4,24,0,0,True,4.0,0
medium-005,medium,3,nested-call,call-context,96,"['ctx', 'sp', 'stk0', 'stk1']",4,8,64,384,False,12.0,34
medium-005,medium,3,nested-call,security-surface,96,"['input', 'taint', 'san', 'alias']",4,13,44,224,False,7.384615384615385,26
medium-005,medium,3,nested-call,syntax-only,96,[],0,1,92,4416,False,96.0,346
medium-005,medium,4,nested-return,exact-state,96,"['input', 'taint', 'san', 'alias', 'guard', 'mode', 'ctx', 'tmp', 'flag', 'sp', 'stk0', 'stk1', 'aux0', 'dead0']",14,96,0,0,True,1.0,0
medium-005,medium,4,nested-return,support,96,"['input', 'alias', 'ctx', 'flag', 'sp', 'stk0', 'stk1', 'aux0']",8,24,0,0,True,4.0,0
medium-005,medium,4,nested-return,pathseal,96,"['alias', 'stk0', 'aux0']",3,23,0,0,True,4.173913043478261,0
medium-005,medium,4,nested-return,call-context,96,"['ctx', 'sp', 'stk0', 'stk1']",4,19,12,48,False,5.052631578947368,6
medium-005,medium,4,nested-return,security-surface,96,"['input', 'taint', 'san', 'alias']",4,13,28,144,False,7.384615384615385,18
medium-005,medium,4,nested-return,syntax-only,96,[],0,1,92,3168,False,96.0,310
medium-005,medium,5,sanitize,exact-state,44,"['input', 'taint', 'san', 'alias', 'guard', 'mode', 'ctx', 'tmp', 'flag', 'sp', 'stk0', 'stk1', 'aux0', 'dead0']",14,44,0,0,True,1.0,0
medium-005,medium,5,sanitize,support,44,"['input', 'taint', 'san', 'alias', 'ctx']",5,11,0,0,True,4.0,0
medium-005,medium,5,sanitize,pathseal,44,"['input', 'alias', 'ctx']",3,11,0,0,True,4.0,0
medium-005,medium,5,sanitize,call-context,44,"['ctx', 'sp', 'stk0', 'stk1']",4,7,16,64,False,6.285714285714286,8
medium-005,medium,5,sanitize,security-surface,44,"['input', 'taint', 'san', 'alias']",4,9,8,32,False,4.888888888888889,4
medium-005,medium,5,sanitize,syntax-only,44,[],0,1,40,880,False,44.0,92
medium-005,medium,6,branch,exact-state,44,"['input', 'taint', 'san', 'alias', 'guard', 'mode', 'ctx', 'tmp', 'flag', 'sp', 'stk0', 'stk1', 'aux0', 'dead0']",14,44,0,0,True,1.0,0
medium-005,medium,6,branch,support,44,"['input', 'taint', 'alias', 'guard', 'mode', 'ctx']",6,11,0,0,True,4.0,0
medium-005,medium,6,branch,pathseal,44,"['input', 'alias', 'ctx']",3,11,0,0,True,4.0,0
medium-005,medium,6,branch,call-context,44,"['ctx', 'sp', 'stk0', 'stk1']",4,7,16,64,False,6.285714285714286,8
medium-005,medium,6,branch,security-surface,44,"['input', 'taint', 'san', 'alias']",4,9,8,32,False,4.888888888888889,4
medium-005,medium,6,branch,syntax-only,44,[],0,1,40,880,False,44.0,98
medium-005,medium,7,return,exact-state,40,"['input', 'taint', 'san', 'alias', 'guard', 'mode', 'ctx', 'tmp', 'flag', 'sp', 'stk0', 'stk1', 'aux0', 'dead0']",14,40,0,0,True,1.0,0
medium-005,medium,7,return,support,40,"['taint', 'ctx', 'sp', 'stk0', 'stk1']",5,9,0,0,True,4.444444444444445,0
medium-005,medium,7,return,pathseal,40,"['input', 'alias', 'ctx']",3,10,0,0,True,4.0,0
medium-005,medium,7,return,call-context,40,"['ctx', 'sp', 'stk0', 'stk1']",4,7,8,32,False,5.714285714285714,4
medium-005,medium,7,return,security-surface,40,"['input', 'taint', 'san', 'alias']",4,9,4,16,False,4.444444444444445,2
medium-005,medium,7,return,syntax-only,40,[],0,1,36,560,False,40.0,70
medium-005,medium,8,sink,exact-state,20,"['input', 'taint', 'san', 'alias', 'guard', 'mode', 'ctx', 'tmp', 'flag', 'sp', 'stk0', 'stk1', 'aux0', 'dead0']",14,20,0,0,True,1.0,0
medium-005,medium,8,sink,support,20,"['taint', 'alias', 'mode', 'ctx', 'sp']",5,5,0,0,True,4.0,0
medium-005,medium,8,sink,pathseal,20,"['taint', 'ctx']",2,5,0,0,True,4.0,0
medium-005,medium,8,sink,call-context,20,"['ctx', 'sp', 'stk0', 'stk1']",4,3,8,32,False,6.666666666666667,4
medium-005,medium,8,sink,security-surface,20,"['input', 'taint', 'san', 'alias']",4,5,0,0,True,4.0,0
medium-005,medium,8,sink,syntax-only,20,[],0,1,16,160,False,20.0,20
medium-006,medium,0,source,exact-state,96,"['input', 'taint', 'san', 'alias', 'guard', 'mode', 'ctx', 'tmp', 'flag', 'sp', 'stk0', 'stk1', 'aux0', 'dead0']",14,96,0,0,True,1.0,0
medium-006,medium,0,source,support,96,"['input', 'guard', 'ctx', 'tmp', 'flag', 'sp', 'stk0', 'stk1', 'aux0']",9,24,0,0,True,4.0,0
medium-006,medium,0,source,pathseal,96,"['input', 'guard', 'tmp', 'aux0']",4,24,0,0,True,4.0,0
medium-006,medium,0,source,call-context,96,"['ctx', 'sp', 'stk0', 'stk1']",4,4,80,1248,False,24.0,104
medium-006,medium,0,source,security-surface,96,"['input', 'taint', 'san', 'alias']",4,12,48,240,False,8.0,22
medium-006,medium,0,source,syntax-only,96,[],0,1,92,4416,False,96.0,294
medium-006,medium,1,propagate,exact-state,96,"['input', 'taint', 'san', 'alias', 'guard', 'mode', 'ctx', 'tmp', 'flag', 'sp', 'stk0', 'stk1', 'aux0', 'dead0']",14,96,0,0,True,1.0,0
medium-006,medium,1,propagate,support,96,"['input', 'taint', 'alias', 'guard', 'mode', 'tmp', 'flag', 'aux0']",8,24,0,0,True,4.0,0
medium-006,medium,1,propagate,pathseal,96,"['input', 'guard', 'tmp', 'aux0']",4,24,0,0,True,4.0,0
medium-006,medium,1,propagate,call-context,96,"['ctx', 'sp', 'stk0', 'stk1']",4,4,80,1248,False,24.0,104
medium-006,medium,1,propagate,security-surface,96,"['input', 'taint', 'san', 'alias']",4,17,28,128,False,5.647058823529412,14
medium-006,medium,1,propagate,syntax-only,96,[],0,1,92,4416,False,96.0,294
medium-006,medium,2,helper,exact-state,96,"['input', 'taint', 'san', 'alias', 'guard', 'mode', 'ctx', 'tmp', 'flag', 'sp', 'stk0', 'stk1', 'aux0', 'dead0']",14,96,0,0,True,1.0,0
medium-006,medium,2,helper,support,96,"['input', 'guard', 'mode', 'ctx', 'tmp', 'aux0']",6,24,0,0,True,4.0,0
medium-006,medium,2,helper,pathseal,96,"['input', 'guard', 'tmp', 'aux0']",4,24,0,0,True,4.0,0
medium-006,medium,2,helper,call-context,96,"['ctx', 'sp', 'stk0', 'stk1']",4,4,80,1248,False,24.0,102
medium-006,medium,2,helper,security-surface,96,"['input', 'taint', 'san', 'alias']",4,18,24,128,False,5.333333333333333,14
medium-006,medium,2,helper,syntax-only,96,[],0,1,92,4416,False,96.0,294
medium-006,medium,3,nested-call,exact-state,96,"['input', 'taint', 'san', 'alias', 'guard', 'mode', 'ctx', 'tmp', 'flag', 'sp', 'stk0', 'stk1', 'aux0', 'dead0']",14,96,0,0,True,1.0,0
medium-006,medium,3,nested-call,support,96,"['input', 'taint', 'mode', 'ctx', 'sp', 'stk0', 'stk1', 'aux0']",8,24,0,0,True,4.0,0
medium-006,medium,3,nested-call,pathseal,96,"['input', 'guard', 'tmp', 'aux0']",4,24,0,0,True,4.0,0
medium-006,medium,3,nested-call,call-context,96,"['ctx', 'sp', 'stk0', 'stk1']",4,7,68,576,False,13.714285714285714,50
medium-006,medium,3,nested-call,security-surface,96,"['input', 'taint', 'san', 'alias']",4,18,24,128,False,5.333333333333333,16
medium-006,medium,3,nested-call,syntax-only,96,[],0,1,92,4416,False,96.0,334
medium-006,medium,4,nested-return,exact-state,96,"['input', 'taint', 'san', 'alias', 'guard', 'mode', 'ctx', 'tmp', 'flag', 'sp', 'stk0', 'stk1', 'aux0', 'dead0']",14,96,0,0,True,1.0,0
medium-006,medium,4,nested-return,support,96,"['input', 'mode', 'ctx', 'flag', 'sp', 'stk0', 'stk1', 'aux0']",8,24,0,0,True,4.0,0
medium-006,medium,4,nested-return,pathseal,96,"['input', 'taint', 'mode', 'ctx']",4,21,0,0,True,4.571428571428571,0
medium-006,medium,4,nested-return,call-context,96,"['ctx', 'sp', 'stk0', 'stk1']",4,18,20,96,False,5.333333333333333,10
medium-006,medium,4,nested-return,security-surface,96,"['input', 'taint', 'san', 'alias']",4,18,16,80,False,5.333333333333333,10
medium-006,medium,4,nested-return,syntax-only,96,[],0,1,92,3536,False,96.0,330
medium-006,medium,5,sanitize,exact-state,52,"['input', 'taint', 'san', 'alias', 'guard', 'mode', 'ctx', 'tmp', 'flag', 'sp', 'stk0', 'stk1', 'aux0', 'dead0']",14,52,0,0,True,1.0,0
medium-006,medium,5,sanitize,support,52,"['input', 'taint', 'san', 'mode', 'ctx']",5,13,0,0,True,4.0,0
medium-006,medium,5,sanitize,pathseal,52,"['input', 'mode', 'ctx']",3,13,0,0,True,4.0,0
medium-006,medium,5,sanitize,call-context,52,"['ctx', 'sp', 'stk0', 'stk1']",4,6,28,144,False,8.666666666666666,14
medium-006,medium,5,sanitize,security-surface,52,"['input', 'taint', 'san', 'alias']",4,9,16,80,False,5.777777777777778,10
medium-006,medium,5,sanitize,syntax-only,52,[],0,1,48,1248,False,52.0,112
medium-006,medium,6,branch,exact-state,52,"['input', 'taint', 'san', 'alias', 'guard', 'mode', 'ctx', 'tmp', 'flag', 'sp', 'stk0', 'stk1', 'aux0', 'dead0']",14,52,0,0,True,1.0,0
medium-006,medium,6,branch,support,52,"['input', 'taint', 'san', 'alias', 'guard', 'mode']",6,13,0,0,True,4.0,0
medium-006,medium,6,branch,pathseal,52,"['input', 'mode', 'ctx']",3,13,0,0,True,4.0,0
medium-006,medium,6,branch,call-context,52,"['ctx', 'sp', 'stk0', 'stk1']",4,6,28,144,False,8.666666666666666,18
medium-006,medium,6,branch,security-surface,52,"['input', 'taint', 'san', 'alias']",4,9,16,80,False,5.777777777777778,10
medium-006,medium,6,branch,syntax-only,52,[],0,1,48,1232,False,52.0,124
medium-006,medium,7,return,exact-state,44,"['input', 'taint', 'san', 'alias', 'guard', 'mode', 'ctx', 'tmp', 'flag', 'sp', 'stk0', 'stk1', 'aux0', 'dead0']",14,44,0,0,True,1.0,0
medium-006,medium,7,return,support,44,"['mode', 'ctx', 'tmp', 'sp', 'stk0', 'stk1']",6,11,0,0,True,4.0,0
medium-006,medium,7,return,pathseal,44,"['input', 'san', 'mode']",3,11,0,0,True,4.0,0
medium-006,medium,7,return,call-context,44,"['ctx', 'sp', 'stk0', 'stk1']",4,5,16,80,False,8.8,10
medium-006,medium,7,return,security-surface,44,"['input', 'taint', 'san', 'alias']",4,9,8,32,False,4.888888888888889,4
medium-006,medium,7,return,syntax-only,44,[],0,1,40,784,False,44.0,84
medium-006,medium,8,sink,exact-state,28,"['input', 'taint', 'san', 'alias', 'guard', 'mode', 'ctx', 'tmp', 'flag', 'sp', 'stk0', 'stk1', 'aux0', 'dead0']",14,28,0,0,True,1.0,0
medium-006,medium,8,sink,support,28,"['taint', 'alias', 'mode', 'ctx', 'sp']",5,7,0,0,True,4.0,0
medium-006,medium,8,sink,pathseal,28,"['mode', 'tmp']",2,7,0,0,True,4.0,0
medium-006,medium,8,sink,call-context,28,"['ctx', 'sp', 'stk0', 'stk1']",4,3,16,80,False,9.333333333333334,10
medium-006,medium,8,sink,security-surface,28,"['input', 'taint', 'san', 'alias']",4,6,4,16,False,4.666666666666667,2
medium-006,medium,8,sink,syntax-only,28,[],0,1,24,336,False,28.0,38
medium-007,medium,0,source,exact-state,96,"['input', 'taint', 'san', 'alias', 'guard', 'mode', 'ctx', 'tmp', 'flag', 'sp', 'stk0', 'stk1', 'aux0', 'dead0']",14,96,0,0,True,1.0,0
medium-007,medium,0,source,support,96,"['input', 'san', 'alias', 'ctx', 'flag', 'sp', 'stk0', 'stk1', 'aux0']",9,24,0,0,True,4.0,0
medium-007,medium,0,source,pathseal,96,"['input', 'san', 'alias', 'flag', 'aux0']",5,24,0,0,True,4.0,0
medium-007,medium,0,source,call-context,96,"['ctx', 'sp', 'stk0', 'stk1']",4,4,80,1120,False,24.0,100
medium-007,medium,0,source,security-surface,96,"['input', 'taint', 'san', 'alias']",4,13,44,256,False,7.384615384615385,20
medium-007,medium,0,source,syntax-only,96,[],0,1,92,4416,False,96.0,312
medium-007,medium,1,propagate,exact-state,96,"['input', 'taint', 'san', 'alias', 'guard', 'mode', 'ctx', 'tmp', 'flag', 'sp', 'stk0', 'stk1', 'aux0', 'dead0']",14,96,0,0,True,1.0,0
medium-007,medium,1,propagate,support,96,"['input', 'taint', 'alias', 'guard', 'mode', 'ctx', 'tmp', 'flag', 'aux0']",9,24,0,0,True,4.0,0
medium-007,medium,1,propagate,pathseal,96,"['input', 'san', 'alias', 'flag', 'aux0']",5,24,0,0,True,4.0,0
medium-007,medium,1,propagate,call-context,96,"['ctx', 'sp', 'stk0', 'stk1']",4,4,80,1120,False,24.0,100
medium-007,medium,1,propagate,security-surface,96,"['input', 'taint', 'san', 'alias']",4,13,44,256,False,7.384615384615385,20
medium-007,medium,1,propagate,syntax-only,96,[],0,1,92,4416,False,96.0,312
medium-007,medium,2,helper,exact-state,96,"['input', 'taint', 'san', 'alias', 'guard', 'mode', 'ctx', 'tmp', 'flag', 'sp', 'stk0', 'stk1', 'aux0', 'dead0']",14,96,0,0,True,1.0,0
medium-007,medium,2,helper,support,96,"['alias', 'guard', 'mode', 'ctx', 'aux0']",5,24,0,0,True,4.0,0
medium-007,medium,2,helper,pathseal,96,"['input', 'alias', 'guard', 'ctx', 'aux0']",5,24,0,0,True,4.0,0
medium-007,medium,2,helper,call-context,96,"['ctx', 'sp', 'stk0', 'stk1']",4,4,80,1120,False,24.0,108
medium-007,medium,2,helper,security-surface,96,"['input', 'taint', 'san', 'alias']",4,13,44,256,False,7.384615384615385,30
medium-007,medium,2,helper,syntax-only,96,[],0,1,92,4416,False,96.0,332
medium-007,medium,3,nested-call,exact-state,96,"['input', 'taint', 'san', 'alias', 'guard', 'mode', 'ctx', 'tmp', 'flag', 'sp', 'stk0', 'stk1', 'aux0', 'dead0']",14,96,0,0,True,1.0,0
medium-007,medium,3,nested-call,support,96,"['input', 'san', 'alias', 'ctx', 'tmp', 'sp', 'stk0', 'stk1', 'aux0']",9,24,0,0,True,4.0,0
medium-007,medium,3,nested-call,pathseal,96,"['alias', 'mode', 'ctx', 'aux0']",4,24,0,0,True,4.0,0
medium-007,medium,3,nested-call,call-context,96,"['ctx', 'sp', 'stk0', 'stk1']",4,7,68,512,False,13.714285714285714,56
medium-007,medium,3,nested-call,security-surface,96,"['input', 'taint', 'san', 'alias']",4,13,44,256,False,7.384615384615385,30
medium-007,medium,3,nested-call,syntax-only,96,[],0,1,92,4416,False,96.0,362
medium-007,medium,4,nested-return,exact-state,96,"['input', 'taint', 'san', 'alias', 'guard', 'mode', 'ctx', 'tmp', 'flag', 'sp', 'stk0', 'stk1', 'aux0', 'dead0']",14,96,0,0,True,1.0,0
medium-007,medium,4,nested-return,support,96,"['san', 'alias', 'mode', 'ctx', 'flag', 'sp', 'stk0', 'stk1', 'aux0']",9,24,0,0,True,4.0,0
medium-007,medium,4,nested-return,pathseal,96,"['input', 'san', 'alias', 'tmp']",4,19,0,0,True,5.052631578947368,0
medium-007,medium,4,nested-return,call-context,96,"['ctx', 'sp', 'stk0', 'stk1']",4,15,28,112,False,6.4,14
medium-007,medium,4,nested-return,security-surface,96,"['input', 'taint', 'san', 'alias']",4,13,28,144,False,7.384615384615385,18
medium-007,medium,4,nested-return,syntax-only,96,[],0,1,92,3344,False,96.0,312
medium-007,medium,5,sanitize,exact-state,48,"['input', 'taint', 'san', 'alias', 'guard', 'mode', 'ctx', 'tmp', 'flag', 'sp', 'stk0', 'stk1', 'aux0', 'dead0']",14,48,0,0,True,1.0,0
medium-007,medium,5,sanitize,support,48,"['taint', 'san', 'alias', 'mode']",4,11,0,0,True,4.363636363636363,0
medium-007,medium,5,sanitize,pathseal,48,"['san', 'alias', 'mode']",3,11,0,0,True,4.363636363636363,0
medium-007,medium,5,sanitize,call-context,48,"['ctx', 'sp', 'stk0', 'stk1']",4,5,28,160,False,9.6,18
medium-007,medium,5,sanitize,security-surface,48,"['input', 'taint', 'san', 'alias']",4,9,8,32,False,5.333333333333333,4
medium-007,medium,5,sanitize,syntax-only,48,[],0,1,44,1040,False,48.0,98
medium-007,medium,6,branch,exact-state,48,"['input', 'taint', 'san', 'alias', 'guard', 'mode', 'ctx', 'tmp', 'flag', 'sp', 'stk0', 'stk1', 'aux0', 'dead0']",14,48,0,0,True,1.0,0
medium-007,medium,6,branch,support,48,"['taint', 'alias', 'guard', 'mode']",4,8,0,0,True,6.0,0
medium-007,medium,6,branch,pathseal,48,"['san', 'alias', 'mode']",3,11,0,0,True,4.363636363636363,0
medium-007,medium,6,branch,call-context,48,"['ctx', 'sp', 'stk0', 'stk1']",4,5,28,144,False,9.6,16
medium-007,medium,6,branch,security-surface,48,"['input', 'taint', 'san', 'alias']",4,9,8,32,False,5.333333333333333,4
medium-007,medium,6,branch,syntax-only,48,[],0,1,44,976,False,48.0,92
medium-007,medium,7,return,exact-state,48,"['input', 'taint', 'san', 'alias', 'guard', 'mode', 'ctx', 'tmp', 'flag', 'sp', 'stk0', 'stk1', 'aux0', 'dead0']",14,48,0,0,True,1.0,0
medium-007,medium,7,return,support,48,"['alias', 'ctx', 'sp', 'stk0', 'stk1']",5,9,0,0,True,5.333333333333333,0
medium-007,medium,7,return,pathseal,48,"['alias', 'guard']",2,6,0,0,True,8.0,0
medium-007,medium,7,return,call-context,48,"['ctx', 'sp', 'stk0', 'stk1']",4,5,8,48,False,9.6,6
medium-007,medium,7,return,security-surface,48,"['input', 'taint', 'san', 'alias']",4,9,4,16,False,5.333333333333333,2
medium-007,medium,7,return,syntax-only,48,[],0,1,44,480,False,48.0,52
medium-007,medium,8,sink,exact-state,12,"['input', 'taint', 'san', 'alias', 'guard', 'mode', 'ctx', 'tmp', 'flag', 'sp', 'stk0', 'stk1', 'aux0', 'dead0']",14,12,0,0,True,1.0,0
medium-007,medium,8,sink,support,12,"['taint', 'alias', 'mode', 'ctx', 'sp']",5,3,0,0,True,4.0,0
medium-007,medium,8,sink,pathseal,12,['alias'],1,3,0,0,True,4.0,0
medium-007,medium,8,sink,call-context,12,"['ctx', 'sp', 'stk0', 'stk1']",4,1,8,48,False,12.0,6
medium-007,medium,8,sink,security-surface,12,"['input', 'taint', 'san', 'alias']",4,3,0,0,True,4.0,0
medium-007,medium,8,sink,syntax-only,12,[],0,1,8,48,False,12.0,6
medium-008,medium,0,source,exact-state,96,"['input', 'taint', 'san', 'alias', 'guard', 'mode', 'ctx', 'tmp', 'flag', 'sp', 'stk0', 'stk1', 'aux0', 'dead0']",14,96,0,0,True,1.0,0
medium-008,medium,0,source,support,96,"['input', 'san', 'alias', 'ctx', 'flag', 'sp', 'stk0', 'stk1']",8,24,0,0,True,4.0,0
medium-008,medium,0,source,pathseal,96,"['input', 'san', 'alias', 'ctx']",4,24,0,0,True,4.0,0
medium-008,medium,0,source,call-context,96,"['ctx', 'sp', 'stk0', 'stk1']",4,4,80,976,False,24.0,88
medium-008,medium,0,source,security-surface,96,"['input', 'taint', 'san', 'alias']",4,15,36,176,False,6.4,12
medium-008,medium,0,source,syntax-only,96,[],0,1,92,4416,False,96.0,272
medium-008,medium,1,propagate,exact-state,96,"['input', 'taint', 'san', 'alias', 'guard', 'mode', 'ctx', 'tmp', 'flag', 'sp', 'stk0', 'stk1', 'aux0', 'dead0']",14,96,0,0,True,1.0,0
medium-008,medium,1,propagate,support,96,"['input', 'taint', 'alias', 'guard', 'mode', 'ctx', 'tmp', 'flag']",8,24,0,0,True,4.0,0
medium-008,medium,1,propagate,pathseal,96,"['input', 'san', 'alias', 'ctx']",4,24,0,0,True,4.0,0
medium-008,medium,1,propagate,call-context,96,"['ctx', 'sp', 'stk0', 'stk1']",4,4,80,976,False,24.0,88
medium-008,medium,1,propagate,security-surface,96,"['input', 'taint', 'san', 'alias']",4,19,20,80,False,5.052631578947368,6
medium-008,medium,1,propagate,syntax-only,96,[],0,1,92,4416,False,96.0,272
medium-008,medium,2,helper,exact-state,96,"['input', 'taint', 'san', 'alias', 'guard', 'mode', 'ctx', 'tmp', 'flag', 'sp', 'stk0', 'stk1', 'aux0', 'dead0']",14,96,0,0,True,1.0,0
medium-008,medium,2,helper,support,96,"['input', 'alias', 'guard', 'mode', 'ctx', 'aux0']",6,24,0,0,True,4.0,0
medium-008,medium,2,helper,pathseal,96,"['input', 'alias', 'guard', 'ctx']",4,24,0,0,True,4.0,0
medium-008,medium,2,helper,call-context,96,"['ctx', 'sp', 'stk0', 'stk1']",4,4,80,976,False,24.0,88
medium-008,medium,2,helper,security-surface,96,"['input', 'taint', 'san', 'alias']",4,16,32,160,False,6.0,12
medium-008,medium,2,helper,syntax-only,96,[],0,1,92,4416,False,96.0,300
medium-008,medium,3,nested-call,exact-state,96,"['input', 'taint', 'san', 'alias', 'guard', 'mode', 'ctx', 'tmp', 'flag', 'sp', 'stk0', 'stk1', 'aux0', 'dead0']",14,96,0,0,True,1.0,0
medium-008,medium,3,nested-call,support,96,"['mode', 'ctx', 'sp', 'stk0', 'stk1', 'aux0']",6,23,0,0,True,4.173913043478261,0
medium-008,medium,3,nested-call,pathseal,96,"['input', 'alias', 'guard', 'ctx']",4,24,0,0,True,4.0,0
medium-008,medium,3,nested-call,call-context,96,"['ctx', 'sp', 'stk0', 'stk1']",4,8,60,496,False,12.0,40
medium-008,medium,3,nested-call,security-surface,96,"['input', 'taint', 'san', 'alias']",4,16,32,160,False,6.0,16
medium-008,medium,3,nested-call,syntax-only,96,[],0,1,92,4400,False,96.0,336
medium-008,medium,4,nested-return,exact-state,96,"['input', 'taint', 'san', 'alias', 'guard', 'mode', 'ctx', 'tmp', 'flag', 'sp', 'stk0', 'stk1', 'aux0', 'dead0']",14,96,0,0,True,1.0,0
medium-008,medium,4,nested-return,support,96,"['alias', 'mode', 'ctx', 'tmp', 'flag', 'sp', 'stk0', 'stk1', 'aux0']",9,23,0,0,True,4.173913043478261,0
medium-008,medium,4,nested-return,pathseal,96,"['mode', 'stk0', 'stk1']",3,23,0,0,True,4.173913043478261,0
medium-008,medium,4,nested-return,call-context,96,"['ctx', 'sp', 'stk0', 'stk1']",4,18,20,192,False,5.333333333333333,16
medium-008,medium,4,nested-return,security-surface,96,"['input', 'taint', 'san', 'alias']",4,16,16,64,False,6.0,6
medium-008,medium,4,nested-return,syntax-only,96,[],0,1,92,3680,False,96.0,322
medium-008,medium,5,sanitize,exact-state,56,"['input', 'taint', 'san', 'alias', 'guard', 'mode', 'ctx', 'tmp', 'flag', 'sp', 'stk0', 'stk1', 'aux0', 'dead0']",14,56,0,0,True,1.0,0
medium-008,medium,5,sanitize,support,56,"['taint', 'san', 'alias', 'mode', 'tmp']",5,14,0,0,True,4.0,0
medium-008,medium,5,sanitize,pathseal,56,"['alias', 'mode', 'tmp']",3,13,0,0,True,4.3076923076923075,0
medium-008,medium,5,sanitize,call-context,56,"['ctx', 'sp', 'stk0', 'stk1']",4,7,28,160,False,8.0,16
medium-008,medium,5,sanitize,security-surface,56,"['input', 'taint', 'san', 'alias']",4,10,16,64,False,5.6,6
medium-008,medium,5,sanitize,syntax-only,56,[],0,1,52,1440,False,56.0,134
medium-008,medium,6,branch,exact-state,56,"['input', 'taint', 'san', 'alias', 'guard', 'mode', 'ctx', 'tmp', 'flag', 'sp', 'stk0', 'stk1', 'aux0', 'dead0']",14,56,0,0,True,1.0,0
medium-008,medium,6,branch,support,56,"['input', 'taint', 'alias', 'guard', 'mode']",5,14,0,0,True,4.0,0
medium-008,medium,6,branch,pathseal,56,"['alias', 'mode', 'tmp']",3,13,0,0,True,4.3076923076923075,0
medium-008,medium,6,branch,call-context,56,"['ctx', 'sp', 'stk0', 'stk1']",4,7,28,160,False,8.0,18
medium-008,medium,6,branch,security-surface,56,"['input', 'taint', 'san', 'alias']",4,10,16,64,False,5.6,6
medium-008,medium,6,branch,syntax-only,56,[],0,1,52,1408,False,56.0,146
medium-008,medium,7,return,exact-state,44,"['input', 'taint', 'san', 'alias', 'guard', 'mode', 'ctx', 'tmp', 'flag', 'sp', 'stk0', 'stk1', 'aux0', 'dead0']",14,44,0,0,True,1.0,0
medium-008,medium,7,return,support,44,"['input', 'alias', 'mode', 'ctx', 'sp', 'stk0', 'stk1']",7,11,0,0,True,4.0,0
medium-008,medium,7,return,pathseal,44,"['input', 'alias', 'mode']",3,11,0,0,True,4.0,0
medium-008,medium,7,return,call-context,44,"['ctx', 'sp', 'stk0', 'stk1']",4,5,24,144,False,8.8,16
medium-008,medium,7,return,security-surface,44,"['input', 'taint', 'san', 'alias']",4,9,8,32,False,4.888888888888889,4
medium-008,medium,7,return,syntax-only,44,[],0,1,40,880,False,44.0,90
medium-008,medium,8,sink,exact-state,40,"['input', 'taint', 'san', 'alias', 'guard', 'mode', 'ctx', 'tmp', 'flag', 'sp', 'stk0', 'stk1', 'aux0', 'dead0']",14,40,0,0,True,1.0,0
medium-008,medium,8,sink,support,40,"['taint', 'alias', 'mode', 'ctx', 'sp']",5,10,0,0,True,4.0,0
medium-008,medium,8,sink,pathseal,40,"['input', 'alias', 'mode']",3,10,0,0,True,4.0,0
medium-008,medium,8,sink,call-context,40,"['ctx', 'sp', 'stk0', 'stk1']",4,4,24,144,False,10.0,16
medium-008,medium,8,sink,security-surface,40,"['input', 'taint', 'san', 'alias']",4,9,4,16,False,4.444444444444445,2
medium-008,medium,8,sink,syntax-only,40,[],0,1,36,720,False,40.0,70
medium-009,medium,0,source,exact-state,96,"['input', 'taint', 'san', 'alias', 'guard', 'mode', 'ctx', 'tmp', 'flag', 'sp', 'stk0', 'stk1', 'aux0', 'dead0']",14,96,0,0,True,1.0,0
medium-009,medium,0,source,support,96,"['input', 'ctx', 'tmp', 'sp', 'stk0', 'stk1', 'aux0']",7,24,0,0,True,4.0,0
medium-009,medium,0,source,pathseal,96,"['input', 'ctx', 'tmp', 'aux0']",4,24,0,0,True,4.0,0
medium-009,medium,0,source,call-context,96,"['ctx', 'sp', 'stk0', 'stk1']",4,4,80,1024,False,24.0,92
medium-009,medium,0,source,security-surface,96,"['input', 'taint', 'san', 'alias']",4,11,52,368,False,8.727272727272727,28
medium-009,medium,0,source,syntax-only,96,[],0,1,92,4416,False,96.0,292
medium-009,medium,1,propagate,exact-state,96,"['input', 'taint', 'san', 'alias', 'guard', 'mode', 'ctx', 'tmp', 'flag', 'sp', 'stk0', 'stk1', 'aux0', 'dead0']",14,96,0,0,True,1.0,0
medium-009,medium,1,propagate,support,96,"['input', 'taint', 'alias', 'mode', 'ctx', 'tmp', 'flag', 'aux0']",8,24,0,0,True,4.0,0
medium-009,medium,1,propagate,pathseal,96,"['input', 'ctx', 'tmp', 'aux0']",4,24,0,0,True,4.0,0
medium-009,medium,1,propagate,call-context,96,"['ctx', 'sp', 'stk0', 'stk1']",4,4,80,1024,False,24.0,92
medium-009,medium,1,propagate,security-surface,96,"['input', 'taint', 'san', 'alias']",4,11,52,368,False,8.727272727272727,28
medium-009,medium,1,propagate,syntax-only,96,[],0,1,92,4416,False,96.0,292
medium-009,medium,2,helper,exact-state,96,"['input', 'taint', 'san', 'alias', 'guard', 'mode', 'ctx', 'tmp', 'flag', 'sp', 'stk0', 'stk1', 'aux0', 'dead0']",14,96,0,0,True,1.0,0
medium-009,medium,2,helper,support,96,"['input', 'guard', 'mode', 'ctx', 'tmp', 'stk0', 'aux0']",7,24,0,0,True,4.0,0
medium-009,medium,2,helper,pathseal,96,"['input', 'ctx', 'tmp', 'aux0']",4,24,0,0,True,4.0,0
medium-009,medium,2,helper,call-context,96,"['ctx', 'sp', 'stk0', 'stk1']",4,4,80,1024,False,24.0,90
medium-009,medium,2,helper,security-surface,96,"['input', 'taint', 'san', 'alias']",4,13,44,288,False,7.384615384615385,28
medium-009,medium,2,helper,syntax-only,96,[],0,1,92,4416,False,96.0,300
medium-009,medium,3,nested-call,exact-state,96,"['input', 'taint', 'san', 'alias', 'guard', 'mode', 'ctx', 'tmp', 'flag', 'sp', 'stk0', 'stk1', 'aux0', 'dead0']",14,96,0,0,True,1.0,0
medium-009,medium,3,nested-call,support,96,"['input', 'mode', 'ctx', 'flag', 'sp', 'stk0', 'stk1', 'aux0']",8,23,0,0,True,4.173913043478261,0
medium-009,medium,3,nested-call,pathseal,96,"['input', 'tmp', 'stk0', 'aux0']",4,24,0,0,True,4.0,0
medium-009,medium,3,nested-call,call-context,96,"['ctx', 'sp', 'stk0', 'stk1']",4,6,72,800,False,16.0,64
medium-009,medium,3,nested-call,security-surface,96,"['input', 'taint', 'san', 'alias']",4,13,44,288,False,7.384615384615385,32
medium-009,medium,3,nested-call,syntax-only,96,[],0,1,92,4400,False,96.0,336
medium-009,medium,4,nested-return,exact-state,96,"['input', 'taint', 'san', 'alias', 'guard', 'mode', 'ctx', 'tmp', 'flag', 'sp', 'stk0', 'stk1', 'aux0', 'dead0']",14,96,0,0,True,1.0,0
medium-009,medium,4,nested-return,support,96,"['input', 'mode', 'ctx', 'flag', 'sp', 'stk0', 'stk1', 'aux0']",8,23,0,0,True,4.173913043478261,0
medium-009,medium,4,nested-return,pathseal,96,"['input', 'mode', 'flag']",3,14,0,0,True,6.857142857142857,0
medium-009,medium,4,nested-return,call-context,96,"['ctx', 'sp', 'stk0', 'stk1']",4,14,32,144,False,6.857142857142857,16
medium-009,medium,4,nested-return,security-surface,96,"['input', 'taint', 'san', 'alias']",4,13,24,192,False,7.384615384615385,22
medium-009,medium,4,nested-return,syntax-only,96,[],0,1,84,2688,False,96.0,256
medium-009,medium,5,sanitize,exact-state,36,"['input', 'taint', 'san', 'alias', 'guard', 'mode', 'ctx', 'tmp', 'flag', 'sp', 'stk0', 'stk1', 'aux0', 'dead0']",14,36,0,0,True,1.0,0
medium-009,medium,5,sanitize,support,36,"['input', 'taint', 'san', 'mode']",4,7,0,0,True,5.142857142857143,0
medium-009,medium,5,sanitize,pathseal,36,"['input', 'mode']",2,7,0,0,True,5.142857142857143,0
medium-009,medium,5,sanitize,call-context,36,"['ctx', 'sp', 'stk0', 'stk1']",4,6,8,48,False,6.0,6
medium-009,medium,5,sanitize,security-surface,36,"['input', 'taint', 'san', 'alias']",4,6,4,48,False,6.0,6
medium-009,medium,5,sanitize,syntax-only,36,[],0,1,24,528,False,36.0,52
medium-009,medium,6,branch,exact-state,36,"['input', 'taint', 'san', 'alias', 'guard', 'mode', 'ctx', 'tmp', 'flag', 'sp', 'stk0', 'stk1', 'aux0', 'dead0']",14,36,0,0,True,1.0,0
medium-009,medium,6,branch,support,36,"['input', 'taint', 'alias', 'guard', 'mode']",5,7,0,0,True,5.142857142857143,0
medium-009,medium,6,branch,pathseal,36,"['input', 'mode']",2,7,0,0,True,5.142857142857143,0
medium-009,medium,6,branch,call-context,36,"['ctx', 'sp', 'stk0', 'stk1']",4,6,8,48,False,6.0,6
medium-009,medium,6,branch,security-surface,36,"['input', 'taint', 'san', 'alias']",4,6,4,48,False,6.0,6
medium-009,medium,6,branch,syntax-only,36,[],0,1,24,528,False,36.0,58
medium-009,medium,7,return,exact-state,32,"['input', 'taint', 'san', 'alias', 'guard', 'mode', 'ctx', 'tmp', 'flag', 'sp', 'stk0', 'stk1', 'aux0', 'dead0']",14,32,0,0,True,1.0,0
medium-009,medium,7,return,support,32,"['input', 'mode', 'ctx', 'sp', 'stk0', 'stk1']",6,7,0,0,True,4.571428571428571,0
medium-009,medium,7,return,pathseal,32,"['input', 'mode']",2,6,0,0,True,5.333333333333333,0
medium-009,medium,7,return,call-context,32,"['ctx', 'sp', 'stk0', 'stk1']",4,6,4,16,False,5.333333333333333,2
medium-009,medium,7,return,security-surface,32,"['input', 'taint', 'san', 'alias']",4,5,4,48,False,6.4,6
medium-009,medium,7,return,syntax-only,32,[],0,1,16,352,False,32.0,40
medium-009,medium,8,sink,exact-state,16,"['input', 'taint', 'san', 'alias', 'guard', 'mode', 'ctx', 'tmp', 'flag', 'sp', 'stk0', 'stk1', 'aux0', 'dead0']",14,16,0,0,True,1.0,0
medium-009,medium,8,sink,support,16,"['taint', 'alias', 'mode', 'ctx', 'sp']",5,4,0,0,True,4.0,0
medium-009,medium,8,sink,pathseal,16,"['input', 'mode']",2,4,0,0,True,4.0,0
medium-009,medium,8,sink,call-context,16,"['ctx', 'sp', 'stk0', 'stk1']",4,3,4,16,False,5.333333333333333,2
medium-009,medium,8,sink,security-surface,16,"['input', 'taint', 'san', 'alias']",4,4,0,0,True,4.0,0
medium-009,medium,8,sink,syntax-only,16,[],0,1,12,96,False,16.0,12
medium-010,medium,0,source,exact-state,96,"['input', 'taint', 'san', 'alias', 'guard', 'mode', 'ctx', 'tmp', 'flag', 'sp', 'stk0', 'stk1', 'aux0', 'dead0']",14,96,0,0,True,1.0,0
medium-010,medium,0,source,support,96,"['input', 'alias', 'ctx', 'flag', 'sp', 'stk0', 'stk1', 'aux0']",8,24,0,0,True,4.0,0
medium-010,medium,0,source,pathseal,96,"['alias', 'ctx', 'flag', 'aux0']",4,24,0,0,True,4.0,0
medium-010,medium,0,source,call-context,96,"['ctx', 'sp', 'stk0', 'stk1']",4,4,80,1072,False,24.0,118
medium-010,medium,0,source,security-surface,96,"['input', 'taint', 'san', 'alias']",4,14,40,208,False,6.857142857142857,20
medium-010,medium,0,source,syntax-only,96,[],0,1,92,4416,False,96.0,330
medium-010,medium,1,propagate,exact-state,96,"['input', 'taint', 'san', 'alias', 'guard', 'mode', 'ctx', 'tmp', 'flag', 'sp', 'stk0', 'stk1', 'aux0', 'dead0']",14,96,0,0,True,1.0,0
medium-010,medium,1,propagate,support,96,"['taint', 'alias', 'mode', 'ctx', 'tmp', 'flag', 'aux0']",7,24,0,0,True,4.0,0
medium-010,medium,1,propagate,pathseal,96,"['alias', 'ctx', 'flag', 'aux0']",4,24,0,0,True,4.0,0
medium-010,medium,1,propagate,call-context,96,"['ctx', 'sp', 'stk0', 'stk1']",4,4,80,1072,False,24.0,118
medium-010,medium,1,propagate,security-surface,96,"['input', 'taint', 'san', 'alias']",4,19,20,80,False,5.052631578947368,8
medium-010,medium,1,propagate,syntax-only,96,[],0,1,92,4416,False,96.0,330
medium-010,medium,2,helper,exact-state,96,"['input', 'taint', 'san', 'alias', 'guard', 'mode', 'ctx', 'tmp', 'flag', 'sp', 'stk0', 'stk1', 'aux0', 'dead0']",14,96,0,0,True,1.0,0
medium-010,medium,2,helper,support,96,"['input', 'guard', 'mode', 'ctx', 'tmp', 'aux0']",6,24,0,0,True,4.0,0
medium-010,medium,2,helper,pathseal,96,"['taint', 'alias', 'ctx', 'aux0']",4,24,0,0,True,4.0,0
medium-010,medium,2,helper,call-context,96,"['ctx', 'sp', 'stk0', 'stk1']",4,4,80,1072,False,24.0,110
medium-010,medium,2,helper,security-surface,96,"['input', 'taint', 'san', 'alias']",4,18,24,112,False,5.333333333333333,10
medium-010,medium,2,helper,syntax-only,96,[],0,1,92,4416,False,96.0,336
medium-010,medium,3,nested-call,exact-state,96,"['input', 'taint', 'san', 'alias', 'guard', 'mode', 'ctx', 'tmp', 'flag', 'sp', 'stk0', 'stk1', 'aux0', 'dead0']",14,96,0,0,True,1.0,0
medium-010,medium,3,nested-call,support,96,"['mode', 'ctx', 'flag', 'sp', 'stk0', 'stk1', 'aux0']",7,23,0,0,True,4.173913043478261,0
medium-010,medium,3,nested-call,pathseal,96,"['input', 'mode', 'ctx', 'tmp']",4,24,0,0,True,4.0,0
medium-010,medium,3,nested-call,call-context,96,"['ctx', 'sp', 'stk0', 'stk1']",4,8,64,464,False,12.0,46
medium-010,medium,3,nested-call,security-surface,96,"['input', 'taint', 'san', 'alias']",4,18,24,112,False,5.333333333333333,10
medium-010,medium,3,nested-call,syntax-only,96,[],0,1,92,4400,False,96.0,346
medium-010,medium,4,nested-return,exact-state,96,"['input', 'taint', 'san', 'alias', 'guard', 'mode', 'ctx', 'tmp', 'flag', 'sp', 'stk0', 'stk1', 'aux0', 'dead0']",14,96,0,0,True,1.0,0
medium-010,medium,4,nested-return,support,96,"['input', 'alias', 'ctx', 'flag', 'sp', 'stk0', 'stk1', 'aux0']",8,24,0,0,True,4.0,0
medium-010,medium,4,nested-return,pathseal,96,"['mode', 'flag', 'stk1']",3,20,0,0,True,4.8,0
medium-010,medium,4,nested-return,call-context,96,"['ctx', 'sp', 'stk0', 'stk1']",4,16,24,112,False,6.0,14
medium-010,medium,4,nested-return,security-surface,96,"['input', 'taint', 'san', 'alias']",4,18,8,32,False,5.333333333333333,4
medium-010,medium,4,nested-return,syntax-only,96,[],0,1,92,3168,False,96.0,292
medium-010,medium,5,sanitize,exact-state,44,"['input', 'taint', 'san', 'alias', 'guard', 'mode', 'ctx', 'tmp', 'flag', 'sp', 'stk0', 'stk1', 'aux0', 'dead0']",14,44,0,0,True,1.0,0
medium-010,medium,5,sanitize,support,44,"['input', 'taint', 'san', 'alias', 'stk0']",5,11,0,0,True,4.0,0
medium-010,medium,5,sanitize,pathseal,44,"['input', 'alias', 'stk0']",3,11,0,0,True,4.0,0
medium-010,medium,5,sanitize,call-context,44,"['ctx', 'sp', 'stk0', 'stk1']",4,7,16,64,False,6.285714285714286,8
medium-010,medium,5,sanitize,security-surface,44,"['input', 'taint', 'san', 'alias']",4,9,8,32,False,4.888888888888889,4
medium-010,medium,5,sanitize,syntax-only,44,[],0,1,40,880,False,44.0,84
medium-010,medium,6,branch,exact-state,44,"['input', 'taint', 'san', 'alias', 'guard', 'mode', 'ctx', 'tmp', 'flag', 'sp', 'stk0', 'stk1', 'aux0', 'dead0']",14,44,0,0,True,1.0,0
medium-010,medium,6,branch,support,44,"['taint', 'alias', 'guard', 'mode', 'ctx']",5,11,0,0,True,4.0,0
medium-010,medium,6,branch,pathseal,44,"['input', 'alias', 'stk0']",3,11,0,0,True,4.0,0
medium-010,medium,6,branch,call-context,44,"['ctx', 'sp', 'stk0', 'stk1']",4,7,16,64,False,6.285714285714286,8
medium-010,medium,6,branch,security-surface,44,"['input', 'taint', 'san', 'alias']",4,9,8,32,False,4.888888888888889,4
medium-010,medium,6,branch,syntax-only,44,[],0,1,40,864,False,44.0,88
medium-010,medium,7,return,exact-state,36,"['input', 'taint', 'san', 'alias', 'guard', 'mode', 'ctx', 'tmp', 'flag', 'sp', 'stk0', 'stk1', 'aux0', 'dead0']",14,36,0,0,True,1.0,0
medium-010,medium,7,return,support,36,"['input', 'ctx', 'sp', 'stk0', 'stk1']",5,8,0,0,True,4.5,0
medium-010,medium,7,return,pathseal,36,"['alias', 'ctx']",2,9,0,0,True,4.0,0
medium-010,medium,7,return,call-context,36,"['ctx', 'sp', 'stk0', 'stk1']",4,7,4,16,False,5.142857142857143,2
medium-010,medium,7,return,security-surface,36,"['input', 'taint', 'san', 'alias']",4,7,8,32,False,5.142857142857143,4
medium-010,medium,7,return,syntax-only,36,[],0,1,16,416,False,36.0,52
medium-010,medium,8,sink,exact-state,16,"['input', 'taint', 'san', 'alias', 'guard', 'mode', 'ctx', 'tmp', 'flag', 'sp', 'stk0', 'stk1', 'aux0', 'dead0']",14,16,0,0,True,1.0,0
medium-010,medium,8,sink,support,16,"['taint', 'alias', 'mode', 'ctx', 'sp']",5,4,0,0,True,4.0,0
medium-010,medium,8,sink,pathseal,16,"['input', 'ctx']",2,4,0,0,True,4.0,0
medium-010,medium,8,sink,call-context,16,"['ctx', 'sp', 'stk0', 'stk1']",4,3,4,16,False,5.333333333333333,2
medium-010,medium,8,sink,security-surface,16,"['input', 'taint', 'san', 'alias']",4,3,4,16,False,5.333333333333333,2
medium-010,medium,8,sink,syntax-only,16,[],0,1,12,96,False,16.0,12
medium-011,medium,0,source,exact-state,96,"['input', 'taint', 'san', 'alias', 'guard', 'mode', 'ctx', 'tmp', 'flag', 'sp', 'stk0', 'stk1', 'aux0', 'dead0']",14,96,0,0,True,1.0,0
medium-011,medium,0,source,support,96,"['input', 'san', 'alias', 'mode', 'ctx', 'sp', 'stk0', 'stk1']",8,24,0,0,True,4.0,0
medium-011,medium,0,source,pathseal,96,"['san', 'alias', 'mode', 'ctx']",4,24,0,0,True,4.0,0
medium-011,medium,0,source,call-context,96,"['ctx', 'sp', 'stk0', 'stk1']",4,4,80,1008,False,24.0,104
medium-011,medium,0,source,security-surface,96,"['input', 'taint', 'san', 'alias']",4,14,40,256,False,6.857142857142857,22
medium-011,medium,0,source,syntax-only,96,[],0,1,92,4416,False,96.0,308
medium-011,medium,1,propagate,exact-state,96,"['input', 'taint', 'san', 'alias', 'guard', 'mode', 'ctx', 'tmp', 'flag', 'sp', 'stk0', 'stk1', 'aux0', 'dead0']",14,96,0,0,True,1.0,0
medium-011,medium,1,propagate,support,96,"['taint', 'san', 'alias', 'mode', 'ctx', 'tmp', 'flag']",7,24,0,0,True,4.0,0
medium-011,medium,1,propagate,pathseal,96,"['san', 'alias', 'mode', 'ctx']",4,24,0,0,True,4.0,0
medium-011,medium,1,propagate,call-context,96,"['ctx', 'sp', 'stk0', 'stk1']",4,4,80,1008,False,24.0,104
medium-011,medium,1,propagate,security-surface,96,"['input', 'taint', 'san', 'alias']",4,14,40,256,False,6.857142857142857,22
medium-011,medium,1,propagate,syntax-only,96,[],0,1,92,4416,False,96.0,308
medium-011,medium,2,helper,exact-state,96,"['input', 'taint', 'san', 'alias', 'guard', 'mode', 'ctx', 'tmp', 'flag', 'sp', 'stk0', 'stk1', 'aux0', 'dead0']",14,96,0,0,True,1.0,0
medium-011,medium,2,helper,support,96,"['input', 'san', 'guard', 'mode', 'ctx', 'tmp', 'aux0']",7,24,0,0,True,4.0,0
medium-011,medium,2,helper,pathseal,96,"['san', 'mode', 'ctx', 'tmp']",4,24,0,0,True,4.0,0
medium-011,medium,2,helper,call-context,96,"['ctx', 'sp', 'stk0', 'stk1']",4,4,80,1008,False,24.0,108
medium-011,medium,2,helper,security-surface,96,"['input', 'taint', 'san', 'alias']",4,14,40,240,False,6.857142857142857,24
medium-011,medium,2,helper,syntax-only,96,[],0,1,92,4416,False,96.0,314
medium-011,medium,3,nested-call,exact-state,96,"['input', 'taint', 'san', 'alias', 'guard', 'mode', 'ctx', 'tmp', 'flag', 'sp', 'stk0', 'stk1', 'aux0', 'dead0']",14,96,0,0,True,1.0,0
medium-011,medium,3,nested-call,support,96,"['input', 'san', 'mode', 'ctx', 'tmp', 'sp', 'stk0', 'stk1', 'aux0']",9,24,0,0,True,4.0,0
medium-011,medium,3,nested-call,pathseal,96,"['input', 'san', 'mode', 'tmp']",4,24,0,0,True,4.0,0
medium-011,medium,3,nested-call,call-context,96,"['ctx', 'sp', 'stk0', 'stk1']",4,7,68,656,False,13.714285714285714,62
medium-011,medium,3,nested-call,security-surface,96,"['input', 'taint', 'san', 'alias']",4,14,40,240,False,6.857142857142857,26
medium-011,medium,3,nested-call,syntax-only,96,[],0,1,92,4416,False,96.0,344
medium-011,medium,4,nested-return,exact-state,96,"['input', 'taint', 'san', 'alias', 'guard', 'mode', 'ctx', 'tmp', 'flag', 'sp', 'stk0', 'stk1', 'aux0', 'dead0']",14,96,0,0,True,1.0,0
medium-011,medium,4,nested-return,support,96,"['alias', 'guard', 'ctx', 'tmp', 'flag', 'sp', 'stk0', 'stk1', 'aux0']",9,24,0,0,True,4.0,0
medium-011,medium,4,nested-return,pathseal,96,"['input', 'san', 'mode', 'tmp']",4,24,0,0,True,4.0,0
medium-011,medium,4,nested-return,call-context,96,"['ctx', 'sp', 'stk0', 'stk1']",4,16,24,144,False,6.0,16
medium-011,medium,4,nested-return,security-surface,96,"['input', 'taint', 'san', 'alias']",4,14,28,192,False,6.857142857142857,22
medium-011,medium,4,nested-return,syntax-only,96,[],0,1,44,3168,False,96.0,292
medium-011,medium,5,sanitize,exact-state,44,"['input', 'taint', 'san', 'alias', 'guard', 'mode', 'ctx', 'tmp', 'flag', 'sp', 'stk0', 'stk1', 'aux0', 'dead0']",14,44,0,0,True,1.0,0
medium-011,medium,5,sanitize,support,44,"['taint', 'san', 'alias', 'guard', 'tmp']",5,11,0,0,True,4.0,0
medium-011,medium,5,sanitize,pathseal,44,"['alias', 'guard', 'tmp']",3,11,0,0,True,4.0,0
medium-011,medium,5,sanitize,call-context,44,"['ctx', 'sp', 'stk0', 'stk1']",4,7,16,80,False,6.285714285714286,10
medium-011,medium,5,sanitize,security-surface,44,"['input', 'taint', 'san', 'alias']",4,9,8,32,False,4.888888888888889,4
medium-011,medium,5,sanitize,syntax-only,44,[],0,1,40,880,False,44.0,84
medium-011,medium,6,branch,exact-state,44,"['input', 'taint', 'san', 'alias', 'guard', 'mode', 'ctx', 'tmp', 'flag', 'sp', 'stk0', 'stk1', 'aux0', 'dead0']",14,44,0,0,True,1.0,0
medium-011,medium,6,branch,support,44,"['input', 'taint', 'alias', 'guard', 'mode']",5,11,0,0,True,4.0,0
medium-011,medium,6,branch,pathseal,44,"['alias', 'guard', 'tmp']",3,11,0,0,True,4.0,0
medium-011,medium,6,branch,call-context,44,"['ctx', 'sp', 'stk0', 'stk1']",4,7,16,80,False,6.285714285714286,10
medium-011,medium,6,branch,security-surface,44,"['input', 'taint', 'san', 'alias']",4,9,8,32,False,4.888888888888889,4
medium-011,medium,6,branch,syntax-only,44,[],0,1,40,880,False,44.0,88
medium-011,medium,7,return,exact-state,44,"['input', 'taint', 'san', 'alias', 'guard', 'mode', 'ctx', 'tmp', 'flag', 'sp', 'stk0', 'stk1', 'aux0', 'dead0']",14,44,0,0,True,1.0,0
medium-011,medium,7,return,support,44,"['input', 'alias', 'ctx', 'sp', 'stk0', 'stk1']",6,11,0,0,True,4.0,0
medium-011,medium,7,return,pathseal,44,"['input', 'alias', 'guard']",3,10,0,0,True,4.4,0
medium-011,medium,7,return,call-context,44,"['ctx', 'sp', 'stk0', 'stk1']",4,7,8,48,False,6.285714285714286,6
medium-011,medium,7,return,security-surface,44,"['input', 'taint', 'san', 'alias']",4,9,8,32,False,4.888888888888889,4
medium-011,medium,7,return,syntax-only,44,[],0,1,20,640,False,44.0,70
medium-011,medium,8,sink,exact-state,20,"['input', 'taint', 'san', 'alias', 'guard', 'mode', 'ctx', 'tmp', 'flag', 'sp', 'stk0', 'stk1', 'aux0', 'dead0']",14,20,0,0,True,1.0,0
medium-011,medium,8,sink,support,20,"['taint', 'alias', 'mode', 'ctx', 'sp']",5,5,0,0,True,4.0,0
medium-011,medium,8,sink,pathseal,20,"['input', 'alias']",2,5,0,0,True,4.0,0
medium-011,medium,8,sink,call-context,20,"['ctx', 'sp', 'stk0', 'stk1']",4,3,8,48,False,6.666666666666667,6
medium-011,medium,8,sink,security-surface,20,"['input', 'taint', 'san', 'alias']",4,5,0,0,True,4.0,0
medium-011,medium,8,sink,syntax-only,20,[],0,1,16,160,False,20.0,20
medium-012,medium,0,source,exact-state,96,"['input', 'taint', 'san', 'alias', 'guard', 'mode', 'ctx', 'tmp', 'flag', 'sp', 'stk0', 'stk1', 'aux0', 'dead0']",14,96,0,0,True,1.0,0
medium-012,medium,0,source,support,96,"['input', 'san', 'ctx', 'tmp', 'flag', 'sp', 'stk0', 'stk1', 'aux0']",9,24,0,0,True,4.0,0
medium-012,medium,0,source,pathseal,96,"['input', 'san', 'tmp', 'aux0']",4,24,0,0,True,4.0,0
medium-012,medium,0,source,call-context,96,"['ctx', 'sp', 'stk0', 'stk1']",4,4,80,1040,False,24.0,94
medium-012,medium,0,source,security-surface,96,"['input', 'taint', 'san', 'alias']",4,13,44,224,False,7.384615384615385,20
medium-012,medium,0,source,syntax-only,96,[],0,1,92,4416,False,96.0,294
medium-012,medium,1,propagate,exact-state,96,"['input', 'taint', 'san', 'alias', 'guard', 'mode', 'ctx', 'tmp', 'flag', 'sp', 'stk0', 'stk1', 'aux0', 'dead0']",14,96,0,0,True,1.0,0
medium-012,medium,1,propagate,support,96,"['input', 'taint', 'san', 'alias', 'mode', 'tmp', 'flag', 'aux0']",8,24,0,0,True,4.0,0
medium-012,medium,1,propagate,pathseal,96,"['input', 'san', 'tmp', 'aux0']",4,24,0,0,True,4.0,0
medium-012,medium,1,propagate,call-context,96,"['ctx', 'sp', 'stk0', 'stk1']",4,4,80,1040,False,24.0,94
medium-012,medium,1,propagate,security-surface,96,"['input', 'taint', 'san', 'alias']",4,18,24,128,False,5.333333333333333,10
medium-012,medium,1,propagate,syntax-only,96,[],0,1,92,4416,False,96.0,294
medium-012,medium,2,helper,exact-state,96,"['input', 'taint', 'san', 'alias', 'guard', 'mode', 'ctx', 'tmp', 'flag', 'sp', 'stk0', 'stk1', 'aux0', 'dead0']",14,96,0,0,True,1.0,0
medium-012,medium,2,helper,support,96,"['input', 'san', 'guard', 'mode', 'ctx', 'tmp', 'aux0']",7,24,0,0,True,4.0,0
medium-012,medium,2,helper,pathseal,96,"['input', 'san', 'tmp', 'aux0']",4,24,0,0,True,4.0,0
medium-012,medium,2,helper,call-context,96,"['ctx', 'sp', 'stk0', 'stk1']",4,4,80,1040,False,24.0,102
medium-012,medium,2,helper,security-surface,96,"['input', 'taint', 'san', 'alias']",4,19,20,96,False,5.052631578947368,8
medium-012,medium,2,helper,syntax-only,96,[],0,1,92,4416,False,96.0,312
medium-012,medium,3,nested-call,exact-state,96,"['input', 'taint', 'san', 'alias', 'guard', 'mode', 'ctx', 'tmp', 'flag', 'sp', 'stk0', 'stk1', 'aux0', 'dead0']",14,96,0,0,True,1.0,0
medium-012,medium,3,nested-call,support,96,"['input', 'san', 'mode', 'ctx', 'sp', 'stk0', 'stk1', 'aux0']",8,24,0,0,True,4.0,0
medium-012,medium,3,nested-call,pathseal,96,"['input', 'san', 'tmp', 'aux0']",4,24,0,0,True,4.0,0
medium-012,medium,3,nested-call,call-context,96,"['ctx', 'sp', 'stk0', 'stk1']",4,8,64,496,False,12.0,44
medium-012,medium,3,nested-call,security-surface,96,"['input', 'taint', 'san', 'alias']",4,19,20,96,False,5.052631578947368,8
medium-012,medium,3,nested-call,syntax-only,96,[],0,1,92,4416,False,96.0,354
medium-012,medium,4,nested-return,exact-state,96,"['input', 'taint', 'san', 'alias', 'guard', 'mode', 'ctx', 'tmp', 'flag', 'sp', 'stk0', 'stk1', 'aux0', 'dead0']",14,96,0,0,True,1.0,0
medium-012,medium,4,nested-return,support,96,"['san', 'alias', 'mode', 'ctx', 'flag', 'sp', 'stk0', 'stk1', 'aux0']",9,24,0,0,True,4.0,0
medium-012,medium,4,nested-return,pathseal,96,"['input', 'san', 'mode', 'ctx']",4,23,0,0,True,4.173913043478261,0
medium-012,medium,4,nested-return,call-context,96,"['ctx', 'sp', 'stk0', 'stk1']",4,18,20,96,False,5.333333333333333,10
medium-012,medium,4,nested-return,security-surface,96,"['input', 'taint', 'san', 'alias']",4,19,16,80,False,5.052631578947368,6
medium-012,medium,4,nested-return,syntax-only,96,[],0,1,92,3360,False,96.0,318
medium-012,medium,5,sanitize,exact-state,48,"['input', 'taint', 'san', 'alias', 'guard', 'mode', 'ctx', 'tmp', 'flag', 'sp', 'stk0', 'stk1', 'aux0', 'dead0']",14,48,0,0,True,1.0,0
medium-012,medium,5,sanitize,support,48,"['input', 'taint', 'san', 'mode', 'stk0']",5,12,0,0,True,4.0,0
medium-012,medium,5,sanitize,pathseal,48,"['san', 'alias', 'mode']",3,12,0,0,True,4.0,0
medium-012,medium,5,sanitize,call-context,48,"['ctx', 'sp', 'stk0', 'stk1']",4,7,20,112,False,6.857142857142857,10
medium-012,medium,5,sanitize,security-surface,48,"['input', 'taint', 'san', 'alias']",4,8,16,80,False,6.0,6
medium-012,medium,5,sanitize,syntax-only,48,[],0,1,44,1056,False,48.0,96
medium-012,medium,6,branch,exact-state,48,"['input', 'taint', 'san', 'alias', 'guard', 'mode', 'ctx', 'tmp', 'flag', 'sp', 'stk0', 'stk1', 'aux0', 'dead0']",14,48,0,0,True,1.0,0
medium-012,medium,6,branch,support,48,"['taint', 'alias', 'guard', 'mode']",4,11,0,0,True,4.363636363636363,0
medium-012,medium,6,branch,pathseal,48,"['input', 'mode', 'stk0']",3,11,0,0,True,4.363636363636363,0
medium-012,medium,6,branch,call-context,48,"['ctx', 'sp', 'stk0', 'stk1']",4,7,16,96,False,6.857142857142857,10
medium-012,medium,6,branch,security-surface,48,"['input', 'taint', 'san', 'alias']",4,8,16,80,False,6.0,6
medium-012,medium,6,branch,syntax-only,48,[],0,1,40,1024,False,48.0,102
medium-012,medium,7,return,exact-state,40,"['input', 'taint', 'san', 'alias', 'guard', 'mode', 'ctx', 'tmp', 'flag', 'sp', 'stk0', 'stk1', 'aux0', 'dead0']",14,40,0,0,True,1.0,0
medium-012,medium,7,return,support,40,"['ctx', 'sp', 'stk0', 'stk1']",4,7,0,0,True,5.714285714285714,0
medium-012,medium,7,return,pathseal,40,"['alias', 'mode']",2,9,0,0,True,4.444444444444445,0
medium-012,medium,7,return,call-context,40,"['ctx', 'sp', 'stk0', 'stk1']",4,7,0,0,True,5.714285714285714,0
medium-012,medium,7,return,security-surface,40,"['input', 'taint', 'san', 'alias']",4,7,12,64,False,5.714285714285714,4
medium-012,medium,7,return,syntax-only,40,[],0,1,32,544,False,40.0,56
medium-012,medium,8,sink,exact-state,20,"['input', 'taint', 'san', 'alias', 'guard', 'mode', 'ctx', 'tmp', 'flag', 'sp', 'stk0', 'stk1', 'aux0', 'dead0']",14,20,0,0,True,1.0,0
medium-012,medium,8,sink,support,20,"['taint', 'alias', 'mode', 'ctx', 'sp']",5,4,0,0,True,5.0,0
medium-012,medium,8,sink,pathseal,20,['ctx'],1,4,0,0,True,5.0,0
medium-012,medium,8,sink,call-context,20,"['ctx', 'sp', 'stk0', 'stk1']",4,4,0,0,True,5.0,0
medium-012,medium,8,sink,security-surface,20,"['input', 'taint', 'san', 'alias']",4,3,8,48,False,6.666666666666667,2
medium-012,medium,8,sink,syntax-only,20,[],0,1,12,144,False,20.0,12
medium-013,medium,0,source,exact-state,96,"['input', 'taint', 'san', 'alias', 'guard', 'mode', 'ctx', 'tmp', 'flag', 'sp', 'stk0', 'stk1', 'aux0', 'dead0']",14,96,0,0,True,1.0,0
medium-013,medium,0,source,support,96,"['input', 'ctx', 'tmp', 'sp', 'stk0', 'stk1', 'aux0']",7,24,0,0,True,4.0,0
medium-013,medium,0,source,pathseal,96,"['input', 'ctx', 'tmp', 'aux0']",4,24,0,0,True,4.0,0
medium-013,medium,0,source,call-context,96,"['ctx', 'sp', 'stk0', 'stk1']",4,4,80,1024,False,24.0,104
medium-013,medium,0,source,security-surface,96,"['input', 'taint', 'san', 'alias']",4,11,52,288,False,8.727272727272727,26
medium-013,medium,0,source,syntax-only,96,[],0,1,92,4416,False,96.0,304
medium-013,medium,1,propagate,exact-state,96,"['input', 'taint', 'san', 'alias', 'guard', 'mode', 'ctx', 'tmp', 'flag', 'sp', 'stk0', 'stk1', 'aux0', 'dead0']",14,96,0,0,True,1.0,0
medium-013,medium,1,propagate,support,96,"['input', 'taint', 'alias', 'mode', 'ctx', 'tmp', 'flag', 'aux0']",8,24,0,0,True,4.0,0
medium-013,medium,1,propagate,pathseal,96,"['input', 'ctx', 'tmp', 'aux0']",4,24,0,0,True,4.0,0
medium-013,medium,1,propagate,call-context,96,"['ctx', 'sp', 'stk0', 'stk1']",4,4,80,1024,False,24.0,104
medium-013,medium,1,propagate,security-surface,96,"['input', 'taint', 'san', 'alias']",4,11,52,288,False,8.727272727272727,26
medium-013,medium,1,propagate,syntax-only,96,[],0,1,92,4416,False,96.0,304
medium-013,medium,2,helper,exact-state,96,"['input', 'taint', 'san', 'alias', 'guard', 'mode', 'ctx', 'tmp', 'flag', 'sp', 'stk0', 'stk1', 'aux0', 'dead0']",14,96,0,0,True,1.0,0
medium-013,medium,2,helper,support,96,"['input', 'alias', 'guard', 'mode', 'ctx', 'stk0', 'aux0']",7,24,0,0,True,4.0,0
medium-013,medium,2,helper,pathseal,96,"['input', 'alias', 'ctx', 'aux0']",4,24,0,0,True,4.0,0
medium-013,medium,2,helper,call-context,96,"['ctx', 'sp', 'stk0', 'stk1']",4,4,80,1024,False,24.0,100
medium-013,medium,2,helper,security-surface,96,"['input', 'taint', 'san', 'alias']",4,12,48,304,False,8.0,30
medium-013,medium,2,helper,syntax-only,96,[],0,1,92,4416,False,96.0,320
medium-013,medium,3,nested-call,exact-state,96,"['input', 'taint', 'san', 'alias', 'guard', 'mode', 'ctx', 'tmp', 'flag', 'sp', 'stk0', 'stk1', 'aux0', 'dead0']",14,96,0,0,True,1.0,0
medium-013,medium,3,nested-call,support,96,"['input', 'alias', 'ctx', 'sp', 'stk0', 'stk1', 'aux0']",7,24,0,0,True,4.0,0
medium-013,medium,3,nested-call,pathseal,96,"['input', 'alias', 'stk0', 'aux0']",4,24,0,0,True,4.0,0
medium-013,medium,3,nested-call,call-context,96,"['ctx', 'sp', 'stk0', 'stk1']",4,7,68,512,False,13.714285714285714,48
medium-013,medium,3,nested-call,security-surface,96,"['input', 'taint', 'san', 'alias']",4,12,48,304,False,8.0,34
medium-013,medium,3,nested-call,syntax-only,96,[],0,1,92,4416,False,96.0,342
medium-013,medium,4,nested-return,exact-state,96,"['input', 'taint', 'san', 'alias', 'guard', 'mode', 'ctx', 'tmp', 'flag', 'sp', 'stk0', 'stk1', 'aux0', 'dead0']",14,96,0,0,True,1.0,0
medium-013,medium,4,nested-return,support,96,"['input', 'ctx', 'tmp', 'flag', 'sp', 'stk0', 'stk1', 'aux0']",8,24,0,0,True,4.0,0
medium-013,medium,4,nested-return,pathseal,96,"['input', 'alias', 'stk0', 'aux0']",4,24,0,0,True,4.0,0
medium-013,medium,4,nested-return,call-context,96,"['ctx', 'sp', 'stk0', 'stk1']",4,16,20,112,False,6.0,14
medium-013,medium,4,nested-return,security-surface,96,"['input', 'taint', 'san', 'alias']",4,12,40,240,False,8.0,30
medium-013,medium,4,nested-return,syntax-only,96,[],0,1,92,3360,False,96.0,326
medium-013,medium,5,sanitize,exact-state,48,"['input', 'taint', 'san', 'alias', 'guard', 'mode', 'ctx', 'tmp', 'flag', 'sp', 'stk0', 'stk1', 'aux0', 'dead0']",14,48,0,0,True,1.0,0
medium-013,medium,5,sanitize,support,48,"['input', 'taint', 'san', 'ctx', 'tmp']",5,12,0,0,True,4.0,0
medium-013,medium,5,sanitize,pathseal,48,"['input', 'ctx', 'tmp']",3,12,0,0,True,4.0,0
medium-013,medium,5,sanitize,call-context,48,"['ctx', 'sp', 'stk0', 'stk1']",4,7,20,80,False,6.857142857142857,10
medium-013,medium,5,sanitize,security-surface,48,"['input', 'taint', 'san', 'alias']",4,9,12,48,False,5.333333333333333,6
medium-013,medium,5,sanitize,syntax-only,48,[],0,1,44,1056,False,48.0,102
medium-013,medium,6,branch,exact-state,48,"['input', 'taint', 'san', 'alias', 'guard', 'mode', 'ctx', 'tmp', 'flag', 'sp', 'stk0', 'stk1', 'aux0', 'dead0']",14,48,0,0,True,1.0,0
medium-013,medium,6,branch,support,48,"['taint', 'alias', 'guard', 'mode', 'tmp', 'stk0']",6,12,0,0,True,4.0,0
medium-013,medium,6,branch,pathseal,48,"['input', 'ctx', 'tmp']",3,12,0,0,True,4.0,0
medium-013,medium,6,branch,call-context,48,"['ctx', 'sp', 'stk0', 'stk1']",4,7,20,80,False,6.857142857142857,10
medium-013,medium,6,branch,security-surface,48,"['input', 'taint', 'san', 'alias']",4,9,12,48,False,5.333333333333333,6
medium-013,medium,6,branch,syntax-only,48,[],0,1,44,1056,False,48.0,106
medium-013,medium,7,return,exact-state,44,"['input', 'taint', 'san', 'alias', 'guard', 'mode', 'ctx', 'tmp', 'flag', 'sp', 'stk0', 'stk1', 'aux0', 'dead0']",14,44,0,0,True,1.0,0
medium-013,medium,7,return,support,44,"['taint', 'mode', 'ctx', 'sp', 'stk0', 'stk1']",6,10,0,0,True,4.4,0
medium-013,medium,7,return,pathseal,44,"['tmp', 'stk0']",2,11,0,0,True,4.0,0
medium-013,medium,7,return,call-context,44,"['ctx', 'sp', 'stk0', 'stk1']",4,7,4,16,False,6.285714285714286,2
medium-013,medium,7,return,security-surface,44,"['input', 'taint', 'san', 'alias']",4,8,8,32,False,5.5,4
medium-013,medium,7,return,syntax-only,44,[],0,1,36,704,False,44.0,76
medium-013,medium,8,sink,exact-state,24,"['input', 'taint', 'san', 'alias', 'guard', 'mode', 'ctx', 'tmp', 'flag', 'sp', 'stk0', 'stk1', 'aux0', 'dead0']",14,24,0,0,True,1.0,0
medium-013,medium,8,sink,support,24,"['taint', 'alias', 'mode', 'ctx', 'sp']",5,5,0,0,True,4.8,0
medium-013,medium,8,sink,pathseal,24,"['taint', 'mode']",2,5,0,0,True,4.8,0
medium-013,medium,8,sink,call-context,24,"['ctx', 'sp', 'stk0', 'stk1']",4,4,4,16,False,6.0,2
medium-013,medium,8,sink,security-surface,24,"['input', 'taint', 'san', 'alias']",4,5,0,0,True,4.8,0
medium-013,medium,8,sink,syntax-only,24,[],0,1,16,224,False,24.0,22
medium-014,medium,0,source,exact-state,96,"['input', 'taint', 'san', 'alias', 'guard', 'mode', 'ctx', 'tmp', 'flag', 'sp', 'stk0', 'stk1', 'aux0', 'dead0']",14,96,0,0,True,1.0,0
medium-014,medium,0,source,support,96,"['input', 'ctx', 'tmp', 'flag', 'sp', 'stk0', 'stk1', 'aux0']",8,24,0,0,True,4.0,0
medium-014,medium,0,source,pathseal,96,"['ctx', 'tmp', 'flag', 'aux0']",4,24,0,0,True,4.0,0
medium-014,medium,0,source,call-context,96,"['ctx', 'sp', 'stk0', 'stk1']",4,4,80,1072,False,24.0,98
medium-014,medium,0,source,security-surface,96,"['input', 'taint', 'san', 'alias']",4,15,36,176,False,6.4,18
medium-014,medium,0,source,syntax-only,96,[],0,1,92,4416,False,96.0,298
medium-014,medium,1,propagate,exact-state,96,"['input', 'taint', 'san', 'alias', 'guard', 'mode', 'ctx', 'tmp', 'flag', 'sp', 'stk0', 'stk1', 'aux0', 'dead0']",14,96,0,0,True,1.0,0
medium-014,medium,1,propagate,support,96,"['taint', 'alias', 'mode', 'ctx', 'tmp', 'flag', 'aux0']",7,24,0,0,True,4.0,0
medium-014,medium,1,propagate,pathseal,96,"['ctx', 'tmp', 'flag', 'aux0']",4,24,0,0,True,4.0,0
medium-014,medium,1,propagate,call-context,96,"['ctx', 'sp', 'stk0', 'stk1']",4,4,80,1072,False,24.0,98
medium-014,medium,1,propagate,security-surface,96,"['input', 'taint', 'san', 'alias']",4,19,20,96,False,5.052631578947368,10
medium-014,medium,1,propagate,syntax-only,96,[],0,1,92,4416,False,96.0,298
medium-014,medium,2,helper,exact-state,96,"['input', 'taint', 'san', 'alias', 'guard', 'mode', 'ctx', 'tmp', 'flag', 'sp', 'stk0', 'stk1', 'aux0', 'dead0']",14,96,0,0,True,1.0,0
medium-014,medium,2,helper,support,96,"['taint', 'alias', 'guard', 'mode', 'ctx', 'aux0']",6,24,0,0,True,4.0,0
medium-014,medium,2,helper,pathseal,96,"['ctx', 'tmp', 'flag', 'aux0']",4,24,0,0,True,4.0,0
medium-014,medium,2,helper,call-context,96,"['ctx', 'sp', 'stk0', 'stk1']",4,4,80,1072,False,24.0,100
medium-014,medium,2,helper,security-surface,96,"['input', 'taint', 'san', 'alias']",4,17,28,144,False,5.647058823529412,16
medium-014,medium,2,helper,syntax-only,96,[],0,1,92,4416,False,96.0,306
medium-014,medium,3,nested-call,exact-state,96,"['input', 'taint', 'san', 'alias', 'guard', 'mode', 'ctx', 'tmp', 'flag', 'sp', 'stk0', 'stk1', 'aux0', 'dead0']",14,96,0,0,True,1.0,0
medium-014,medium,3,nested-call,support,96,"['input', 'taint', 'mode', 'ctx', 'tmp', 'sp', 'stk0', 'stk1', 'aux0']",9,24,0,0,True,4.0,0
medium-014,medium,3,nested-call,pathseal,96,"['taint', 'alias', 'mode', 'ctx']",4,24,0,0,True,4.0,0
medium-014,medium,3,nested-call,call-context,96,"['ctx', 'sp', 'stk0', 'stk1']",4,7,68,544,False,13.714285714285714,50
medium-014,medium,3,nested-call,security-surface,96,"['input', 'taint', 'san', 'alias']",4,17,28,144,False,5.647058823529412,18
medium-014,medium,3,nested-call,syntax-only,96,[],0,1,92,4416,False,96.0,342
medium-014,medium,4,nested-return,exact-state,96,"['input', 'taint', 'san', 'alias', 'guard', 'mode', 'ctx', 'tmp', 'flag', 'sp', 'stk0', 'stk1', 'aux0', 'dead0']",14,96,0,0,True,1.0,0
medium-014,medium,4,nested-return,support,96,"['input', 'mode', 'ctx', 'tmp', 'flag', 'sp', 'stk0', 'stk1', 'aux0']",9,24,0,0,True,4.0,0
medium-014,medium,4,nested-return,pathseal,96,"['input', 'taint', 'mode', 'tmp']",4,22,0,0,True,4.363636363636363,0
medium-014,medium,4,nested-return,call-context,96,"['ctx', 'sp', 'stk0', 'stk1']",4,16,20,80,False,6.0,10
medium-014,medium,4,nested-return,security-surface,96,"['input', 'taint', 'san', 'alias']",4,17,12,64,False,5.647058823529412,8
medium-014,medium,4,nested-return,syntax-only,96,[],0,1,92,3168,False,96.0,302
medium-014,medium,5,sanitize,exact-state,44,"['input', 'taint', 'san', 'alias', 'guard', 'mode', 'ctx', 'tmp', 'flag', 'sp', 'stk0', 'stk1', 'aux0', 'dead0']",14,44,0,0,True,1.0,0
medium-014,medium,5,sanitize,support,44,"['input', 'taint', 'san', 'mode', 'tmp']",5,11,0,0,True,4.0,0
medium-014,medium,5,sanitize,pathseal,44,"['input', 'mode', 'tmp']",3,11,0,0,True,4.0,0
medium-014,medium,5,sanitize,call-context,44,"['ctx', 'sp', 'stk0', 'stk1']",4,6,20,96,False,7.333333333333333,12
medium-014,medium,5,sanitize,security-surface,44,"['input', 'taint', 'san', 'alias']",4,8,12,64,False,5.5,8
medium-014,medium,5,sanitize,syntax-only,44,[],0,1,40,880,False,44.0,88
medium-014,medium,6,branch,exact-state,44,"['input', 'taint', 'san', 'alias', 'guard', 'mode', 'ctx', 'tmp', 'flag', 'sp', 'stk0', 'stk1', 'aux0', 'dead0']",14,44,0,0,True,1.0,0
medium-014,medium,6,branch,support,44,"['taint', 'alias', 'guard', 'mode', 'stk0']",5,11,0,0,True,4.0,0
medium-014,medium,6,branch,pathseal,44,"['input', 'mode', 'tmp']",3,11,0,0,True,4.0,0
medium-014,medium,6,branch,call-context,44,"['ctx', 'sp', 'stk0', 'stk1']",4,6,20,96,False,7.333333333333333,12
medium-014,medium,6,branch,security-surface,44,"['input', 'taint', 'san', 'alias']",4,8,12,64,False,5.5,8
medium-014,medium,6,branch,syntax-only,44,[],0,1,40,880,False,44.0,94
medium-014,medium,7,return,exact-state,44,"['input', 'taint', 'san', 'alias', 'guard', 'mode', 'ctx', 'tmp', 'flag', 'sp', 'stk0', 'stk1', 'aux0', 'dead0']",14,44,0,0,True,1.0,0
medium-014,medium,7,return,support,44,"['input', 'alias', 'ctx', 'sp', 'stk0', 'stk1']",6,10,0,0,True,4.4,0
medium-014,medium,7,return,pathseal,44,"['mode', 'stk0']",2,10,0,0,True,4.4,0
medium-014,medium,7,return,call-context,44,"['ctx', 'sp', 'stk0', 'stk1']",4,6,12,64,False,7.333333333333333,8
medium-014,medium,7,return,security-surface,44,"['input', 'taint', 'san', 'alias']",4,8,8,48,False,5.5,6
medium-014,medium,7,return,syntax-only,44,[],0,1,24,720,False,44.0,82
medium-014,medium,8,sink,exact-state,24,"['input', 'taint', 'san', 'alias', 'guard', 'mode', 'ctx', 'tmp', 'flag', 'sp', 'stk0', 'stk1', 'aux0', 'dead0']",14,24,0,0,True,1.0,0
medium-014,medium,8,sink,support,24,"['taint', 'alias', 'mode', 'ctx', 'sp']",5,6,0,0,True,4.0,0
medium-014,medium,8,sink,pathseal,24,"['input', 'alias']",2,6,0,0,True,4.0,0
medium-014,medium,8,sink,call-context,24,"['ctx', 'sp', 'stk0', 'stk1']",4,3,12,64,False,8.0,8
medium-014,medium,8,sink,security-surface,24,"['input', 'taint', 'san', 'alias']",4,6,0,0,True,4.0,0
medium-014,medium,8,sink,syntax-only,24,[],0,1,20,240,False,24.0,30
medium-015,medium,0,source,exact-state,96,"['input', 'taint', 'san', 'alias', 'guard', 'mode', 'ctx', 'tmp', 'flag', 'sp', 'stk0', 'stk1', 'aux0', 'dead0']",14,96,0,0,True,1.0,0
medium-015,medium,0,source,support,96,"['input', 'alias', 'mode', 'ctx', 'flag', 'sp', 'stk0', 'stk1']",8,24,0,0,True,4.0,0
medium-015,medium,0,source,pathseal,96,"['input', 'alias', 'mode', 'ctx', 'flag']",5,24,0,0,True,4.0,0
medium-015,medium,0,source,call-context,96,"['ctx', 'sp', 'stk0', 'stk1']",4,4,80,1104,False,24.0,106
medium-015,medium,0,source,security-surface,96,"['input', 'taint', 'san', 'alias']",4,11,52,304,False,8.727272727272727,26
medium-015,medium,0,source,syntax-only,96,[],0,1,92,4416,False,96.0,302
medium-015,medium,1,propagate,exact-state,96,"['input', 'taint', 'san', 'alias', 'guard', 'mode', 'ctx', 'tmp', 'flag', 'sp', 'stk0', 'stk1', 'aux0', 'dead0']",14,96,0,0,True,1.0,0
medium-015,medium,1,propagate,support,96,"['input', 'taint', 'alias', 'mode', 'tmp', 'flag', 'aux0']",7,24,0,0,True,4.0,0
medium-015,medium,1,propagate,pathseal,96,"['input', 'alias', 'mode', 'ctx', 'flag']",5,24,0,0,True,4.0,0
medium-015,medium,1,propagate,call-context,96,"['ctx', 'sp', 'stk0', 'stk1']",4,4,80,1104,False,24.0,106
medium-015,medium,1,propagate,security-surface,96,"['input', 'taint', 'san', 'alias']",4,11,52,304,False,8.727272727272727,26
medium-015,medium,1,propagate,syntax-only,96,[],0,1,92,4416,False,96.0,302
medium-015,medium,2,helper,exact-state,96,"['input', 'taint', 'san', 'alias', 'guard', 'mode', 'ctx', 'tmp', 'flag', 'sp', 'stk0', 'stk1', 'aux0', 'dead0']",14,96,0,0,True,1.0,0
medium-015,medium,2,helper,support,96,"['input', 'alias', 'guard', 'mode', 'ctx', 'stk0', 'aux0']",7,24,0,0,True,4.0,0
medium-015,medium,2,helper,pathseal,96,"['input', 'alias', 'mode', 'aux0']",4,24,0,0,True,4.0,0
medium-015,medium,2,helper,call-context,96,"['ctx', 'sp', 'stk0', 'stk1']",4,4,80,1104,False,24.0,106
medium-015,medium,2,helper,security-surface,96,"['input', 'taint', 'san', 'alias']",4,13,44,256,False,7.384615384615385,24
medium-015,medium,2,helper,syntax-only,96,[],0,1,92,4416,False,96.0,306
medium-015,medium,3,nested-call,exact-state,96,"['input', 'taint', 'san', 'alias', 'guard', 'mode', 'ctx', 'tmp', 'flag', 'sp', 'stk0', 'stk1', 'aux0', 'dead0']",14,96,0,0,True,1.0,0
medium-015,medium,3,nested-call,support,96,"['input', 'alias', 'mode', 'ctx', 'sp', 'stk0', 'stk1', 'aux0']",8,24,0,0,True,4.0,0
medium-015,medium,3,nested-call,pathseal,96,"['input', 'alias', 'mode', 'stk0']",4,24,0,0,True,4.0,0
medium-015,medium,3,nested-call,call-context,96,"['ctx', 'sp', 'stk0', 'stk1']",4,8,64,496,False,12.0,50
medium-015,medium,3,nested-call,security-surface,96,"['input', 'taint', 'san', 'alias']",4,13,44,256,False,7.384615384615385,28
medium-015,medium,3,nested-call,syntax-only,96,[],0,1,92,4416,False,96.0,330
medium-015,medium,4,nested-return,exact-state,96,"['input', 'taint', 'san', 'alias', 'guard', 'mode', 'ctx', 'tmp', 'flag', 'sp', 'stk0', 'stk1', 'aux0', 'dead0']",14,96,0,0,True,1.0,0
medium-015,medium,4,nested-return,support,96,"['input', 'alias', 'guard', 'mode', 'ctx', 'flag', 'sp', 'stk0', 'stk1', 'aux0']",10,24,0,0,True,4.0,0
medium-015,medium,4,nested-return,pathseal,96,"['input', 'alias', 'mode', 'stk0']",4,24,0,0,True,4.0,0
medium-015,medium,4,nested-return,call-context,96,"['ctx', 'sp', 'stk0', 'stk1']",4,14,40,176,False,6.857142857142857,20
medium-015,medium,4,nested-return,security-surface,96,"['input', 'taint', 'san', 'alias']",4,13,44,256,False,7.384615384615385,30
medium-015,medium,4,nested-return,syntax-only,96,[],0,1,92,4080,False,96.0,360
medium-015,medium,5,sanitize,exact-state,68,"['input', 'taint', 'san', 'alias', 'guard', 'mode', 'ctx', 'tmp', 'flag', 'sp', 'stk0', 'stk1', 'aux0', 'dead0']",14,68,0,0,True,1.0,0
medium-015,medium,5,sanitize,support,68,"['input', 'taint', 'san', 'alias', 'guard', 'mode']",6,17,0,0,True,4.0,0
medium-015,medium,5,sanitize,pathseal,68,"['input', 'alias', 'guard', 'mode']",4,17,0,0,True,4.0,0
medium-015,medium,5,sanitize,call-context,68,"['ctx', 'sp', 'stk0', 'stk1']",4,8,36,208,False,8.5,24
medium-015,medium,5,sanitize,security-surface,68,"['input', 'taint', 'san', 'alias']",4,11,24,144,False,6.181818181818182,14
medium-015,medium,5,sanitize,syntax-only,68,[],0,1,64,2176,False,68.0,166
medium-015,medium,6,branch,exact-state,68,"['input', 'taint', 'san', 'alias', 'guard', 'mode', 'ctx', 'tmp', 'flag', 'sp', 'stk0', 'stk1', 'aux0', 'dead0']",14,68,0,0,True,1.0,0
medium-015,medium,6,branch,support,68,"['input', 'taint', 'alias', 'guard', 'mode', 'tmp']",6,17,0,0,True,4.0,0
medium-015,medium,6,branch,pathseal,68,"['input', 'alias', 'guard', 'mode']",4,17,0,0,True,4.0,0
medium-015,medium,6,branch,call-context,68,"['ctx', 'sp', 'stk0', 'stk1']",4,8,36,208,False,8.5,24
medium-015,medium,6,branch,security-surface,68,"['input', 'taint', 'san', 'alias']",4,11,24,144,False,6.181818181818182,14
medium-015,medium,6,branch,syntax-only,68,[],0,1,64,2080,False,68.0,176
medium-015,medium,7,return,exact-state,52,"['input', 'taint', 'san', 'alias', 'guard', 'mode', 'ctx', 'tmp', 'flag', 'sp', 'stk0', 'stk1', 'aux0', 'dead0']",14,52,0,0,True,1.0,0
medium-015,medium,7,return,support,52,"['input', 'taint', 'ctx', 'sp', 'stk0', 'stk1']",6,12,0,0,True,4.333333333333333,0
medium-015,medium,7,return,pathseal,52,"['input', 'mode', 'tmp']",3,13,0,0,True,4.0,0
medium-015,medium,7,return,call-context,52,"['ctx', 'sp', 'stk0', 'stk1']",4,7,16,80,False,7.428571428571429,10
medium-015,medium,7,return,security-surface,52,"['input', 'taint', 'san', 'alias']",4,8,20,96,False,6.5,12
medium-015,medium,7,return,syntax-only,52,[],0,1,32,1088,False,52.0,120
medium-015,medium,8,sink,exact-state,32,"['input', 'taint', 'san', 'alias', 'guard', 'mode', 'ctx', 'tmp', 'flag', 'sp', 'stk0', 'stk1', 'aux0', 'dead0']",14,32,0,0,True,1.0,0
medium-015,medium,8,sink,support,32,"['taint', 'alias', 'mode', 'ctx', 'sp']",5,8,0,0,True,4.0,0
medium-015,medium,8,sink,pathseal,32,"['input', 'taint', 'ctx']",3,8,0,0,True,4.0,0
medium-015,medium,8,sink,call-context,32,"['ctx', 'sp', 'stk0', 'stk1']",4,4,16,80,False,8.0,10
medium-015,medium,8,sink,security-surface,32,"['input', 'taint', 'san', 'alias']",4,6,8,32,False,5.333333333333333,4
medium-015,medium,8,sink,syntax-only,32,[],0,1,28,448,False,32.0,50
medium-016,medium,0,source,exact-state,96,"['input', 'taint', 'san', 'alias', 'guard', 'mode', 'ctx', 'tmp', 'flag', 'sp', 'stk0', 'stk1', 'aux0', 'dead0']",14,96,0,0,True,1.0,0
medium-016,medium,0,source,support,96,"['input', 'alias', 'mode', 'ctx', 'flag', 'sp', 'stk0', 'stk1', 'aux0']",9,24,0,0,True,4.0,0
medium-016,medium,0,source,pathseal,96,"['input', 'alias', 'mode', 'aux0']",4,24,0,0,True,4.0,0
medium-016,medium,0,source,call-context,96,"['ctx', 'sp', 'stk0', 'stk1']",4,4,80,1104,False,24.0,96
medium-016,medium,0,source,security-surface,96,"['input', 'taint', 'san', 'alias']",4,13,44,288,False,7.384615384615385,28
medium-016,medium,0,source,syntax-only,96,[],0,1,92,4416,False,96.0,302
medium-016,medium,1,propagate,exact-state,96,"['input', 'taint', 'san', 'alias', 'guard', 'mode', 'ctx', 'tmp', 'flag', 'sp', 'stk0', 'stk1', 'aux0', 'dead0']",14,96,0,0,True,1.0,0
medium-016,medium,1,propagate,support,96,"['input', 'taint', 'alias', 'mode', 'tmp', 'flag', 'aux0']",7,24,0,0,True,4.0,0
medium-016,medium,1,propagate,pathseal,96,"['input', 'alias', 'mode', 'aux0']",4,24,0,0,True,4.0,0
medium-016,medium,1,propagate,call-context,96,"['ctx', 'sp', 'stk0', 'stk1']",4,4,80,1104,False,24.0,96
medium-016,medium,1,propagate,security-surface,96,"['input', 'taint', 'san', 'alias']",4,17,28,128,False,5.647058823529412,14
medium-016,medium,1,propagate,syntax-only,96,[],0,1,92,4416,False,96.0,302
medium-016,medium,2,helper,exact-state,96,"['input', 'taint', 'san', 'alias', 'guard', 'mode', 'ctx', 'tmp', 'flag', 'sp', 'stk0', 'stk1', 'aux0', 'dead0']",14,96,0,0,True,1.0,0
medium-016,medium,2,helper,support,96,"['input', 'guard', 'mode', 'ctx', 'tmp', 'aux0']",6,24,0,0,True,4.0,0
medium-016,medium,2,helper,pathseal,96,"['input', 'mode', 'tmp', 'aux0']",4,24,0,0,True,4.0,0
medium-016,medium,2,helper,call-context,96,"['ctx', 'sp', 'stk0', 'stk1']",4,4,80,1104,False,24.0,96
medium-016,medium,2,helper,security-surface,96,"['input', 'taint', 'san', 'alias']",4,16,32,192,False,6.0,22
medium-016,medium,2,helper,syntax-only,96,[],0,1,92,4416,False,96.0,318
medium-016,medium,3,nested-call,exact-state,96,"['input', 'taint', 'san', 'alias', 'guard', 'mode', 'ctx', 'tmp', 'flag', 'sp', 'stk0', 'stk1', 'aux0', 'dead0']",14,96,0,0,True,1.0,0
medium-016,medium,3,nested-call,support,96,"['input', 'taint', 'alias', 'ctx', 'tmp', 'sp', 'stk0', 'stk1', 'aux0']",9,24,0,0,True,4.0,0
medium-016,medium,3,nested-call,pathseal,96,"['input', 'mode', 'tmp', 'aux0']",4,24,0,0,True,4.0,0
medium-016,medium,3,nested-call,call-context,96,"['ctx', 'sp', 'stk0', 'stk1']",4,8,64,544,False,12.0,50
medium-016,medium,3,nested-call,security-surface,96,"['input', 'taint', 'san', 'alias']",4,16,32,192,False,6.0,24
medium-016,medium,3,nested-call,syntax-only,96,[],0,1,92,4416,False,96.0,338
medium-016,medium,4,nested-return,exact-state,96,"['input', 'taint', 'san', 'alias', 'guard', 'mode', 'ctx', 'tmp', 'flag', 'sp', 'stk0', 'stk1', 'aux0', 'dead0']",14,96,0,0,True,1.0,0
medium-016,medium,4,nested-return,support,96,"['input', 'alias', 'ctx', 'tmp', 'flag', 'sp', 'stk0', 'stk1', 'aux0']",9,24,0,0,True,4.0,0
medium-016,medium,4,nested-return,pathseal,96,"['input', 'taint', 'alias', 'tmp']",4,18,0,0,True,5.333333333333333,0
medium-016,medium,4,nested-return,call-context,96,"['ctx', 'sp', 'stk0', 'stk1']",4,17,16,80,False,5.647058823529412,8
medium-016,medium,4,nested-return,security-surface,96,"['input', 'taint', 'san', 'alias']",4,16,12,64,False,6.0,8
medium-016,medium,4,nested-return,syntax-only,96,[],0,1,92,3168,False,96.0,294
medium-016,medium,5,sanitize,exact-state,44,"['input', 'taint', 'san', 'alias', 'guard', 'mode', 'ctx', 'tmp', 'flag', 'sp', 'stk0', 'stk1', 'aux0', 'dead0']",14,44,0,0,True,1.0,0
medium-016,medium,5,sanitize,support,44,"['input', 'taint', 'san', 'alias', 'tmp']",5,11,0,0,True,4.0,0
medium-016,medium,5,sanitize,pathseal,44,"['input', 'alias', 'tmp']",3,11,0,0,True,4.0,0
medium-016,medium,5,sanitize,call-context,44,"['ctx', 'sp', 'stk0', 'stk1']",4,6,20,128,False,7.333333333333333,16
medium-016,medium,5,sanitize,security-surface,44,"['input', 'taint', 'san', 'alias']",4,8,12,64,False,5.5,8
medium-016,medium,5,sanitize,syntax-only,44,[],0,1,40,880,False,44.0,96
medium-016,medium,6,branch,exact-state,44,"['input', 'taint', 'san', 'alias', 'guard', 'mode', 'ctx', 'tmp', 'flag', 'sp', 'stk0', 'stk1', 'aux0', 'dead0']",14,44,0,0,True,1.0,0
medium-016,medium,6,branch,support,44,"['input', 'taint', 'san', 'alias', 'guard', 'mode']",6,11,0,0,True,4.0,0
medium-016,medium,6,branch,pathseal,44,"['input', 'alias', 'tmp']",3,11,0,0,True,4.0,0
medium-016,medium,6,branch,call-context,44,"['ctx', 'sp', 'stk0', 'stk1']",4,6,20,128,False,7.333333333333333,16
medium-016,medium,6,branch,security-surface,44,"['input', 'taint', 'san', 'alias']",4,8,12,64,False,5.5,8
medium-016,medium,6,branch,syntax-only,44,[],0,1,40,880,False,44.0,102
medium-016,medium,7,return,exact-state,40,"['input', 'taint', 'san', 'alias', 'guard', 'mode', 'ctx', 'tmp', 'flag', 'sp', 'stk0', 'stk1', 'aux0', 'dead0']",14,40,0,0,True,1.0,0
medium-016,medium,7,return,support,40,"['alias', 'ctx', 'tmp', 'sp', 'stk0', 'stk1']",6,10,0,0,True,4.0,0
medium-016,medium,7,return,pathseal,40,"['input', 'san', 'mode']",3,10,0,0,True,4.0,0
medium-016,medium,7,return,call-context,40,"['ctx', 'sp', 'stk0', 'stk1']",4,6,12,96,False,6.666666666666667,12
medium-016,medium,7,return,security-surface,40,"['input', 'taint', 'san', 'alias']",4,8,4,16,False,5.0,2
medium-016,medium,7,return,syntax-only,40,[],0,1,36,672,False,40.0,76
medium-016,medium,8,sink,exact-state,28,"['input', 'taint', 'san', 'alias', 'guard', 'mode', 'ctx', 'tmp', 'flag', 'sp', 'stk0', 'stk1', 'aux0', 'dead0']",14,28,0,0,True,1.0,0
medium-016,medium,8,sink,support,28,"['taint', 'alias', 'mode', 'ctx', 'sp']",5,7,0,0,True,4.0,0
medium-016,medium,8,sink,pathseal,28,"['alias', 'tmp']",2,7,0,0,True,4.0,0
medium-016,medium,8,sink,call-context,28,"['ctx', 'sp', 'stk0', 'stk1']",4,4,12,96,False,7.0,12
medium-016,medium,8,sink,security-surface,28,"['input', 'taint', 'san', 'alias']",4,6,4,16,False,4.666666666666667,2
medium-016,medium,8,sink,syntax-only,28,[],0,1,24,336,False,28.0,40
medium-017,medium,0,source,exact-state,96,"['input', 'taint', 'san', 'alias', 'guard', 'mode', 'ctx', 'tmp', 'flag', 'sp', 'stk0', 'stk1', 'aux0', 'dead0']",14,96,0,0,True,1.0,0
medium-017,medium,0,source,support,96,"['input', 'alias', 'mode', 'ctx', 'sp', 'stk0', 'stk1', 'aux0']",8,24,0,0,True,4.0,0
medium-017,medium,0,source,pathseal,96,"['input', 'alias', 'mode', 'aux0']",4,24,0,0,True,4.0,0
medium-017,medium,0,source,call-context,96,"['ctx', 'sp', 'stk0', 'stk1']",4,4,80,1168,False,24.0,104
medium-017,medium,0,source,security-surface,96,"['input', 'taint', 'san', 'alias']",4,14,40,304,False,6.857142857142857,22
medium-017,medium,0,source,syntax-only,96,[],0,1,92,4416,False,96.0,288
medium-017,medium,1,propagate,exact-state,96,"['input', 'taint', 'san', 'alias', 'guard', 'mode', 'ctx', 'tmp', 'flag', 'sp', 'stk0', 'stk1', 'aux0', 'dead0']",14,96,0,0,True,1.0,0
medium-017,medium,1,propagate,support,96,"['input', 'taint', 'alias', 'mode', 'tmp', 'flag', 'aux0']",7,24,0,0,True,4.0,0
medium-017,medium,1,propagate,pathseal,96,"['input', 'alias', 'mode', 'aux0']",4,24,0,0,True,4.0,0
medium-017,medium,1,propagate,call-context,96,"['ctx', 'sp', 'stk0', 'stk1']",4,4,80,1168,False,24.0,104
medium-017,medium,1,propagate,security-surface,96,"['input', 'taint', 'san', 'alias']",4,14,40,304,False,6.857142857142857,22
medium-017,medium,1,propagate,syntax-only,96,[],0,1,92,4416,False,96.0,288
medium-017,medium,2,helper,exact-state,96,"['input', 'taint', 'san', 'alias', 'guard', 'mode', 'ctx', 'tmp', 'flag', 'sp', 'stk0', 'stk1', 'aux0', 'dead0']",14,96,0,0,True,1.0,0
medium-017,medium,2,helper,support,96,"['input', 'guard', 'mode', 'ctx', 'tmp', 'aux0']",6,24,0,0,True,4.0,0
medium-017,medium,2,helper,pathseal,96,"['input', 'mode', 'tmp', 'aux0']",4,24,0,0,True,4.0,0
medium-017,medium,2,helper,call-context,96,"['ctx', 'sp', 'stk0', 'stk1']",4,4,80,1168,False,24.0,106
medium-017,medium,2,helper,security-surface,96,"['input', 'taint', 'san', 'alias']",4,12,48,288,False,8.0,24
medium-017,medium,2,helper,syntax-only,96,[],0,1,92,4416,False,96.0,308
medium-017,medium,3,nested-call,exact-state,96,"['input', 'taint', 'san', 'alias', 'guard', 'mode', 'ctx', 'tmp', 'flag', 'sp', 'stk0', 'stk1', 'aux0', 'dead0']",14,96,0,0,True,1.0,0
medium-017,medium,3,nested-call,support,96,"['input', 'alias', 'mode', 'ctx', 'tmp', 'sp', 'stk0', 'stk1', 'aux0']",9,24,0,0,True,4.0,0
medium-017,medium,3,nested-call,pathseal,96,"['input', 'mode', 'tmp', 'aux0']",4,24,0,0,True,4.0,0
medium-017,medium,3,nested-call,call-context,96,"['ctx', 'sp', 'stk0', 'stk1']",4,8,64,544,False,12.0,60
medium-017,medium,3,nested-call,security-surface,96,"['input', 'taint', 'san', 'alias']",4,12,48,288,False,8.0,26
medium-017,medium,3,nested-call,syntax-only,96,[],0,1,92,4416,False,96.0,370
medium-017,medium,4,nested-return,exact-state,96,"['input', 'taint', 'san', 'alias', 'guard', 'mode', 'ctx', 'tmp', 'flag', 'sp', 'stk0', 'stk1', 'aux0', 'dead0']",14,96,0,0,True,1.0,0
medium-017,medium,4,nested-return,support,96,"['san', 'ctx', 'tmp', 'flag', 'sp', 'stk0', 'stk1', 'aux0']",8,24,0,0,True,4.0,0
medium-017,medium,4,nested-return,pathseal,96,"['input', 'alias', 'mode', 'tmp']",4,21,0,0,True,4.571428571428571,0
medium-017,medium,4,nested-return,call-context,96,"['ctx', 'sp', 'stk0', 'stk1']",4,16,28,112,False,6.0,10
medium-017,medium,4,nested-return,security-surface,96,"['input', 'taint', 'san', 'alias']",4,12,44,256,False,8.0,26
medium-017,medium,4,nested-return,syntax-only,96,[],0,1,52,3536,False,96.0,352
medium-017,medium,5,sanitize,exact-state,52,"['input', 'taint', 'san', 'alias', 'guard', 'mode', 'ctx', 'tmp', 'flag', 'sp', 'stk0', 'stk1', 'aux0', 'dead0']",14,52,0,0,True,1.0,0
medium-017,medium,5,sanitize,support,52,"['taint', 'san', 'tmp', 'aux0']",4,13,0,0,True,4.0,0
medium-017,medium,5,sanitize,pathseal,52,"['san', 'tmp', 'aux0']",3,13,0,0,True,4.0,0
medium-017,medium,5,sanitize,call-context,52,"['ctx', 'sp', 'stk0', 'stk1']",4,7,24,160,False,7.428571428571429,18
medium-017,medium,5,sanitize,security-surface,52,"['input', 'taint', 'san', 'alias']",4,10,12,64,False,5.2,6
medium-017,medium,5,sanitize,syntax-only,52,[],0,1,48,1248,False,52.0,122
medium-017,medium,6,branch,exact-state,52,"['input', 'taint', 'san', 'alias', 'guard', 'mode', 'ctx', 'tmp', 'flag', 'sp', 'stk0', 'stk1', 'aux0', 'dead0']",14,52,0,0,True,1.0,0
medium-017,medium,6,branch,support,52,"['input', 'taint', 'alias', 'guard', 'mode', 'tmp']",6,13,0,0,True,4.0,0
medium-017,medium,6,branch,pathseal,52,"['san', 'tmp', 'aux0']",3,13,0,0,True,4.0,0
medium-017,medium,6,branch,call-context,52,"['ctx', 'sp', 'stk0', 'stk1']",4,7,24,144,False,7.428571428571429,18
medium-017,medium,6,branch,security-surface,52,"['input', 'taint', 'san', 'alias']",4,10,12,64,False,5.2,6
medium-017,medium,6,branch,syntax-only,52,[],0,1,48,1200,False,52.0,128
medium-017,medium,7,return,exact-state,40,"['input', 'taint', 'san', 'alias', 'guard', 'mode', 'ctx', 'tmp', 'flag', 'sp', 'stk0', 'stk1', 'aux0', 'dead0']",14,40,0,0,True,1.0,0
medium-017,medium,7,return,support,40,"['alias', 'ctx', 'tmp', 'sp', 'stk0', 'stk1']",6,10,0,0,True,4.0,0
medium-017,medium,7,return,pathseal,40,"['input', 'alias', 'tmp']",3,9,0,0,True,4.444444444444445,0
medium-017,medium,7,return,call-context,40,"['ctx', 'sp', 'stk0', 'stk1']",4,7,12,96,False,5.714285714285714,12
medium-017,medium,7,return,security-surface,40,"['input', 'taint', 'san', 'alias']",4,8,8,48,False,5.0,6
medium-017,medium,7,return,syntax-only,40,[],0,1,36,672,False,40.0,74
medium-017,medium,8,sink,exact-state,28,"['input', 'taint', 'san', 'alias', 'guard', 'mode', 'ctx', 'tmp', 'flag', 'sp', 'stk0', 'stk1', 'aux0', 'dead0']",14,28,0,0,True,1.0,0
medium-017,medium,8,sink,support,28,"['taint', 'alias', 'mode', 'ctx', 'sp']",5,7,0,0,True,4.0,0
medium-017,medium,8,sink,pathseal,28,"['alias', 'tmp']",2,7,0,0,True,4.0,0
medium-017,medium,8,sink,call-context,28,"['ctx', 'sp', 'stk0', 'stk1']",4,4,12,96,False,7.0,12
medium-017,medium,8,sink,security-surface,28,"['input', 'taint', 'san', 'alias']",4,6,4,16,False,4.666666666666667,2
medium-017,medium,8,sink,syntax-only,28,[],0,1,24,336,False,28.0,38
medium-018,medium,0,source,exact-state,96,"['input', 'taint', 'san', 'alias', 'guard', 'mode', 'ctx', 'tmp', 'flag', 'sp', 'stk0', 'stk1', 'aux0', 'dead0']",14,96,0,0,True,1.0,0
medium-018,medium,0,source,support,96,"['input', 'alias', 'ctx', 'flag', 'sp', 'stk0', 'stk1', 'aux0']",8,24,0,0,True,4.0,0
medium-018,medium,0,source,pathseal,96,"['alias', 'ctx', 'flag', 'aux0']",4,24,0,0,True,4.0,0
medium-018,medium,0,source,call-context,96,"['ctx', 'sp', 'stk0', 'stk1']",4,4,80,1120,False,24.0,98
medium-018,medium,0,source,security-surface,96,"['input', 'taint', 'san', 'alias']",4,11,52,320,False,8.727272727272727,26
medium-018,medium,0,source,syntax-only,96,[],0,1,92,4416,False,96.0,308
medium-018,medium,1,propagate,exact-state,96,"['input', 'taint', 'san', 'alias', 'guard', 'mode', 'ctx', 'tmp', 'flag', 'sp', 'stk0', 'stk1', 'aux0', 'dead0']",14,96,0,0,True,1.0,0
medium-018,medium,1,propagate,support,96,"['taint', 'alias', 'mode', 'ctx', 'tmp', 'flag', 'aux0']",7,24,0,0,True,4.0,0
medium-018,medium,1,propagate,pathseal,96,"['alias', 'ctx', 'flag', 'aux0']",4,24,0,0,True,4.0,0
medium-018,medium,1,propagate,call-context,96,"['ctx', 'sp', 'stk0', 'stk1']",4,4,80,1120,False,24.0,98
medium-018,medium,1,propagate,security-surface,96,"['input', 'taint', 'san', 'alias']",4,14,40,208,False,6.857142857142857,14
medium-018,medium,1,propagate,syntax-only,96,[],0,1,92,4416,False,96.0,308
medium-018,medium,2,helper,exact-state,96,"['input', 'taint', 'san', 'alias', 'guard', 'mode', 'ctx', 'tmp', 'flag', 'sp', 'stk0', 'stk1', 'aux0', 'dead0']",14,96,0,0,True,1.0,0
medium-018,medium,2,helper,support,96,"['input', 'taint', 'guard', 'mode', 'ctx', 'stk0', 'aux0']",7,23,0,0,True,4.173913043478261,0
medium-018,medium,2,helper,pathseal,96,"['mode', 'ctx', 'flag', 'aux0']",4,23,0,0,True,4.173913043478261,0
medium-018,medium,2,helper,call-context,96,"['ctx', 'sp', 'stk0', 'stk1']",4,4,80,1104,False,24.0,96
medium-018,medium,2,helper,security-surface,96,"['input', 'taint', 'san', 'alias']",4,15,36,192,False,6.4,14
medium-018,medium,2,helper,syntax-only,96,[],0,1,92,4400,False,96.0,304
medium-018,medium,3,nested-call,exact-state,96,"['input', 'taint', 'san', 'alias', 'guard', 'mode', 'ctx', 'tmp', 'flag', 'sp', 'stk0', 'stk1', 'aux0', 'dead0']",14,96,0,0,True,1.0,0
medium-018,medium,3,nested-call,support,96,"['input', 'taint', 'mode', 'ctx', 'sp', 'stk0', 'stk1', 'aux0']",8,23,0,0,True,4.173913043478261,0
medium-018,medium,3,nested-call,pathseal,96,"['input', 'taint', 'mode', 'stk0']",4,23,0,0,True,4.173913043478261,0
medium-018,medium,3,nested-call,call-context,96,"['ctx', 'sp', 'stk0', 'stk1']",4,8,64,560,False,12.0,52
medium-018,medium,3,nested-call,security-surface,96,"['input', 'taint', 'san', 'alias']",4,15,36,192,False,6.4,20
medium-018,medium,3,nested-call,syntax-only,96,[],0,1,92,4400,False,96.0,332
medium-018,medium,4,nested-return,exact-state,96,"['input', 'taint', 'san', 'alias', 'guard', 'mode', 'ctx', 'tmp', 'flag', 'sp', 'stk0', 'stk1', 'aux0', 'dead0']",14,96,0,0,True,1.0,0
medium-018,medium,4,nested-return,support,96,"['input', 'mode', 'ctx', 'flag', 'sp', 'stk0', 'stk1', 'aux0']",8,23,0,0,True,4.173913043478261,0
medium-018,medium,4,nested-return,pathseal,96,"['input', 'taint', 'mode', 'stk0']",4,23,0,0,True,4.173913043478261,0
medium-018,medium,4,nested-return,call-context,96,"['ctx', 'sp', 'stk0', 'stk1']",4,16,28,112,False,6.0,14
medium-018,medium,4,nested-return,security-surface,96,"['input', 'taint', 'san', 'alias']",4,15,24,128,False,6.4,14
medium-018,medium,4,nested-return,syntax-only,96,[],0,1,92,3536,False,96.0,326
medium-018,medium,5,sanitize,exact-state,52,"['input', 'taint', 'san', 'alias', 'guard', 'mode', 'ctx', 'tmp', 'flag', 'sp', 'stk0', 'stk1', 'aux0', 'dead0']",14,52,0,0,True,1.0,0
medium-018,medium,5,sanitize,support,52,"['input', 'taint', 'san', 'mode', 'stk0']",5,13,0,0,True,4.0,0
medium-018,medium,5,sanitize,pathseal,52,"['input', 'mode', 'stk0']",3,13,0,0,True,4.0,0
medium-018,medium,5,sanitize,call-context,52,"['ctx', 'sp', 'stk0', 'stk1']",4,7,24,112,False,7.428571428571429,12
medium-018,medium,5,sanitize,security-surface,52,"['input', 'taint', 'san', 'alias']",4,7,24,128,False,7.428571428571429,14
medium-018,medium,5,sanitize,syntax-only,52,[],0,1,48,1248,False,52.0,120
medium-018,medium,6,branch,exact-state,52,"['input', 'taint', 'san', 'alias', 'guard', 'mode', 'ctx', 'tmp', 'flag', 'sp', 'stk0', 'stk1', 'aux0', 'dead0']",14,52,0,0,True,1.0,0
medium-018,medium,6,branch,support,52,"['input', 'taint', 'san', 'alias', 'guard', 'mode', 'aux0']",7,13,0,0,True,4.0,0
medium-018,medium,6,branch,pathseal,52,"['input', 'mode', 'stk0']",3,13,0,0,True,4.0,0
medium-018,medium,6,branch,call-context,52,"['ctx', 'sp', 'stk0', 'stk1']",4,7,24,112,False,7.428571428571429,12
medium-018,medium,6,branch,security-surface,52,"['input', 'taint', 'san', 'alias']",4,7,24,128,False,7.428571428571429,14
medium-018,medium,6,branch,syntax-only,52,[],0,1,48,1232,False,52.0,126
medium-018,medium,7,return,exact-state,52,"['input', 'taint', 'san', 'alias', 'guard', 'mode', 'ctx', 'tmp', 'flag', 'sp', 'stk0', 'stk1', 'aux0', 'dead0']",14,52,0,0,True,1.0,0
medium-018,medium,7,return,support,52,"['taint', 'ctx', 'tmp', 'sp', 'stk0', 'stk1']",6,13,0,0,True,4.0,0
medium-018,medium,7,return,pathseal,52,"['input', 'san', 'aux0']",3,11,0,0,True,4.7272727272727275,0
medium-018,medium,7,return,call-context,52,"['ctx', 'sp', 'stk0', 'stk1']",4,7,12,64,False,7.428571428571429,8
medium-018,medium,7,return,security-surface,52,"['input', 'taint', 'san', 'alias']",4,7,12,80,False,7.428571428571429,10
medium-018,medium,7,return,syntax-only,52,[],0,1,48,912,False,52.0,104
medium-018,medium,8,sink,exact-state,24,"['input', 'taint', 'san', 'alias', 'guard', 'mode', 'ctx', 'tmp', 'flag', 'sp', 'stk0', 'stk1', 'aux0', 'dead0']",14,24,0,0,True,1.0,0
medium-018,medium,8,sink,support,24,"['taint', 'alias', 'mode', 'ctx', 'sp']",5,6,0,0,True,4.0,0
medium-018,medium,8,sink,pathseal,24,"['taint', 'tmp']",2,6,0,0,True,4.0,0
medium-018,medium,8,sink,call-context,24,"['ctx', 'sp', 'stk0', 'stk1']",4,3,12,64,False,8.0,8
medium-018,medium,8,sink,security-surface,24,"['input', 'taint', 'san', 'alias']",4,5,4,16,False,4.8,2
medium-018,medium,8,sink,syntax-only,24,[],0,1,20,240,False,24.0,26
medium-019,medium,0,source,exact-state,96,"['input', 'taint', 'san', 'alias', 'guard', 'mode', 'ctx', 'tmp', 'flag', 'sp', 'stk0', 'stk1', 'aux0', 'dead0']",14,96,0,0,True,1.0,0
medium-019,medium,0,source,support,96,"['input', 'ctx', 'tmp', 'sp', 'stk0', 'stk1', 'aux0']",7,24,0,0,True,4.0,0
medium-019,medium,0,source,pathseal,96,"['input', 'ctx', 'tmp', 'aux0']",4,24,0,0,True,4.0,0
medium-019,medium,0,source,call-context,96,"['ctx', 'sp', 'stk0', 'stk1']",4,4,80,1072,False,24.0,100
medium-019,medium,0,source,security-surface,96,"['input', 'taint', 'san', 'alias']",4,14,40,192,False,6.857142857142857,18
medium-019,medium,0,source,syntax-only,96,[],0,1,92,4416,False,96.0,300
medium-019,medium,1,propagate,exact-state,96,"['input', 'taint', 'san', 'alias', 'guard', 'mode', 'ctx', 'tmp', 'flag', 'sp', 'stk0', 'stk1', 'aux0', 'dead0']",14,96,0,0,True,1.0,0
medium-019,medium,1,propagate,support,96,"['input', 'taint', 'alias', 'mode', 'ctx', 'tmp', 'flag', 'aux0']",8,24,0,0,True,4.0,0
medium-019,medium,1,propagate,pathseal,96,"['input', 'ctx', 'tmp', 'aux0']",4,24,0,0,True,4.0,0
medium-019,medium,1,propagate,call-context,96,"['ctx', 'sp', 'stk0', 'stk1']",4,4,80,1072,False,24.0,100
medium-019,medium,1,propagate,security-surface,96,"['input', 'taint', 'san', 'alias']",4,14,40,192,False,6.857142857142857,18
medium-019,medium,1,propagate,syntax-only,96,[],0,1,92,4416,False,96.0,300
medium-019,medium,2,helper,exact-state,96,"['input', 'taint', 'san', 'alias', 'guard', 'mode', 'ctx', 'tmp', 'flag', 'sp', 'stk0', 'stk1', 'aux0', 'dead0']",14,96,0,0,True,1.0,0
medium-019,medium,2,helper,support,96,"['input', 'guard', 'mode', 'ctx', 'tmp', 'stk0', 'aux0']",7,24,0,0,True,4.0,0
medium-019,medium,2,helper,pathseal,96,"['input', 'ctx', 'tmp', 'aux0']",4,24,0,0,True,4.0,0
medium-019,medium,2,helper,call-context,96,"['ctx', 'sp', 'stk0', 'stk1']",4,4,80,1072,False,24.0,102
medium-019,medium,2,helper,security-surface,96,"['input', 'taint', 'san', 'alias']",4,13,44,320,False,7.384615384615385,28
medium-019,medium,2,helper,syntax-only,96,[],0,1,92,4416,False,96.0,320
medium-019,medium,3,nested-call,exact-state,96,"['input', 'taint', 'san', 'alias', 'guard', 'mode', 'ctx', 'tmp', 'flag', 'sp', 'stk0', 'stk1', 'aux0', 'dead0']",14,96,0,0,True,1.0,0
medium-019,medium,3,nested-call,support,96,"['input', 'san', 'ctx', 'tmp', 'sp', 'stk0', 'stk1', 'aux0']",8,24,0,0,True,4.0,0
medium-019,medium,3,nested-call,pathseal,96,"['input', 'tmp', 'stk0', 'aux0']",4,24,0,0,True,4.0,0
medium-019,medium,3,nested-call,call-context,96,"['ctx', 'sp', 'stk0', 'stk1']",4,7,68,736,False,13.714285714285714,64
medium-019,medium,3,nested-call,security-surface,96,"['input', 'taint', 'san', 'alias']",4,13,44,320,False,7.384615384615385,26
medium-019,medium,3,nested-call,syntax-only,96,[],0,1,92,4416,False,96.0,364
medium-019,medium,4,nested-return,exact-state,96,"['input', 'taint', 'san', 'alias', 'guard', 'mode', 'ctx', 'tmp', 'flag', 'sp', 'stk0', 'stk1', 'aux0', 'dead0']",14,96,0,0,True,1.0,0
medium-019,medium,4,nested-return,support,96,"['input', 'alias', 'ctx', 'flag', 'sp', 'stk0', 'stk1', 'aux0']",8,24,0,0,True,4.0,0
medium-019,medium,4,nested-return,pathseal,96,"['input', 'san', 'tmp', 'stk0']",4,22,0,0,True,4.363636363636363,0
medium-019,medium,4,nested-return,call-context,96,"['ctx', 'sp', 'stk0', 'stk1']",4,16,32,160,False,6.0,18
medium-019,medium,4,nested-return,security-surface,96,"['input', 'taint', 'san', 'alias']",4,13,36,224,False,7.384615384615385,24
medium-019,medium,4,nested-return,syntax-only,96,[],0,1,92,3536,False,96.0,362
medium-019,medium,5,sanitize,exact-state,52,"['input', 'taint', 'san', 'alias', 'guard', 'mode', 'ctx', 'tmp', 'flag', 'sp', 'stk0', 'stk1', 'aux0', 'dead0']",14,52,0,0,True,1.0,0
medium-019,medium,5,sanitize,support,52,"['input', 'taint', 'san', 'alias', 'ctx']",5,13,0,0,True,4.0,0
medium-019,medium,5,sanitize,pathseal,52,"['input', 'alias', 'ctx']",3,13,0,0,True,4.0,0
medium-019,medium,5,sanitize,call-context,52,"['ctx', 'sp', 'stk0', 'stk1']",4,6,28,208,False,8.666666666666666,20
medium-019,medium,5,sanitize,security-surface,52,"['input', 'taint', 'san', 'alias']",4,11,8,32,False,4.7272727272727275,4
medium-019,medium,5,sanitize,syntax-only,52,[],0,1,48,1248,False,52.0,126
medium-019,medium,6,branch,exact-state,52,"['input', 'taint', 'san', 'alias', 'guard', 'mode', 'ctx', 'tmp', 'flag', 'sp', 'stk0', 'stk1', 'aux0', 'dead0']",14,52,0,0,True,1.0,0
medium-019,medium,6,branch,support,52,"['input', 'taint', 'alias', 'guard', 'mode', 'ctx']",6,13,0,0,True,4.0,0
medium-019,medium,6,branch,pathseal,52,"['input', 'alias', 'ctx']",3,13,0,0,True,4.0,0
medium-019,medium,6,branch,call-context,52,"['ctx', 'sp', 'stk0', 'stk1']",4,6,28,208,False,8.666666666666666,22
medium-019,medium,6,branch,security-surface,52,"['input', 'taint', 'san', 'alias']",4,11,8,32,False,4.7272727272727275,4
medium-019,medium,6,branch,syntax-only,52,[],0,1,48,1248,False,52.0,146
medium-019,medium,7,return,exact-state,52,"['input', 'taint', 'san', 'alias', 'guard', 'mode', 'ctx', 'tmp', 'flag', 'sp', 'stk0', 'stk1', 'aux0', 'dead0']",14,52,0,0,True,1.0,0
medium-019,medium,7,return,support,52,"['ctx', 'tmp', 'sp', 'stk0', 'stk1', 'aux0']",6,12,0,0,True,4.333333333333333,0
medium-019,medium,7,return,pathseal,52,"['input', 'alias', 'ctx']",3,13,0,0,True,4.0,0
medium-019,medium,7,return,call-context,52,"['ctx', 'sp', 'stk0', 'stk1']",4,6,16,112,False,8.666666666666666,10
medium-019,medium,7,return,security-surface,52,"['input', 'taint', 'san', 'alias']",4,11,8,32,False,4.7272727272727275,4
medium-019,medium,7,return,syntax-only,52,[],0,1,48,1008,False,52.0,114
medium-019,medium,8,sink,exact-state,28,"['input', 'taint', 'san', 'alias', 'guard', 'mode', 'ctx', 'tmp', 'flag', 'sp', 'stk0', 'stk1', 'aux0', 'dead0']",14,28,0,0,True,1.0,0
medium-019,medium,8,sink,support,28,"['taint', 'alias', 'mode', 'ctx', 'sp']",5,7,0,0,True,4.0,0
medium-019,medium,8,sink,pathseal,28,"['tmp', 'aux0']",2,7,0,0,True,4.0,0
medium-019,medium,8,sink,call-context,28,"['ctx', 'sp', 'stk0', 'stk1']",4,3,16,112,False,9.333333333333334,10
medium-019,medium,8,sink,security-surface,28,"['input', 'taint', 'san', 'alias']",4,7,0,0,True,4.0,0
medium-019,medium,8,sink,syntax-only,28,[],0,1,24,336,False,28.0,38
medium-020,medium,0,source,exact-state,96,"['input', 'taint', 'san', 'alias', 'guard', 'mode', 'ctx', 'tmp', 'flag', 'sp', 'stk0', 'stk1', 'aux0', 'dead0']",14,96,0,0,True,1.0,0
medium-020,medium,0,source,support,96,"['input', 'alias', 'ctx', 'flag', 'sp', 'stk0', 'stk1', 'aux0']",8,24,0,0,True,4.0,0
medium-020,medium,0,source,pathseal,96,"['alias', 'ctx', 'aux0']",3,24,0,0,True,4.0,0
medium-020,medium,0,source,call-context,96,"['ctx', 'sp', 'stk0', 'stk1']",4,4,80,1008,False,24.0,98
medium-020,medium,0,source,security-surface,96,"['input', 'taint', 'san', 'alias']",4,12,48,288,False,8.0,24
medium-020,medium,0,source,syntax-only,96,[],0,1,92,4416,False,96.0,292
medium-020,medium,1,propagate,exact-state,96,"['input', 'taint', 'san', 'alias', 'guard', 'mode', 'ctx', 'tmp', 'flag', 'sp', 'stk0', 'stk1', 'aux0', 'dead0']",14,96,0,0,True,1.0,0
medium-020,medium,1,propagate,support,96,"['taint', 'alias', 'mode', 'ctx', 'tmp', 'flag', 'aux0']",7,24,0,0,True,4.0,0
medium-020,medium,1,propagate,pathseal,96,"['alias', 'ctx', 'aux0']",3,24,0,0,True,4.0,0
medium-020,medium,1,propagate,call-context,96,"['ctx', 'sp', 'stk0', 'stk1']",4,4,80,1008,False,24.0,98
medium-020,medium,1,propagate,security-surface,96,"['input', 'taint', 'san', 'alias']",4,18,24,112,False,5.333333333333333,8
medium-020,medium,1,propagate,syntax-only,96,[],0,1,92,4416,False,96.0,292
medium-020,medium,2,helper,exact-state,96,"['input', 'taint', 'san', 'alias', 'guard', 'mode', 'ctx', 'tmp', 'flag', 'sp', 'stk0', 'stk1', 'aux0', 'dead0']",14,96,0,0,True,1.0,0
medium-020,medium,2,helper,support,96,"['input', 'alias', 'guard', 'mode', 'ctx', 'aux0']",6,24,0,0,True,4.0,0
medium-020,medium,2,helper,pathseal,96,"['alias', 'mode', 'ctx', 'aux0']",4,24,0,0,True,4.0,0
medium-020,medium,2,helper,call-context,96,"['ctx', 'sp', 'stk0', 'stk1']",4,4,80,1008,False,24.0,100
medium-020,medium,2,helper,security-surface,96,"['input', 'taint', 'san', 'alias']",4,19,20,80,False,5.052631578947368,10
medium-020,medium,2,helper,syntax-only,96,[],0,1,92,4416,False,96.0,296
medium-020,medium,3,nested-call,exact-state,96,"['input', 'taint', 'san', 'alias', 'guard', 'mode', 'ctx', 'tmp', 'flag', 'sp', 'stk0', 'stk1', 'aux0', 'dead0']",14,96,0,0,True,1.0,0
medium-020,medium,3,nested-call,support,96,"['input', 'taint', 'san', 'alias', 'ctx', 'sp', 'stk0', 'stk1', 'aux0']",9,24,0,0,True,4.0,0
medium-020,medium,3,nested-call,pathseal,96,"['input', 'alias', 'mode', 'ctx']",4,24,0,0,True,4.0,0
medium-020,medium,3,nested-call,call-context,96,"['ctx', 'sp', 'stk0', 'stk1']",4,8,64,416,False,12.0,44
medium-020,medium,3,nested-call,security-surface,96,"['input', 'taint', 'san', 'alias']",4,19,20,80,False,5.052631578947368,10
medium-020,medium,3,nested-call,syntax-only,96,[],0,1,92,4416,False,96.0,336
medium-020,medium,4,nested-return,exact-state,96,"['input', 'taint', 'san', 'alias', 'guard', 'mode', 'ctx', 'tmp', 'flag', 'sp', 'stk0', 'stk1', 'aux0', 'dead0']",14,96,0,0,True,1.0,0
medium-020,medium,4,nested-return,support,96,"['input', 'san', 'alias', 'ctx', 'flag', 'sp', 'stk0', 'stk1', 'aux0']",9,24,0,0,True,4.0,0
medium-020,medium,4,nested-return,pathseal,96,"['input', 'taint', 'san', 'alias']",4,19,0,0,True,5.052631578947368,0
medium-020,medium,4,nested-return,call-context,96,"['ctx', 'sp', 'stk0', 'stk1']",4,17,16,64,False,5.647058823529412,8
medium-020,medium,4,nested-return,security-surface,96,"['input', 'taint', 'san', 'alias']",4,19,0,0,True,5.052631578947368,0
medium-020,medium,4,nested-return,syntax-only,96,[],0,1,92,2944,False,96.0,280
medium-020,medium,5,sanitize,exact-state,40,"['input', 'taint', 'san', 'alias', 'guard', 'mode', 'ctx', 'tmp', 'flag', 'sp', 'stk0', 'stk1', 'aux0', 'dead0']",14,40,0,0,True,1.0,0
medium-020,medium,5,sanitize,support,40,"['taint', 'san', 'alias', 'mode']",4,9,0,0,True,4.444444444444445,0
medium-020,medium,5,sanitize,pathseal,40,"['input', 'san', 'alias']",3,9,0,0,True,4.444444444444445,0
medium-020,medium,5,sanitize,call-context,40,"['ctx', 'sp', 'stk0', 'stk1']",4,6,16,80,False,6.666666666666667,10
medium-020,medium,5,sanitize,security-surface,40,"['input', 'taint', 'san', 'alias']",4,9,0,0,True,4.444444444444445,0
medium-020,medium,5,sanitize,syntax-only,40,[],0,1,36,704,False,40.0,72
medium-020,medium,6,branch,exact-state,40,"['input', 'taint', 'san', 'alias', 'guard', 'mode', 'ctx', 'tmp', 'flag', 'sp', 'stk0', 'stk1', 'aux0', 'dead0']",14,40,0,0,True,1.0,0
medium-020,medium,6,branch,support,40,"['taint', 'alias', 'guard', 'mode']",4,8,0,0,True,5.0,0
medium-020,medium,6,branch,pathseal,40,"['alias', 'mode']",2,8,0,0,True,5.0,0
medium-020,medium,6,branch,call-context,40,"['ctx', 'sp', 'stk0', 'stk1']",4,6,16,80,False,6.666666666666667,10
medium-020,medium,6,branch,security-surface,40,"['input', 'taint', 'san', 'alias']",4,9,0,0,True,4.444444444444445,0
medium-020,medium,6,branch,syntax-only,40,[],0,1,36,624,False,40.0,68
medium-020,medium,7,return,exact-state,28,"['input', 'taint', 'san', 'alias', 'guard', 'mode', 'ctx', 'tmp', 'flag', 'sp', 'stk0', 'stk1', 'aux0', 'dead0']",14,28,0,0,True,1.0,0
medium-020,medium,7,return,support,28,"['taint', 'ctx', 'sp', 'stk0', 'stk1']",5,7,0,0,True,4.0,0
medium-020,medium,7,return,pathseal,28,"['taint', 'guard']",2,4,0,0,True,7.0,0
medium-020,medium,7,return,call-context,28,"['ctx', 'sp', 'stk0', 'stk1']",4,5,0,0,True,5.6,0
medium-020,medium,7,return,security-surface,28,"['input', 'taint', 'san', 'alias']",4,6,0,0,True,4.666666666666667,0
medium-020,medium,7,return,syntax-only,28,[],0,1,24,176,False,28.0,22
medium-020,medium,8,sink,exact-state,8,"['input', 'taint', 'san', 'alias', 'guard', 'mode', 'ctx', 'tmp', 'flag', 'sp', 'stk0', 'stk1', 'aux0', 'dead0']",14,8,0,0,True,1.0,0
medium-020,medium,8,sink,support,8,"['taint', 'alias', 'mode', 'ctx', 'sp']",5,2,0,0,True,4.0,0
medium-020,medium,8,sink,pathseal,8,['taint'],1,2,0,0,True,4.0,0
medium-020,medium,8,sink,call-context,8,"['ctx', 'sp', 'stk0', 'stk1']",4,2,0,0,True,4.0,0
medium-020,medium,8,sink,security-surface,8,"['input', 'taint', 'san', 'alias']",4,2,0,0,True,4.0,0
medium-020,medium,8,sink,syntax-only,8,[],0,1,4,16,False,8.0,2
medium-021,medium,0,source,exact-state,96,"['input', 'taint', 'san', 'alias', 'guard', 'mode', 'ctx', 'tmp', 'flag', 'sp', 'stk0', 'stk1', 'aux0', 'dead0']",14,96,0,0,True,1.0,0
medium-021,medium,0,source,support,96,"['input', 'mode', 'ctx', 'flag', 'sp', 'stk0', 'stk1', 'aux0']",8,24,0,0,True,4.0,0
medium-021,medium,0,source,pathseal,96,"['mode', 'ctx', 'flag', 'aux0']",4,24,0,0,True,4.0,0
medium-021,medium,0,source,call-context,96,"['ctx', 'sp', 'stk0', 'stk1']",4,4,80,976,False,24.0,92
medium-021,medium,0,source,security-surface,96,"['input', 'taint', 'san', 'alias']",4,14,40,208,False,6.857142857142857,14
medium-021,medium,0,source,syntax-only,96,[],0,1,92,4416,False,96.0,292
medium-021,medium,1,propagate,exact-state,96,"['input', 'taint', 'san', 'alias', 'guard', 'mode', 'ctx', 'tmp', 'flag', 'sp', 'stk0', 'stk1', 'aux0', 'dead0']",14,96,0,0,True,1.0,0
medium-021,medium,1,propagate,support,96,"['taint', 'alias', 'mode', 'ctx', 'tmp', 'flag', 'aux0']",7,24,0,0,True,4.0,0
medium-021,medium,1,propagate,pathseal,96,"['mode', 'ctx', 'flag', 'aux0']",4,24,0,0,True,4.0,0
medium-021,medium,1,propagate,call-context,96,"['ctx', 'sp', 'stk0', 'stk1']",4,4,80,976,False,24.0,92
medium-021,medium,1,propagate,security-surface,96,"['input', 'taint', 'san', 'alias']",4,14,40,208,False,6.857142857142857,14
medium-021,medium,1,propagate,syntax-only,96,[],0,1,92,4416,False,96.0,292
medium-021,medium,2,helper,exact-state,96,"['input', 'taint', 'san', 'alias', 'guard', 'mode', 'ctx', 'tmp', 'flag', 'sp', 'stk0', 'stk1', 'aux0', 'dead0']",14,96,0,0,True,1.0,0
medium-021,medium,2,helper,support,96,"['san', 'guard', 'mode', 'ctx', 'tmp', 'aux0']",6,24,0,0,True,4.0,0
medium-021,medium,2,helper,pathseal,96,"['mode', 'ctx', 'flag', 'aux0']",4,24,0,0,True,4.0,0
medium-021,medium,2,helper,call-context,96,"['ctx', 'sp', 'stk0', 'stk1']",4,4,80,976,False,24.0,92
medium-021,medium,2,helper,security-surface,96,"['input', 'taint', 'san', 'alias']",4,12,48,288,False,8.0,26
medium-021,medium,2,helper,syntax-only,96,[],0,1,92,4416,False,96.0,316
medium-021,medium,3,nested-call,exact-state,96,"['input', 'taint', 'san', 'alias', 'guard', 'mode', 'ctx', 'tmp', 'flag', 'sp', 'stk0', 'stk1', 'aux0', 'dead0']",14,96,0,0,True,1.0,0
medium-021,medium,3,nested-call,support,96,"['input', 'alias', 'mode', 'ctx', 'sp', 'stk0', 'stk1', 'aux0']",8,24,0,0,True,4.0,0
medium-021,medium,3,nested-call,pathseal,96,"['san', 'mode', 'ctx', 'tmp']",4,24,0,0,True,4.0,0
medium-021,medium,3,nested-call,call-context,96,"['ctx', 'sp', 'stk0', 'stk1']",4,8,64,544,False,12.0,48
medium-021,medium,3,nested-call,security-surface,96,"['input', 'taint', 'san', 'alias']",4,12,48,288,False,8.0,32
medium-021,medium,3,nested-call,syntax-only,96,[],0,1,92,4416,False,96.0,356
medium-021,medium,4,nested-return,exact-state,96,"['input', 'taint', 'san', 'alias', 'guard', 'mode', 'ctx', 'tmp', 'flag', 'sp', 'stk0', 'stk1', 'aux0', 'dead0']",14,96,0,0,True,1.0,0
medium-021,medium,4,nested-return,support,96,"['san', 'mode', 'ctx', 'tmp', 'flag', 'sp', 'stk0', 'stk1', 'aux0']",9,24,0,0,True,4.0,0
medium-021,medium,4,nested-return,pathseal,96,"['input', 'alias', 'mode', 'stk0']",4,23,0,0,True,4.173913043478261,0
medium-021,medium,4,nested-return,call-context,96,"['ctx', 'sp', 'stk0', 'stk1']",4,17,28,128,False,5.647058823529412,16
medium-021,medium,4,nested-return,security-surface,96,"['input', 'taint', 'san', 'alias']",4,12,28,208,False,8.0,22
medium-021,medium,4,nested-return,syntax-only,96,[],0,1,92,3536,False,96.0,340
medium-021,medium,5,sanitize,exact-state,52,"['input', 'taint', 'san', 'alias', 'guard', 'mode', 'ctx', 'tmp', 'flag', 'sp', 'stk0', 'stk1', 'aux0', 'dead0']",14,52,0,0,True,1.0,0
medium-021,medium,5,sanitize,support,52,"['taint', 'san', 'mode', 'tmp']",4,13,0,0,True,4.0,0
medium-021,medium,5,sanitize,pathseal,52,"['san', 'mode', 'tmp']",3,13,0,0,True,4.0,0
medium-021,medium,5,sanitize,call-context,52,"['ctx', 'sp', 'stk0', 'stk1']",4,6,28,160,False,8.666666666666666,18
medium-021,medium,5,sanitize,security-surface,52,"['input', 'taint', 'san', 'alias']",4,9,16,64,False,5.777777777777778,8
medium-021,medium,5,sanitize,syntax-only,52,[],0,1,48,1248,False,52.0,116
medium-021,medium,6,branch,exact-state,52,"['input', 'taint', 'san', 'alias', 'guard', 'mode', 'ctx', 'tmp', 'flag', 'sp', 'stk0', 'stk1', 'aux0', 'dead0']",14,52,0,0,True,1.0,0
medium-021,medium,6,branch,support,52,"['input', 'taint', 'alias', 'guard', 'mode', 'tmp']",6,13,0,0,True,4.0,0
medium-021,medium,6,branch,pathseal,52,"['san', 'mode', 'tmp']",3,13,0,0,True,4.0,0
medium-021,medium,6,branch,call-context,52,"['ctx', 'sp', 'stk0', 'stk1']",4,6,28,160,False,8.666666666666666,18
medium-021,medium,6,branch,security-surface,52,"['input', 'taint', 'san', 'alias']",4,9,16,64,False,5.777777777777778,8
medium-021,medium,6,branch,syntax-only,52,[],0,1,48,1248,False,52.0,122
medium-021,medium,7,return,exact-state,48,"['input', 'taint', 'san', 'alias', 'guard', 'mode', 'ctx', 'tmp', 'flag', 'sp', 'stk0', 'stk1', 'aux0', 'dead0']",14,48,0,0,True,1.0,0
medium-021,medium,7,return,support,48,"['alias', 'mode', 'ctx', 'sp', 'stk0', 'stk1']",6,12,0,0,True,4.0,0
medium-021,medium,7,return,pathseal,48,"['input', 'mode', 'tmp']",3,12,0,0,True,4.0,0
medium-021,medium,7,return,call-context,48,"['ctx', 'sp', 'stk0', 'stk1']",4,6,16,112,False,8.0,14
medium-021,medium,7,return,security-surface,48,"['input', 'taint', 'san', 'alias']",4,9,12,48,False,5.333333333333333,6
medium-021,medium,7,return,syntax-only,48,[],0,1,44,896,False,48.0,104
medium-021,medium,8,sink,exact-state,28,"['input', 'taint', 'san', 'alias', 'guard', 'mode', 'ctx', 'tmp', 'flag', 'sp', 'stk0', 'stk1', 'aux0', 'dead0']",14,28,0,0,True,1.0,0
medium-021,medium,8,sink,support,28,"['taint', 'alias', 'mode', 'ctx', 'sp']",5,7,0,0,True,4.0,0
medium-021,medium,8,sink,pathseal,28,"['alias', 'mode']",2,7,0,0,True,4.0,0
medium-021,medium,8,sink,call-context,28,"['ctx', 'sp', 'stk0', 'stk1']",4,3,16,112,False,9.333333333333334,14
medium-021,medium,8,sink,security-surface,28,"['input', 'taint', 'san', 'alias']",4,5,8,32,False,5.6,4
medium-021,medium,8,sink,syntax-only,28,[],0,1,24,336,False,28.0,42
medium-022,medium,0,source,exact-state,96,"['input', 'taint', 'san', 'alias', 'guard', 'mode', 'ctx', 'tmp', 'flag', 'sp', 'stk0', 'stk1', 'aux0', 'dead0']",14,96,0,0,True,1.0,0
medium-022,medium,0,source,support,96,"['input', 'alias', 'guard', 'ctx', 'flag', 'sp', 'stk0', 'stk1', 'aux0']",9,24,0,0,True,4.0,0
medium-022,medium,0,source,pathseal,96,"['input', 'alias', 'guard', 'ctx', 'aux0']",5,24,0,0,True,4.0,0
medium-022,medium,0,source,call-context,96,"['ctx', 'sp', 'stk0', 'stk1']",4,4,80,1072,False,24.0,104
medium-022,medium,0,source,security-surface,96,"['input', 'taint', 'san', 'alias']",4,13,44,224,False,7.384615384615385,24
medium-022,medium,0,source,syntax-only,96,[],0,1,92,4416,False,96.0,308
medium-022,medium,1,propagate,exact-state,96,"['input', 'taint', 'san', 'alias', 'guard', 'mode', 'ctx', 'tmp', 'flag', 'sp', 'stk0', 'stk1', 'aux0', 'dead0']",14,96,0,0,True,1.0,0
medium-022,medium,1,propagate,support,96,"['taint', 'alias', 'guard', 'mode', 'ctx', 'tmp', 'flag', 'aux0']",8,24,0,0,True,4.0,0
medium-022,medium,1,propagate,pathseal,96,"['input', 'alias', 'guard', 'ctx', 'aux0']",5,24,0,0,True,4.0,0
medium-022,medium,1,propagate,call-context,96,"['ctx', 'sp', 'stk0', 'stk1']",4,4,80,1072,False,24.0,104
medium-022,medium,1,propagate,security-surface,96,"['input', 'taint', 'san', 'alias']",4,16,32,144,False,6.0,14
medium-022,medium,1,propagate,syntax-only,96,[],0,1,92,4416,False,96.0,308
medium-022,medium,2,helper,exact-state,96,"['input', 'taint', 'san', 'alias', 'guard', 'mode', 'ctx', 'tmp', 'flag', 'sp', 'stk0', 'stk1', 'aux0', 'dead0']",14,96,0,0,True,1.0,0
medium-022,medium,2,helper,support,96,"['taint', 'guard', 'mode', 'ctx', 'aux0']",5,24,0,0,True,4.0,0
medium-022,medium,2,helper,pathseal,96,"['taint', 'guard', 'mode', 'ctx', 'aux0']",5,24,0,0,True,4.0,0
medium-022,medium,2,helper,call-context,96,"['ctx', 'sp', 'stk0', 'stk1']",4,4,80,1072,False,24.0,104
medium-022,medium,2,helper,security-surface,96,"['input', 'taint', 'san', 'alias']",4,14,40,176,False,6.857142857142857,18
medium-022,medium,2,helper,syntax-only,96,[],0,1,92,4416,False,96.0,320
medium-022,medium,3,nested-call,exact-state,96,"['input', 'taint', 'san', 'alias', 'guard', 'mode', 'ctx', 'tmp', 'flag', 'sp', 'stk0', 'stk1', 'aux0', 'dead0']",14,96,0,0,True,1.0,0
medium-022,medium,3,nested-call,support,96,"['input', 'taint', 'mode', 'ctx', 'sp', 'stk0', 'stk1', 'aux0']",8,24,0,0,True,4.0,0
medium-022,medium,3,nested-call,pathseal,96,"['taint', 'mode', 'ctx', 'aux0']",4,24,0,0,True,4.0,0
medium-022,medium,3,nested-call,call-context,96,"['ctx', 'sp', 'stk0', 'stk1']",4,8,64,512,False,12.0,52
medium-022,medium,3,nested-call,security-surface,96,"['input', 'taint', 'san', 'alias']",4,14,40,176,False,6.857142857142857,20
medium-022,medium,3,nested-call,syntax-only,96,[],0,1,92,4416,False,96.0,340
medium-022,medium,4,nested-return,exact-state,96,"['input', 'taint', 'san', 'alias', 'guard', 'mode', 'ctx', 'tmp', 'flag', 'sp', 'stk0', 'stk1', 'aux0', 'dead0']",14,96,0,0,True,1.0,0
medium-022,medium,4,nested-return,support,96,"['input', 'mode', 'ctx', 'flag', 'sp', 'stk0', 'stk1', 'aux0']",8,24,0,0,True,4.0,0
medium-022,medium,4,nested-return,pathseal,96,"['input', 'taint', 'mode', 'ctx']",4,21,0,0,True,4.571428571428571,0
medium-022,medium,4,nested-return,call-context,96,"['ctx', 'sp', 'stk0', 'stk1']",4,17,24,96,False,5.647058823529412,12
medium-022,medium,4,nested-return,security-surface,96,"['input', 'taint', 'san', 'alias']",4,14,20,80,False,6.857142857142857,10
medium-022,medium,4,nested-return,syntax-only,96,[],0,1,92,3360,False,96.0,316
medium-022,medium,5,sanitize,exact-state,48,"['input', 'taint', 'san', 'alias', 'guard', 'mode', 'ctx', 'tmp', 'flag', 'sp', 'stk0', 'stk1', 'aux0', 'dead0']",14,48,0,0,True,1.0,0
medium-022,medium,5,sanitize,support,48,"['input', 'taint', 'san', 'mode', 'ctx']",5,12,0,0,True,4.0,0
medium-022,medium,5,sanitize,pathseal,48,"['input', 'mode', 'ctx']",3,12,0,0,True,4.0,0
medium-022,medium,5,sanitize,call-context,48,"['ctx', 'sp', 'stk0', 'stk1']",4,8,16,64,False,6.0,8
medium-022,medium,5,sanitize,security-surface,48,"['input', 'taint', 'san', 'alias']",4,7,20,80,False,6.857142857142857,10
medium-022,medium,5,sanitize,syntax-only,48,[],0,1,44,1056,False,48.0,104
medium-022,medium,6,branch,exact-state,48,"['input', 'taint', 'san', 'alias', 'guard', 'mode', 'ctx', 'tmp', 'flag', 'sp', 'stk0', 'stk1', 'aux0', 'dead0']",14,48,0,0,True,1.0,0
medium-022,medium,6,branch,support,48,"['input', 'taint', 'alias', 'guard', 'mode', 'ctx']",6,12,0,0,True,4.0,0
medium-022,medium,6,branch,pathseal,48,"['input', 'mode', 'ctx']",3,12,0,0,True,4.0,0
medium-022,medium,6,branch,call-context,48,"['ctx', 'sp', 'stk0', 'stk1']",4,8,16,64,False,6.0,8
medium-022,medium,6,branch,security-surface,48,"['input', 'taint', 'san', 'alias']",4,7,20,80,False,6.857142857142857,10
medium-022,medium,6,branch,syntax-only,48,[],0,1,44,1056,False,48.0,112
medium-022,medium,7,return,exact-state,44,"['input', 'taint', 'san', 'alias', 'guard', 'mode', 'ctx', 'tmp', 'flag', 'sp', 'stk0', 'stk1', 'aux0', 'dead0']",14,44,0,0,True,1.0,0
medium-022,medium,7,return,support,44,"['alias', 'ctx', 'sp', 'stk0', 'stk1']",5,11,0,0,True,4.0,0
medium-022,medium,7,return,pathseal,44,"['input', 'mode', 'ctx']",3,11,0,0,True,4.0,0
medium-022,medium,7,return,call-context,44,"['ctx', 'sp', 'stk0', 'stk1']",4,8,12,48,False,5.5,6
medium-022,medium,7,return,security-surface,44,"['input', 'taint', 'san', 'alias']",4,7,12,48,False,6.285714285714286,6
medium-022,medium,7,return,syntax-only,44,[],0,1,40,784,False,44.0,84
medium-022,medium,8,sink,exact-state,28,"['input', 'taint', 'san', 'alias', 'guard', 'mode', 'ctx', 'tmp', 'flag', 'sp', 'stk0', 'stk1', 'aux0', 'dead0']",14,28,0,0,True,1.0,0
medium-022,medium,8,sink,support,28,"['taint', 'alias', 'mode', 'ctx', 'sp']",5,7,0,0,True,4.0,0
medium-022,medium,8,sink,pathseal,28,"['alias', 'ctx']",2,7,0,0,True,4.0,0
medium-022,medium,8,sink,call-context,28,"['ctx', 'sp', 'stk0', 'stk1']",4,4,12,48,False,7.0,6
medium-022,medium,8,sink,security-surface,28,"['input', 'taint', 'san', 'alias']",4,5,8,32,False,5.6,4
medium-022,medium,8,sink,syntax-only,28,[],0,1,24,336,False,28.0,38
medium-023,medium,0,source,exact-state,96,"['input', 'taint', 'san', 'alias', 'guard', 'mode', 'ctx', 'tmp', 'flag', 'sp', 'stk0', 'stk1', 'aux0', 'dead0']",14,96,0,0,True,1.0,0
medium-023,medium,0,source,support,96,"['input', 'san', 'mode', 'ctx', 'sp', 'stk0', 'stk1', 'aux0']",8,24,0,0,True,4.0,0
medium-023,medium,0,source,pathseal,96,"['san', 'mode', 'ctx', 'aux0']",4,24,0,0,True,4.0,0
medium-023,medium,0,source,call-context,96,"['ctx', 'sp', 'stk0', 'stk1']",4,4,80,1136,False,24.0,112
medium-023,medium,0,source,security-surface,96,"['input', 'taint', 'san', 'alias']",4,11,52,320,False,8.727272727272727,22
medium-023,medium,0,source,syntax-only,96,[],0,1,92,4416,False,96.0,292
medium-023,medium,1,propagate,exact-state,96,"['input', 'taint', 'san', 'alias', 'guard', 'mode', 'ctx', 'tmp', 'flag', 'sp', 'stk0', 'stk1', 'aux0', 'dead0']",14,96,0,0,True,1.0,0
medium-023,medium,1,propagate,support,96,"['taint', 'san', 'alias', 'mode', 'ctx', 'tmp', 'flag', 'aux0']",8,24,0,0,True,4.0,0
medium-023,medium,1,propagate,pathseal,96,"['san', 'mode', 'ctx', 'aux0']",4,24,0,0,True,4.0,0
medium-023,medium,1,propagate,call-context,96,"['ctx', 'sp', 'stk0', 'stk1']",4,4,80,1136,False,24.0,112
medium-023,medium,1,propagate,security-surface,96,"['input', 'taint', 'san', 'alias']",4,11,52,320,False,8.727272727272727,22
medium-023,medium,1,propagate,syntax-only,96,[],0,1,92,4416,False,96.0,292
medium-023,medium,2,helper,exact-state,96,"['input', 'taint', 'san', 'alias', 'guard', 'mode', 'ctx', 'tmp', 'flag', 'sp', 'stk0', 'stk1', 'aux0', 'dead0']",14,96,0,0,True,1.0,0
medium-023,medium,2,helper,support,96,"['san', 'guard', 'mode', 'ctx', 'tmp', 'aux0']",6,24,0,0,True,4.0,0
medium-023,medium,2,helper,pathseal,96,"['san', 'mode', 'ctx', 'aux0']",4,24,0,0,True,4.0,0
medium-023,medium,2,helper,call-context,96,"['ctx', 'sp', 'stk0', 'stk1']",4,4,80,1136,False,24.0,116
medium-023,medium,2,helper,security-surface,96,"['input', 'taint', 'san', 'alias']",4,10,56,384,False,9.6,30
medium-023,medium,2,helper,syntax-only,96,[],0,1,92,4416,False,96.0,308
medium-023,medium,3,nested-call,exact-state,96,"['input', 'taint', 'san', 'alias', 'guard', 'mode', 'ctx', 'tmp', 'flag', 'sp', 'stk0', 'stk1', 'aux0', 'dead0']",14,96,0,0,True,1.0,0
medium-023,medium,3,nested-call,support,96,"['input', 'alias', 'ctx', 'sp', 'stk0', 'stk1', 'aux0']",7,24,0,0,True,4.0,0
medium-023,medium,3,nested-call,pathseal,96,"['san', 'mode', 'ctx', 'tmp']",4,24,0,0,True,4.0,0
medium-023,medium,3,nested-call,call-context,96,"['ctx', 'sp', 'stk0', 'stk1']",4,8,64,576,False,12.0,62
medium-023,medium,3,nested-call,security-surface,96,"['input', 'taint', 'san', 'alias']",4,10,56,384,False,9.6,28
medium-023,medium,3,nested-call,syntax-only,96,[],0,1,92,4416,False,96.0,348
medium-023,medium,4,nested-return,exact-state,96,"['input', 'taint', 'san', 'alias', 'guard', 'mode', 'ctx', 'tmp', 'flag', 'sp', 'stk0', 'stk1', 'aux0', 'dead0']",14,96,0,0,True,1.0,0
medium-023,medium,4,nested-return,support,96,"['san', 'mode', 'ctx', 'flag', 'sp', 'stk0', 'stk1', 'aux0']",8,24,0,0,True,4.0,0
medium-023,medium,4,nested-return,pathseal,96,"['input', 'alias', 'stk0', 'stk1']",4,23,0,0,True,4.173913043478261,0
medium-023,medium,4,nested-return,call-context,96,"['ctx', 'sp', 'stk0', 'stk1']",4,18,20,80,False,5.333333333333333,10
medium-023,medium,4,nested-return,security-surface,96,"['input', 'taint', 'san', 'alias']",4,10,36,224,False,9.6,24
medium-023,medium,4,nested-return,syntax-only,96,[],0,1,92,3536,False,96.0,332
medium-023,medium,5,sanitize,exact-state,52,"['input', 'taint', 'san', 'alias', 'guard', 'mode', 'ctx', 'tmp', 'flag', 'sp', 'stk0', 'stk1', 'aux0', 'dead0']",14,52,0,0,True,1.0,0
medium-023,medium,5,sanitize,support,52,"['taint', 'san', 'mode', 'stk0']",4,13,0,0,True,4.0,0
medium-023,medium,5,sanitize,pathseal,52,"['san', 'mode', 'stk0']",3,13,0,0,True,4.0,0
medium-023,medium,5,sanitize,call-context,52,"['ctx', 'sp', 'stk0', 'stk1']",4,6,28,160,False,8.666666666666666,16
medium-023,medium,5,sanitize,security-surface,52,"['input', 'taint', 'san', 'alias']",4,8,20,128,False,6.5,12
medium-023,medium,5,sanitize,syntax-only,52,[],0,1,48,1248,False,52.0,116
medium-023,medium,6,branch,exact-state,52,"['input', 'taint', 'san', 'alias', 'guard', 'mode', 'ctx', 'tmp', 'flag', 'sp', 'stk0', 'stk1', 'aux0', 'dead0']",14,52,0,0,True,1.0,0
medium-023,medium,6,branch,support,52,"['input', 'taint', 'alias', 'guard', 'mode', 'tmp', 'stk0']",7,13,0,0,True,4.0,0
medium-023,medium,6,branch,pathseal,52,"['san', 'mode', 'stk0']",3,13,0,0,True,4.0,0
medium-023,medium,6,branch,call-context,52,"['ctx', 'sp', 'stk0', 'stk1']",4,6,28,160,False,8.666666666666666,16
medium-023,medium,6,branch,security-surface,52,"['input', 'taint', 'san', 'alias']",4,8,20,128,False,6.5,12
medium-023,medium,6,branch,syntax-only,52,[],0,1,48,1248,False,52.0,118
medium-023,medium,7,return,exact-state,48,"['input', 'taint', 'san', 'alias', 'guard', 'mode', 'ctx', 'tmp', 'flag', 'sp', 'stk0', 'stk1', 'aux0', 'dead0']",14,48,0,0,True,1.0,0
medium-023,medium,7,return,support,48,"['alias', 'mode', 'ctx', 'sp', 'stk0', 'stk1']",6,11,0,0,True,4.363636363636363,0
medium-023,medium,7,return,pathseal,48,"['input', 'tmp', 'stk0']",3,12,0,0,True,4.0,0
medium-023,medium,7,return,call-context,48,"['ctx', 'sp', 'stk0', 'stk1']",4,6,16,112,False,8.0,14
medium-023,medium,7,return,security-surface,48,"['input', 'taint', 'san', 'alias']",4,7,20,128,False,6.857142857142857,12
medium-023,medium,7,return,syntax-only,48,[],0,1,44,992,False,48.0,100
medium-023,medium,8,sink,exact-state,36,"['input', 'taint', 'san', 'alias', 'guard', 'mode', 'ctx', 'tmp', 'flag', 'sp', 'stk0', 'stk1', 'aux0', 'dead0']",14,36,0,0,True,1.0,0
medium-023,medium,8,sink,support,36,"['taint', 'alias', 'mode', 'ctx', 'sp']",5,8,0,0,True,4.5,0
medium-023,medium,8,sink,pathseal,36,"['alias', 'mode']",2,8,0,0,True,4.5,0
medium-023,medium,8,sink,call-context,36,"['ctx', 'sp', 'stk0', 'stk1']",4,4,16,112,False,9.0,14
medium-023,medium,8,sink,security-surface,36,"['input', 'taint', 'san', 'alias']",4,6,12,64,False,6.0,6
medium-023,medium,8,sink,syntax-only,36,[],0,1,32,560,False,36.0,52
medium-024,medium,0,source,exact-state,96,"['input', 'taint', 'san', 'alias', 'guard', 'mode', 'ctx', 'tmp', 'flag', 'sp', 'stk0', 'stk1', 'aux0', 'dead0']",14,96,0,0,True,1.0,0
medium-024,medium,0,source,support,96,"['input', 'alias', 'ctx', 'flag', 'sp', 'stk0', 'stk1', 'aux0']",8,24,0,0,True,4.0,0
medium-024,medium,0,source,pathseal,96,"['input', 'alias', 'ctx', 'aux0']",4,24,0,0,True,4.0,0
medium-024,medium,0,source,call-context,96,"['ctx', 'sp', 'stk0', 'stk1']",4,4,80,1072,False,24.0,100
medium-024,medium,0,source,security-surface,96,"['input', 'taint', 'san', 'alias']",4,14,40,192,False,6.857142857142857,16
medium-024,medium,0,source,syntax-only,96,[],0,1,92,4416,False,96.0,284
medium-024,medium,1,propagate,exact-state,96,"['input', 'taint', 'san', 'alias', 'guard', 'mode', 'ctx', 'tmp', 'flag', 'sp', 'stk0', 'stk1', 'aux0', 'dead0']",14,96,0,0,True,1.0,0
medium-024,medium,1,propagate,support,96,"['input', 'taint', 'alias', 'mode', 'ctx', 'tmp', 'flag', 'aux0']",8,24,0,0,True,4.0,0
medium-024,medium,1,propagate,pathseal,96,"['input', 'alias', 'ctx', 'aux0']",4,24,0,0,True,4.0,0
medium-024,medium,1,propagate,call-context,96,"['ctx', 'sp', 'stk0', 'stk1']",4,4,80,1072,False,24.0,100
medium-024,medium,1,propagate,security-surface,96,"['input', 'taint', 'san', 'alias']",4,18,24,96,False,5.333333333333333,10
medium-024,medium,1,propagate,syntax-only,96,[],0,1,92,4416,False,96.0,284
medium-024,medium,2,helper,exact-state,96,"['input', 'taint', 'san', 'alias', 'guard', 'mode', 'ctx', 'tmp', 'flag', 'sp', 'stk0', 'stk1', 'aux0', 'dead0']",14,96,0,0,True,1.0,0
medium-024,medium,2,helper,support,96,"['guard', 'mode', 'ctx', 'tmp', 'aux0']",5,24,0,0,True,4.0,0
medium-024,medium,2,helper,pathseal,96,"['input', 'mode', 'ctx', 'aux0']",4,24,0,0,True,4.0,0
medium-024,medium,2,helper,call-context,96,"['ctx', 'sp', 'stk0', 'stk1']",4,4,80,1072,False,24.0,94
medium-024,medium,2,helper,security-surface,96,"['input', 'taint', 'san', 'alias']",4,16,28,144,False,6.0,12
medium-024,medium,2,helper,syntax-only,96,[],0,1,92,4400,False,96.0,308
medium-024,medium,3,nested-call,exact-state,96,"['input', 'taint', 'san', 'alias', 'guard', 'mode', 'ctx', 'tmp', 'flag', 'sp', 'stk0', 'stk1', 'aux0', 'dead0']",14,96,0,0,True,1.0,0
medium-024,medium,3,nested-call,support,96,"['mode', 'ctx', 'tmp', 'sp', 'stk0', 'stk1', 'aux0']",7,24,0,0,True,4.0,0
medium-024,medium,3,nested-call,pathseal,96,"['mode', 'ctx', 'tmp']",3,23,0,0,True,4.173913043478261,0
medium-024,medium,3,nested-call,call-context,96,"['ctx', 'sp', 'stk0', 'stk1']",4,8,64,480,False,12.0,48
medium-024,medium,3,nested-call,security-surface,96,"['input', 'taint', 'san', 'alias']",4,16,28,144,False,6.0,12
medium-024,medium,3,nested-call,syntax-only,96,[],0,1,92,4400,False,96.0,344
medium-024,medium,4,nested-return,exact-state,96,"['input', 'taint', 'san', 'alias', 'guard', 'mode', 'ctx', 'tmp', 'flag', 'sp', 'stk0', 'stk1', 'aux0', 'dead0']",14,96,0,0,True,1.0,0
medium-024,medium,4,nested-return,support,96,"['input', 'ctx', 'flag', 'sp', 'stk0', 'stk1', 'aux0']",7,21,0,0,True,4.571428571428571,0
medium-024,medium,4,nested-return,pathseal,96,"['mode', 'ctx', 'tmp']",3,23,0,0,True,4.173913043478261,0
medium-024,medium,4,nested-return,call-context,96,"['ctx', 'sp', 'stk0', 'stk1']",4,16,28,112,False,6.0,10
medium-024,medium,4,nested-return,security-surface,96,"['input', 'taint', 'san', 'alias']",4,16,12,48,False,6.0,6
medium-024,medium,4,nested-return,syntax-only,96,[],0,1,92,3168,False,96.0,304
medium-024,medium,5,sanitize,exact-state,44,"['input', 'taint', 'san', 'alias', 'guard', 'mode', 'ctx', 'tmp', 'flag', 'sp', 'stk0', 'stk1', 'aux0', 'dead0']",14,44,0,0,True,1.0,0
medium-024,medium,5,sanitize,support,44,"['input', 'taint', 'san', 'stk0', 'aux0']",5,11,0,0,True,4.0,0
medium-024,medium,5,sanitize,pathseal,44,"['input', 'stk0', 'aux0']",3,11,0,0,True,4.0,0
medium-024,medium,5,sanitize,call-context,44,"['ctx', 'sp', 'stk0', 'stk1']",4,7,16,64,False,6.285714285714286,8
medium-024,medium,5,sanitize,security-surface,44,"['input', 'taint', 'san', 'alias']",4,8,12,48,False,5.5,6
medium-024,medium,5,sanitize,syntax-only,44,[],0,1,40,880,False,44.0,88
medium-024,medium,6,branch,exact-state,44,"['input', 'taint', 'san', 'alias', 'guard', 'mode', 'ctx', 'tmp', 'flag', 'sp', 'stk0', 'stk1', 'aux0', 'dead0']",14,44,0,0,True,1.0,0
medium-024,medium,6,branch,support,44,"['input', 'taint', 'alias', 'guard', 'mode', 'tmp']",6,11,0,0,True,4.0,0
medium-024,medium,6,branch,pathseal,44,"['input', 'stk0', 'aux0']",3,11,0,0,True,4.0,0
medium-024,medium,6,branch,call-context,44,"['ctx', 'sp', 'stk0', 'stk1']",4,7,16,64,False,6.285714285714286,8
medium-024,medium,6,branch,security-surface,44,"['input', 'taint', 'san', 'alias']",4,8,12,48,False,5.5,6
medium-024,medium,6,branch,syntax-only,44,[],0,1,40,880,False,44.0,98
medium-024,medium,7,return,exact-state,40,"['input', 'taint', 'san', 'alias', 'guard', 'mode', 'ctx', 'tmp', 'flag', 'sp', 'stk0', 'stk1', 'aux0', 'dead0']",14,40,0,0,True,1.0,0
medium-024,medium,7,return,support,40,"['input', 'ctx', 'tmp', 'sp', 'stk0', 'stk1']",6,9,0,0,True,4.444444444444445,0
medium-024,medium,7,return,pathseal,40,"['input', 'guard', 'tmp']",3,8,0,0,True,5.0,0
medium-024,medium,7,return,call-context,40,"['ctx', 'sp', 'stk0', 'stk1']",4,7,8,32,False,5.714285714285714,4
medium-024,medium,7,return,security-surface,40,"['input', 'taint', 'san', 'alias']",4,7,12,48,False,5.714285714285714,6
medium-024,medium,7,return,syntax-only,40,[],0,1,20,560,False,40.0,66
medium-024,medium,8,sink,exact-state,20,"['input', 'taint', 'san', 'alias', 'guard', 'mode', 'ctx', 'tmp', 'flag', 'sp', 'stk0', 'stk1', 'aux0', 'dead0']",14,20,0,0,True,1.0,0
medium-024,medium,8,sink,support,20,"['taint', 'alias', 'mode', 'ctx', 'sp']",5,5,0,0,True,4.0,0
medium-024,medium,8,sink,pathseal,20,"['input', 'tmp']",2,5,0,0,True,4.0,0
medium-024,medium,8,sink,call-context,20,"['ctx', 'sp', 'stk0', 'stk1']",4,3,8,32,False,6.666666666666667,4
medium-024,medium,8,sink,security-surface,20,"['input', 'taint', 'san', 'alias']",4,4,4,16,False,5.0,2
medium-024,medium,8,sink,syntax-only,20,[],0,1,16,160,False,20.0,18
medium-025,medium,0,source,exact-state,96,"['input', 'taint', 'san', 'alias', 'guard', 'mode', 'ctx', 'tmp', 'flag', 'sp', 'stk0', 'stk1', 'aux0', 'dead0']",14,96,0,0,True,1.0,0
medium-025,medium,0,source,support,96,"['input', 'san', 'alias', 'mode', 'ctx', 'sp', 'stk0', 'stk1', 'aux0']",9,24,0,0,True,4.0,0
medium-025,medium,0,source,pathseal,96,"['san', 'alias', 'mode', 'aux0']",4,24,0,0,True,4.0,0
medium-025,medium,0,source,call-context,96,"['ctx', 'sp', 'stk0', 'stk1']",4,4,80,1104,False,24.0,104
medium-025,medium,0,source,security-surface,96,"['input', 'taint', 'san', 'alias']",4,15,36,208,False,6.4,22
medium-025,medium,0,source,syntax-only,96,[],0,1,92,4416,False,96.0,302
medium-025,medium,1,propagate,exact-state,96,"['input', 'taint', 'san', 'alias', 'guard', 'mode', 'ctx', 'tmp', 'flag', 'sp', 'stk0', 'stk1', 'aux0', 'dead0']",14,96,0,0,True,1.0,0
medium-025,medium,1,propagate,support,96,"['taint', 'san', 'alias', 'mode', 'tmp', 'flag', 'aux0']",7,24,0,0,True,4.0,0
medium-025,medium,1,propagate,pathseal,96,"['san', 'alias', 'mode', 'aux0']",4,24,0,0,True,4.0,0
medium-025,medium,1,propagate,call-context,96,"['ctx', 'sp', 'stk0', 'stk1']",4,4,80,1104,False,24.0,104
medium-025,medium,1,propagate,security-surface,96,"['input', 'taint', 'san', 'alias']",4,15,36,208,False,6.4,22
medium-025,medium,1,propagate,syntax-only,96,[],0,1,92,4416,False,96.0,302
medium-025,medium,2,helper,exact-state,96,"['input', 'taint', 'san', 'alias', 'guard', 'mode', 'ctx', 'tmp', 'flag', 'sp', 'stk0', 'stk1', 'aux0', 'dead0']",14,96,0,0,True,1.0,0
medium-025,medium,2,helper,support,96,"['guard', 'mode', 'ctx', 'aux0']",4,24,0,0,True,4.0,0
medium-025,medium,2,helper,pathseal,96,"['san', 'alias', 'mode', 'aux0']",4,24,0,0,True,4.0,0
medium-025,medium,2,helper,call-context,96,"['ctx', 'sp', 'stk0', 'stk1']",4,4,80,1104,False,24.0,102
medium-025,medium,2,helper,security-surface,96,"['input', 'taint', 'san', 'alias']",4,13,44,208,False,7.384615384615385,24
medium-025,medium,2,helper,syntax-only,96,[],0,1,92,4400,False,96.0,296
medium-025,medium,3,nested-call,exact-state,96,"['input', 'taint', 'san', 'alias', 'guard', 'mode', 'ctx', 'tmp', 'flag', 'sp', 'stk0', 'stk1', 'aux0', 'dead0']",14,96,0,0,True,1.0,0
medium-025,medium,3,nested-call,support,96,"['mode', 'ctx', 'sp', 'stk0', 'stk1', 'aux0']",6,24,0,0,True,4.0,0
medium-025,medium,3,nested-call,pathseal,96,"['mode', 'ctx', 'aux0']",3,23,0,0,True,4.173913043478261,0
medium-025,medium,3,nested-call,call-context,96,"['ctx', 'sp', 'stk0', 'stk1']",4,7,68,576,False,13.714285714285714,52
medium-025,medium,3,nested-call,security-surface,96,"['input', 'taint', 'san', 'alias']",4,13,44,208,False,7.384615384615385,24
medium-025,medium,3,nested-call,syntax-only,96,[],0,1,92,4400,False,96.0,334
medium-025,medium,4,nested-return,exact-state,96,"['input', 'taint', 'san', 'alias', 'guard', 'mode', 'ctx', 'tmp', 'flag', 'sp', 'stk0', 'stk1', 'aux0', 'dead0']",14,96,0,0,True,1.0,0
medium-025,medium,4,nested-return,support,96,"['san', 'mode', 'ctx', 'tmp', 'flag', 'sp', 'stk0', 'stk1', 'aux0']",9,24,0,0,True,4.0,0
medium-025,medium,4,nested-return,pathseal,96,"['mode', 'ctx', 'stk1']",3,23,0,0,True,4.173913043478261,0
medium-025,medium,4,nested-return,call-context,96,"['ctx', 'sp', 'stk0', 'stk1']",4,15,36,176,False,6.4,16
medium-025,medium,4,nested-return,security-surface,96,"['input', 'taint', 'san', 'alias']",4,13,32,144,False,7.384615384615385,18
medium-025,medium,4,nested-return,syntax-only,96,[],0,1,92,3952,False,96.0,350
medium-025,medium,5,sanitize,exact-state,64,"['input', 'taint', 'san', 'alias', 'guard', 'mode', 'ctx', 'tmp', 'flag', 'sp', 'stk0', 'stk1', 'aux0', 'dead0']",14,64,0,0,True,1.0,0
medium-025,medium,5,sanitize,support,64,"['taint', 'san', 'mode', 'tmp']",4,15,0,0,True,4.266666666666667,0
medium-025,medium,5,sanitize,pathseal,64,"['san', 'mode', 'tmp']",3,15,0,0,True,4.266666666666667,0
medium-025,medium,5,sanitize,call-context,64,"['ctx', 'sp', 'stk0', 'stk1']",4,7,36,224,False,9.142857142857142,20
medium-025,medium,5,sanitize,security-surface,64,"['input', 'taint', 'san', 'alias']",4,12,16,64,False,5.333333333333333,8
medium-025,medium,5,sanitize,syntax-only,64,[],0,1,60,1904,False,64.0,142
medium-025,medium,6,branch,exact-state,64,"['input', 'taint', 'san', 'alias', 'guard', 'mode', 'ctx', 'tmp', 'flag', 'sp', 'stk0', 'stk1', 'aux0', 'dead0']",14,64,0,0,True,1.0,0
medium-025,medium,6,branch,support,64,"['taint', 'alias', 'guard', 'mode']",4,16,0,0,True,4.0,0
medium-025,medium,6,branch,pathseal,64,"['san', 'mode', 'tmp']",3,15,0,0,True,4.266666666666667,0
medium-025,medium,6,branch,call-context,64,"['ctx', 'sp', 'stk0', 'stk1']",4,7,36,224,False,9.142857142857142,22
medium-025,medium,6,branch,security-surface,64,"['input', 'taint', 'san', 'alias']",4,12,16,64,False,5.333333333333333,8
medium-025,medium,6,branch,syntax-only,64,[],0,1,60,1888,False,64.0,160
medium-025,medium,7,return,exact-state,56,"['input', 'taint', 'san', 'alias', 'guard', 'mode', 'ctx', 'tmp', 'flag', 'sp', 'stk0', 'stk1', 'aux0', 'dead0']",14,56,0,0,True,1.0,0
medium-025,medium,7,return,support,56,"['taint', 'mode', 'ctx', 'sp', 'stk0', 'stk1']",6,14,0,0,True,4.0,0
medium-025,medium,7,return,pathseal,56,"['taint', 'guard', 'mode']",3,13,0,0,True,4.3076923076923075,0
medium-025,medium,7,return,call-context,56,"['ctx', 'sp', 'stk0', 'stk1']",4,7,20,112,False,8.0,14
medium-025,medium,7,return,security-surface,56,"['input', 'taint', 'san', 'alias']",4,12,4,16,False,4.666666666666667,2
medium-025,medium,7,return,syntax-only,56,[],0,1,52,1216,False,56.0,136
medium-025,medium,8,sink,exact-state,32,"['input', 'taint', 'san', 'alias', 'guard', 'mode', 'ctx', 'tmp', 'flag', 'sp', 'stk0', 'stk1', 'aux0', 'dead0']",14,32,0,0,True,1.0,0
medium-025,medium,8,sink,support,32,"['taint', 'alias', 'mode', 'ctx', 'sp']",5,8,0,0,True,4.0,0
medium-025,medium,8,sink,pathseal,32,"['taint', 'mode']",2,8,0,0,True,4.0,0
medium-025,medium,8,sink,call-context,32,"['ctx', 'sp', 'stk0', 'stk1']",4,3,20,112,False,10.666666666666666,14
medium-025,medium,8,sink,security-surface,32,"['input', 'taint', 'san', 'alias']",4,7,4,16,False,4.571428571428571,2
medium-025,medium,8,sink,syntax-only,32,[],0,1,28,448,False,32.0,48
medium-026,medium,0,source,exact-state,96,"['input', 'taint', 'san', 'alias', 'guard', 'mode', 'ctx', 'tmp', 'flag', 'sp', 'stk0', 'stk1', 'aux0', 'dead0']",14,96,0,0,True,1.0,0
medium-026,medium,0,source,support,96,"['input', 'san', 'alias', 'mode', 'ctx', 'flag', 'sp', 'stk0', 'stk1']",9,24,0,0,True,4.0,0
medium-026,medium,0,source,pathseal,96,"['san', 'alias', 'mode', 'ctx']",4,24,0,0,True,4.0,0
medium-026,medium,0,source,call-context,96,"['ctx', 'sp', 'stk0', 'stk1']",4,4,80,1088,False,24.0,102
medium-026,medium,0,source,security-surface,96,"['input', 'taint', 'san', 'alias']",4,13,44,240,False,7.384615384615385,22
medium-026,medium,0,source,syntax-only,96,[],0,1,92,4416,False,96.0,316
medium-026,medium,1,propagate,exact-state,96,"['input', 'taint', 'san', 'alias', 'guard', 'mode', 'ctx', 'tmp', 'flag', 'sp', 'stk0', 'stk1', 'aux0', 'dead0']",14,96,0,0,True,1.0,0
medium-026,medium,1,propagate,support,96,"['taint', 'san', 'alias', 'mode', 'ctx', 'tmp', 'flag']",7,24,0,0,True,4.0,0
medium-026,medium,1,propagate,pathseal,96,"['san', 'alias', 'mode', 'ctx']",4,24,0,0,True,4.0,0
medium-026,medium,1,propagate,call-context,96,"['ctx', 'sp', 'stk0', 'stk1']",4,4,80,1088,False,24.0,102
medium-026,medium,1,propagate,security-surface,96,"['input', 'taint', 'san', 'alias']",4,18,24,128,False,5.333333333333333,12
medium-026,medium,1,propagate,syntax-only,96,[],0,1,92,4416,False,96.0,316
medium-026,medium,2,helper,exact-state,96,"['input', 'taint', 'san', 'alias', 'guard', 'mode', 'ctx', 'tmp', 'flag', 'sp', 'stk0', 'stk1', 'aux0', 'dead0']",14,96,0,0,True,1.0,0
medium-026,medium,2,helper,support,96,"['input', 'taint', 'san', 'guard', 'mode', 'ctx', 'tmp', 'aux0']",8,24,0,0,True,4.0,0
medium-026,medium,2,helper,pathseal,96,"['san', 'alias', 'mode', 'ctx']",4,24,0,0,True,4.0,0
medium-026,medium,2,helper,call-context,96,"['ctx', 'sp', 'stk0', 'stk1']",4,4,80,1088,False,24.0,102
medium-026,medium,2,helper,security-surface,96,"['input', 'taint', 'san', 'alias']",4,19,20,96,False,5.052631578947368,12
medium-026,medium,2,helper,syntax-only,96,[],0,1,92,4416,False,96.0,326
medium-026,medium,3,nested-call,exact-state,96,"['input', 'taint', 'san', 'alias', 'guard', 'mode', 'ctx', 'tmp', 'flag', 'sp', 'stk0', 'stk1', 'aux0', 'dead0']",14,96,0,0,True,1.0,0
medium-026,medium,3,nested-call,support,96,"['san', 'alias', 'mode', 'ctx', 'sp', 'stk0', 'stk1', 'aux0']",8,24,0,0,True,4.0,0
medium-026,medium,3,nested-call,pathseal,96,"['input', 'taint', 'san', 'ctx', 'tmp']",5,24,0,0,True,4.0,0
medium-026,medium,3,nested-call,call-context,96,"['ctx', 'sp', 'stk0', 'stk1']",4,8,64,464,False,12.0,50
medium-026,medium,3,nested-call,security-surface,96,"['input', 'taint', 'san', 'alias']",4,19,20,96,False,5.052631578947368,12
medium-026,medium,3,nested-call,syntax-only,96,[],0,1,92,4416,False,96.0,358
medium-026,medium,4,nested-return,exact-state,96,"['input', 'taint', 'san', 'alias', 'guard', 'mode', 'ctx', 'tmp', 'flag', 'sp', 'stk0', 'stk1', 'aux0', 'dead0']",14,96,0,0,True,1.0,0
medium-026,medium,4,nested-return,support,96,"['san', 'ctx', 'tmp', 'flag', 'sp', 'stk0', 'stk1', 'aux0']",8,23,0,0,True,4.173913043478261,0
medium-026,medium,4,nested-return,pathseal,96,"['san', 'alias', 'mode', 'aux0']",4,22,0,0,True,4.363636363636363,0
medium-026,medium,4,nested-return,call-context,96,"['ctx', 'sp', 'stk0', 'stk1']",4,18,16,64,False,5.333333333333333,8
medium-026,medium,4,nested-return,security-surface,96,"['input', 'taint', 'san', 'alias']",4,19,12,64,False,5.052631578947368,8
medium-026,medium,4,nested-return,syntax-only,96,[],0,1,92,3360,False,96.0,320
medium-026,medium,5,sanitize,exact-state,48,"['input', 'taint', 'san', 'alias', 'guard', 'mode', 'ctx', 'tmp', 'flag', 'sp', 'stk0', 'stk1', 'aux0', 'dead0']",14,48,0,0,True,1.0,0
medium-026,medium,5,sanitize,support,48,"['taint', 'san', 'ctx', 'tmp']",4,12,0,0,True,4.0,0
medium-026,medium,5,sanitize,pathseal,48,"['san', 'ctx', 'tmp']",3,12,0,0,True,4.0,0
medium-026,medium,5,sanitize,call-context,48,"['ctx', 'sp', 'stk0', 'stk1']",4,7,20,112,False,6.857142857142857,12
medium-026,medium,5,sanitize,security-surface,48,"['input', 'taint', 'san', 'alias']",4,9,12,64,False,5.333333333333333,8
medium-026,medium,5,sanitize,syntax-only,48,[],0,1,44,1056,False,48.0,114
medium-026,medium,6,branch,exact-state,48,"['input', 'taint', 'san', 'alias', 'guard', 'mode', 'ctx', 'tmp', 'flag', 'sp', 'stk0', 'stk1', 'aux0', 'dead0']",14,48,0,0,True,1.0,0
medium-026,medium,6,branch,support,48,"['taint', 'alias', 'guard', 'mode', 'tmp']",5,12,0,0,True,4.0,0
medium-026,medium,6,branch,pathseal,48,"['san', 'ctx', 'tmp']",3,12,0,0,True,4.0,0
medium-026,medium,6,branch,call-context,48,"['ctx', 'sp', 'stk0', 'stk1']",4,7,20,112,False,6.857142857142857,14
medium-026,medium,6,branch,security-surface,48,"['input', 'taint', 'san', 'alias']",4,9,12,64,False,5.333333333333333,8
medium-026,medium,6,branch,syntax-only,48,[],0,1,44,1056,False,48.0,118
medium-026,medium,7,return,exact-state,44,"['input', 'taint', 'san', 'alias', 'guard', 'mode', 'ctx', 'tmp', 'flag', 'sp', 'stk0', 'stk1', 'aux0', 'dead0']",14,44,0,0,True,1.0,0
medium-026,medium,7,return,support,44,"['input', 'ctx', 'tmp', 'sp', 'stk0', 'stk1']",6,10,0,0,True,4.4,0
medium-026,medium,7,return,pathseal,44,"['alias', 'tmp']",2,10,0,0,True,4.4,0
medium-026,medium,7,return,call-context,44,"['ctx', 'sp', 'stk0', 'stk1']",4,6,12,64,False,7.333333333333333,8
medium-026,medium,7,return,security-surface,44,"['input', 'taint', 'san', 'alias']",4,9,8,48,False,4.888888888888889,6
medium-026,medium,7,return,syntax-only,44,[],0,1,40,720,False,44.0,86
medium-026,medium,8,sink,exact-state,24,"['input', 'taint', 'san', 'alias', 'guard', 'mode', 'ctx', 'tmp', 'flag', 'sp', 'stk0', 'stk1', 'aux0', 'dead0']",14,24,0,0,True,1.0,0
medium-026,medium,8,sink,support,24,"['taint', 'alias', 'mode', 'ctx', 'sp']",5,6,0,0,True,4.0,0
medium-026,medium,8,sink,pathseal,24,"['input', 'tmp']",2,6,0,0,True,4.0,0
medium-026,medium,8,sink,call-context,24,"['ctx', 'sp', 'stk0', 'stk1']",4,3,12,64,False,8.0,8
medium-026,medium,8,sink,security-surface,24,"['input', 'taint', 'san', 'alias']",4,5,4,16,False,4.8,2
medium-026,medium,8,sink,syntax-only,24,[],0,1,20,240,False,24.0,30
medium-027,medium,0,source,exact-state,96,"['input', 'taint', 'san', 'alias', 'guard', 'mode', 'ctx', 'tmp', 'flag', 'sp', 'stk0', 'stk1', 'aux0', 'dead0']",14,96,0,0,True,1.0,0
medium-027,medium,0,source,support,96,"['input', 'san', 'alias', 'mode', 'ctx', 'sp', 'stk0', 'stk1', 'aux0']",9,24,0,0,True,4.0,0
medium-027,medium,0,source,pathseal,96,"['san', 'alias', 'mode', 'aux0']",4,24,0,0,True,4.0,0
medium-027,medium,0,source,call-context,96,"['ctx', 'sp', 'stk0', 'stk1']",4,4,80,1360,False,24.0,124
medium-027,medium,0,source,security-surface,96,"['input', 'taint', 'san', 'alias']",4,12,48,240,False,8.0,24
medium-027,medium,0,source,syntax-only,96,[],0,1,92,4416,False,96.0,310
medium-027,medium,1,propagate,exact-state,96,"['input', 'taint', 'san', 'alias', 'guard', 'mode', 'ctx', 'tmp', 'flag', 'sp', 'stk0', 'stk1', 'aux0', 'dead0']",14,96,0,0,True,1.0,0
medium-027,medium,1,propagate,support,96,"['taint', 'san', 'alias', 'mode', 'tmp', 'flag', 'aux0']",7,24,0,0,True,4.0,0
medium-027,medium,1,propagate,pathseal,96,"['san', 'alias', 'mode', 'aux0']",4,24,0,0,True,4.0,0
medium-027,medium,1,propagate,call-context,96,"['ctx', 'sp', 'stk0', 'stk1']",4,4,80,1360,False,24.0,124
medium-027,medium,1,propagate,security-surface,96,"['input', 'taint', 'san', 'alias']",4,12,48,240,False,8.0,24
medium-027,medium,1,propagate,syntax-only,96,[],0,1,92,4416,False,96.0,310
medium-027,medium,2,helper,exact-state,96,"['input', 'taint', 'san', 'alias', 'guard', 'mode', 'ctx', 'tmp', 'flag', 'sp', 'stk0', 'stk1', 'aux0', 'dead0']",14,96,0,0,True,1.0,0
medium-027,medium,2,helper,support,96,"['input', 'guard', 'mode', 'ctx', 'tmp', 'aux0']",6,24,0,0,True,4.0,0
medium-027,medium,2,helper,pathseal,96,"['san', 'alias', 'mode', 'aux0']",4,24,0,0,True,4.0,0
medium-027,medium,2,helper,call-context,96,"['ctx', 'sp', 'stk0', 'stk1']",4,4,80,1360,False,24.0,122
medium-027,medium,2,helper,security-surface,96,"['input', 'taint', 'san', 'alias']",4,13,44,256,False,7.384615384615385,28
medium-027,medium,2,helper,syntax-only,96,[],0,1,92,4416,False,96.0,318
medium-027,medium,3,nested-call,exact-state,96,"['input', 'taint', 'san', 'alias', 'guard', 'mode', 'ctx', 'tmp', 'flag', 'sp', 'stk0', 'stk1', 'aux0', 'dead0']",14,96,0,0,True,1.0,0
medium-027,medium,3,nested-call,support,96,"['input', 'mode', 'ctx', 'tmp', 'sp', 'stk0', 'stk1', 'aux0']",8,24,0,0,True,4.0,0
medium-027,medium,3,nested-call,pathseal,96,"['input', 'mode', 'ctx', 'tmp']",4,24,0,0,True,4.0,0
medium-027,medium,3,nested-call,call-context,96,"['ctx', 'sp', 'stk0', 'stk1']",4,7,68,704,False,13.714285714285714,60
medium-027,medium,3,nested-call,security-surface,96,"['input', 'taint', 'san', 'alias']",4,13,44,256,False,7.384615384615385,30
medium-027,medium,3,nested-call,syntax-only,96,[],0,1,92,4416,False,96.0,338
medium-027,medium,4,nested-return,exact-state,96,"['input', 'taint', 'san', 'alias', 'guard', 'mode', 'ctx', 'tmp', 'flag', 'sp', 'stk0', 'stk1', 'aux0', 'dead0']",14,96,0,0,True,1.0,0
medium-027,medium,4,nested-return,support,96,"['ctx', 'tmp', 'flag', 'sp', 'stk0', 'stk1', 'aux0']",7,24,0,0,True,4.0,0
medium-027,medium,4,nested-return,pathseal,96,"['input', 'mode', 'ctx', 'tmp']",4,24,0,0,True,4.0,0
medium-027,medium,4,nested-return,call-context,96,"['ctx', 'sp', 'stk0', 'stk1']",4,16,32,144,False,6.0,16
medium-027,medium,4,nested-return,security-surface,96,"['input', 'taint', 'san', 'alias']",4,13,44,256,False,7.384615384615385,30
medium-027,medium,4,nested-return,syntax-only,96,[],0,1,64,3968,False,96.0,354
medium-027,medium,5,sanitize,exact-state,64,"['input', 'taint', 'san', 'alias', 'guard', 'mode', 'ctx', 'tmp', 'flag', 'sp', 'stk0', 'stk1', 'aux0', 'dead0']",14,64,0,0,True,1.0,0
medium-027,medium,5,sanitize,support,64,"['taint', 'san', 'ctx', 'tmp', 'aux0']",5,16,0,0,True,4.0,0
medium-027,medium,5,sanitize,pathseal,64,"['ctx', 'tmp', 'aux0']",3,16,0,0,True,4.0,0
medium-027,medium,5,sanitize,call-context,64,"['ctx', 'sp', 'stk0', 'stk1']",4,5,44,352,False,12.8,30
medium-027,medium,5,sanitize,security-surface,64,"['input', 'taint', 'san', 'alias']",4,10,24,112,False,6.4,14
medium-027,medium,5,sanitize,syntax-only,64,[],0,1,60,1920,False,64.0,156
medium-027,medium,6,branch,exact-state,64,"['input', 'taint', 'san', 'alias', 'guard', 'mode', 'ctx', 'tmp', 'flag', 'sp', 'stk0', 'stk1', 'aux0', 'dead0']",14,64,0,0,True,1.0,0
medium-027,medium,6,branch,support,64,"['taint', 'alias', 'guard', 'mode', 'aux0']",5,16,0,0,True,4.0,0
medium-027,medium,6,branch,pathseal,64,"['ctx', 'tmp', 'aux0']",3,16,0,0,True,4.0,0
medium-027,medium,6,branch,call-context,64,"['ctx', 'sp', 'stk0', 'stk1']",4,5,40,336,False,12.8,32
medium-027,medium,6,branch,security-surface,64,"['input', 'taint', 'san', 'alias']",4,10,24,112,False,6.4,14
medium-027,medium,6,branch,syntax-only,64,[],0,1,60,1888,False,64.0,172
medium-027,medium,7,return,exact-state,56,"['input', 'taint', 'san', 'alias', 'guard', 'mode', 'ctx', 'tmp', 'flag', 'sp', 'stk0', 'stk1', 'aux0', 'dead0']",14,56,0,0,True,1.0,0
medium-027,medium,7,return,support,56,"['alias', 'mode', 'ctx', 'sp', 'stk0', 'stk1']",6,14,0,0,True,4.0,0
medium-027,medium,7,return,pathseal,56,"['mode', 'aux0']",2,11,0,0,True,5.090909090909091,0
medium-027,medium,7,return,call-context,56,"['ctx', 'sp', 'stk0', 'stk1']",4,5,20,144,False,11.2,18
medium-027,medium,7,return,security-surface,56,"['input', 'taint', 'san', 'alias']",4,10,8,48,False,5.6,6
medium-027,medium,7,return,syntax-only,56,[],0,1,52,1120,False,56.0,120
medium-027,medium,8,sink,exact-state,28,"['input', 'taint', 'san', 'alias', 'guard', 'mode', 'ctx', 'tmp', 'flag', 'sp', 'stk0', 'stk1', 'aux0', 'dead0']",14,28,0,0,True,1.0,0
medium-027,medium,8,sink,support,28,"['taint', 'alias', 'mode', 'ctx', 'sp']",5,7,0,0,True,4.0,0
medium-027,medium,8,sink,pathseal,28,"['alias', 'mode']",2,7,0,0,True,4.0,0
medium-027,medium,8,sink,call-context,28,"['ctx', 'sp', 'stk0', 'stk1']",4,2,20,144,False,14.0,18
medium-027,medium,8,sink,security-surface,28,"['input', 'taint', 'san', 'alias']",4,6,4,16,False,4.666666666666667,2
medium-027,medium,8,sink,syntax-only,28,[],0,1,24,336,False,28.0,42
medium-028,medium,0,source,exact-state,96,"['input', 'taint', 'san', 'alias', 'guard', 'mode', 'ctx', 'tmp', 'flag', 'sp', 'stk0', 'stk1', 'aux0', 'dead0']",14,96,0,0,True,1.0,0
medium-028,medium,0,source,support,96,"['input', 'alias', 'guard', 'ctx', 'flag', 'sp', 'stk0', 'stk1', 'aux0']",9,24,0,0,True,4.0,0
medium-028,medium,0,source,pathseal,96,"['input', 'san', 'alias', 'ctx', 'aux0']",5,24,0,0,True,4.0,0
medium-028,medium,0,source,call-context,96,"['ctx', 'sp', 'stk0', 'stk1']",4,4,80,1072,False,24.0,102
medium-028,medium,0,source,security-surface,96,"['input', 'taint', 'san', 'alias']",4,12,48,320,False,8.0,22
medium-028,medium,0,source,syntax-only,96,[],0,1,92,4416,False,96.0,288
medium-028,medium,1,propagate,exact-state,96,"['input', 'taint', 'san', 'alias', 'guard', 'mode', 'ctx', 'tmp', 'flag', 'sp', 'stk0', 'stk1', 'aux0', 'dead0']",14,96,0,0,True,1.0,0
medium-028,medium,1,propagate,support,96,"['input', 'taint', 'alias', 'guard', 'mode', 'tmp', 'flag', 'aux0']",8,24,0,0,True,4.0,0
medium-028,medium,1,propagate,pathseal,96,"['taint', 'alias', 'guard', 'aux0']",4,24,0,0,True,4.0,0
medium-028,medium,1,propagate,call-context,96,"['ctx', 'sp', 'stk0', 'stk1']",4,4,80,1072,False,24.0,102
medium-028,medium,1,propagate,security-surface,96,"['input', 'taint', 'san', 'alias']",4,17,28,144,False,5.647058823529412,8
medium-028,medium,1,propagate,syntax-only,96,[],0,1,92,4416,False,96.0,288
medium-028,medium,2,helper,exact-state,96,"['input', 'taint', 'san', 'alias', 'guard', 'mode', 'ctx', 'tmp', 'flag', 'sp', 'stk0', 'stk1', 'aux0', 'dead0']",14,96,0,0,True,1.0,0
medium-028,medium,2,helper,support,96,"['input', 'taint', 'san', 'alias', 'guard', 'mode', 'ctx', 'aux0']",8,24,0,0,True,4.0,0
medium-028,medium,2,helper,pathseal,96,"['input', 'taint', 'alias', 'guard', 'aux0']",5,24,0,0,True,4.0,0
medium-028,medium,2,helper,call-context,96,"['ctx', 'sp', 'stk0', 'stk1']",4,4,80,1072,False,24.0,100
medium-028,medium,2,helper,security-surface,96,"['input', 'taint', 'san', 'alias']",4,19,20,96,False,5.052631578947368,8
medium-028,medium,2,helper,syntax-only,96,[],0,1,92,4416,False,96.0,294
medium-028,medium,3,nested-call,exact-state,96,"['input', 'taint', 'san', 'alias', 'guard', 'mode', 'ctx', 'tmp', 'flag', 'sp', 'stk0', 'stk1', 'aux0', 'dead0']",14,96,0,0,True,1.0,0
medium-028,medium,3,nested-call,support,96,"['input', 'taint', 'mode', 'ctx', 'sp', 'stk0', 'stk1', 'aux0']",8,24,0,0,True,4.0,0
medium-028,medium,3,nested-call,pathseal,96,"['input', 'taint', 'san', 'alias', 'mode']",5,24,0,0,True,4.0,0
medium-028,medium,3,nested-call,call-context,96,"['ctx', 'sp', 'stk0', 'stk1']",4,8,64,448,False,12.0,46
medium-028,medium,3,nested-call,security-surface,96,"['input', 'taint', 'san', 'alias']",4,19,20,96,False,5.052631578947368,8
medium-028,medium,3,nested-call,syntax-only,96,[],0,1,92,4416,False,96.0,318
medium-028,medium,4,nested-return,exact-state,96,"['input', 'taint', 'san', 'alias', 'guard', 'mode', 'ctx', 'tmp', 'flag', 'sp', 'stk0', 'stk1', 'aux0', 'dead0']",14,96,0,0,True,1.0,0
medium-028,medium,4,nested-return,support,96,"['input', 'mode', 'ctx', 'flag', 'sp', 'stk0', 'stk1', 'aux0']",8,24,0,0,True,4.0,0
medium-028,medium,4,nested-return,pathseal,96,"['input', 'taint', 'mode', 'ctx']",4,22,0,0,True,4.363636363636363,0
medium-028,medium,4,nested-return,call-context,96,"['ctx', 'sp', 'stk0', 'stk1']",4,15,28,128,False,6.4,16
medium-028,medium,4,nested-return,security-surface,96,"['input', 'taint', 'san', 'alias']",4,19,16,80,False,5.052631578947368,8
medium-028,medium,4,nested-return,syntax-only,96,[],0,1,92,3168,False,96.0,290
medium-028,medium,5,sanitize,exact-state,44,"['input', 'taint', 'san', 'alias', 'guard', 'mode', 'ctx', 'tmp', 'flag', 'sp', 'stk0', 'stk1', 'aux0', 'dead0']",14,44,0,0,True,1.0,0
medium-028,medium,5,sanitize,support,44,"['taint', 'san', 'mode', 'ctx']",4,11,0,0,True,4.0,0
medium-028,medium,5,sanitize,pathseal,44,"['input', 'mode', 'ctx']",3,11,0,0,True,4.0,0
medium-028,medium,5,sanitize,call-context,44,"['ctx', 'sp', 'stk0', 'stk1']",4,6,20,144,False,7.333333333333333,16
medium-028,medium,5,sanitize,security-surface,44,"['input', 'taint', 'san', 'alias']",4,7,16,80,False,6.285714285714286,6
medium-028,medium,5,sanitize,syntax-only,44,[],0,1,40,880,False,44.0,82
medium-028,medium,6,branch,exact-state,44,"['input', 'taint', 'san', 'alias', 'guard', 'mode', 'ctx', 'tmp', 'flag', 'sp', 'stk0', 'stk1', 'aux0', 'dead0']",14,44,0,0,True,1.0,0
medium-028,medium,6,branch,support,44,"['taint', 'alias', 'guard', 'mode', 'ctx']",5,10,0,0,True,4.4,0
medium-028,medium,6,branch,pathseal,44,"['mode', 'ctx']",2,10,0,0,True,4.4,0
medium-028,medium,6,branch,call-context,44,"['ctx', 'sp', 'stk0', 'stk1']",4,6,16,128,False,7.333333333333333,14
medium-028,medium,6,branch,security-surface,44,"['input', 'taint', 'san', 'alias']",4,7,16,80,False,6.285714285714286,6
medium-028,medium,6,branch,syntax-only,44,[],0,1,36,816,False,44.0,78
medium-028,medium,7,return,exact-state,32,"['input', 'taint', 'san', 'alias', 'guard', 'mode', 'ctx', 'tmp', 'flag', 'sp', 'stk0', 'stk1', 'aux0', 'dead0']",14,32,0,0,True,1.0,0
medium-028,medium,7,return,support,32,"['input', 'ctx', 'sp', 'stk0', 'stk1', 'aux0']",6,8,0,0,True,4.0,0
medium-028,medium,7,return,pathseal,32,"['alias', 'ctx']",2,6,0,0,True,5.333333333333333,0
medium-028,medium,7,return,call-context,32,"['ctx', 'sp', 'stk0', 'stk1']",4,4,8,48,False,8.0,6
medium-028,medium,7,return,security-surface,32,"['input', 'taint', 'san', 'alias']",4,6,8,32,False,5.333333333333333,4
medium-028,medium,7,return,syntax-only,32,[],0,1,20,400,False,32.0,48
medium-028,medium,8,sink,exact-state,20,"['input', 'taint', 'san', 'alias', 'guard', 'mode', 'ctx', 'tmp', 'flag', 'sp', 'stk0', 'stk1', 'aux0', 'dead0']",14,20,0,0,True,1.0,0
medium-028,medium,8,sink,support,20,"['taint', 'alias', 'mode', 'ctx', 'sp']",5,5,0,0,True,4.0,0
medium-028,medium,8,sink,pathseal,20,"['input', 'aux0']",2,5,0,0,True,4.0,0
medium-028,medium,8,sink,call-context,20,"['ctx', 'sp', 'stk0', 'stk1']",4,3,8,48,False,6.666666666666667,6
medium-028,medium,8,sink,security-surface,20,"['input', 'taint', 'san', 'alias']",4,4,4,16,False,5.0,2
medium-028,medium,8,sink,syntax-only,20,[],0,1,16,160,False,20.0,18
medium-029,medium,0,source,exact-state,96,"['input', 'taint', 'san', 'alias', 'guard', 'mode', 'ctx', 'tmp', 'flag', 'sp', 'stk0', 'stk1', 'aux0', 'dead0']",14,96,0,0,True,1.0,0
medium-029,medium,0,source,support,96,"['input', 'ctx', 'tmp', 'sp', 'stk0', 'stk1', 'aux0']",7,24,0,0,True,4.0,0
medium-029,medium,0,source,pathseal,96,"['input', 'ctx', 'tmp', 'aux0']",4,24,0,0,True,4.0,0
medium-029,medium,0,source,call-context,96,"['ctx', 'sp', 'stk0', 'stk1']",4,4,80,1040,False,24.0,96
medium-029,medium,0,source,security-surface,96,"['input', 'taint', 'san', 'alias']",4,11,52,352,False,8.727272727272727,30
medium-029,medium,0,source,syntax-only,96,[],0,1,92,4416,False,96.0,296
medium-029,medium,1,propagate,exact-state,96,"['input', 'taint', 'san', 'alias', 'guard', 'mode', 'ctx', 'tmp', 'flag', 'sp', 'stk0', 'stk1', 'aux0', 'dead0']",14,96,0,0,True,1.0,0
medium-029,medium,1,propagate,support,96,"['input', 'taint', 'alias', 'mode', 'ctx', 'tmp', 'flag']",7,24,0,0,True,4.0,0
medium-029,medium,1,propagate,pathseal,96,"['input', 'ctx', 'tmp', 'aux0']",4,24,0,0,True,4.0,0
medium-029,medium,1,propagate,call-context,96,"['ctx', 'sp', 'stk0', 'stk1']",4,4,80,1040,False,24.0,96
medium-029,medium,1,propagate,security-surface,96,"['input', 'taint', 'san', 'alias']",4,11,52,352,False,8.727272727272727,30
medium-029,medium,1,propagate,syntax-only,96,[],0,1,92,4416,False,96.0,296
medium-029,medium,2,helper,exact-state,96,"['input', 'taint', 'san', 'alias', 'guard', 'mode', 'ctx', 'tmp', 'flag', 'sp', 'stk0', 'stk1', 'aux0', 'dead0']",14,96,0,0,True,1.0,0
medium-029,medium,2,helper,support,96,"['alias', 'guard', 'mode', 'ctx', 'stk0', 'aux0']",6,24,0,0,True,4.0,0
medium-029,medium,2,helper,pathseal,96,"['input', 'alias', 'mode', 'ctx']",4,24,0,0,True,4.0,0
medium-029,medium,2,helper,call-context,96,"['ctx', 'sp', 'stk0', 'stk1']",4,4,80,1040,False,24.0,94
medium-029,medium,2,helper,security-surface,96,"['input', 'taint', 'san', 'alias']",4,11,52,336,False,8.727272727272727,28
medium-029,medium,2,helper,syntax-only,96,[],0,1,92,4416,False,96.0,306
medium-029,medium,3,nested-call,exact-state,96,"['input', 'taint', 'san', 'alias', 'guard', 'mode', 'ctx', 'tmp', 'flag', 'sp', 'stk0', 'stk1', 'aux0', 'dead0']",14,96,0,0,True,1.0,0
medium-029,medium,3,nested-call,support,96,"['alias', 'mode', 'ctx', 'sp', 'stk0', 'stk1', 'aux0']",7,24,0,0,True,4.0,0
medium-029,medium,3,nested-call,pathseal,96,"['alias', 'mode', 'stk0']",3,24,0,0,True,4.0,0
medium-029,medium,3,nested-call,call-context,96,"['ctx', 'sp', 'stk0', 'stk1']",4,8,64,592,False,12.0,48
medium-029,medium,3,nested-call,security-surface,96,"['input', 'taint', 'san', 'alias']",4,11,52,336,False,8.727272727272727,38
medium-029,medium,3,nested-call,syntax-only,96,[],0,1,92,4416,False,96.0,340
medium-029,medium,4,nested-return,exact-state,96,"['input', 'taint', 'san', 'alias', 'guard', 'mode', 'ctx', 'tmp', 'flag', 'sp', 'stk0', 'stk1', 'aux0', 'dead0']",14,96,0,0,True,1.0,0
medium-029,medium,4,nested-return,support,96,"['alias', 'mode', 'ctx', 'flag', 'sp', 'stk0', 'stk1', 'aux0']",8,24,0,0,True,4.0,0
medium-029,medium,4,nested-return,pathseal,96,"['alias', 'mode', 'stk0']",3,24,0,0,True,4.0,0
medium-029,medium,4,nested-return,call-context,96,"['ctx', 'sp', 'stk0', 'stk1']",4,20,16,80,False,4.8,10
medium-029,medium,4,nested-return,security-surface,96,"['input', 'taint', 'san', 'alias']",4,11,52,320,False,8.727272727272727,36
medium-029,medium,4,nested-return,syntax-only,96,[],0,1,92,3840,False,96.0,348
medium-029,medium,5,sanitize,exact-state,60,"['input', 'taint', 'san', 'alias', 'guard', 'mode', 'ctx', 'tmp', 'flag', 'sp', 'stk0', 'stk1', 'aux0', 'dead0']",14,60,0,0,True,1.0,0
medium-029,medium,5,sanitize,support,60,"['taint', 'san', 'alias', 'mode', 'stk0']",5,15,0,0,True,4.0,0
medium-029,medium,5,sanitize,pathseal,60,"['alias', 'mode', 'stk0']",3,15,0,0,True,4.0,0
medium-029,medium,5,sanitize,call-context,60,"['ctx', 'sp', 'stk0', 'stk1']",4,7,32,256,False,8.571428571428571,20
medium-029,medium,5,sanitize,security-surface,60,"['input', 'taint', 'san', 'alias']",4,10,20,128,False,6.0,14
medium-029,medium,5,sanitize,syntax-only,60,[],0,1,56,1680,False,60.0,144
medium-029,medium,6,branch,exact-state,60,"['input', 'taint', 'san', 'alias', 'guard', 'mode', 'ctx', 'tmp', 'flag', 'sp', 'stk0', 'stk1', 'aux0', 'dead0']",14,60,0,0,True,1.0,0
medium-029,medium,6,branch,support,60,"['taint', 'alias', 'guard', 'mode', 'stk0']",5,15,0,0,True,4.0,0
medium-029,medium,6,branch,pathseal,60,"['alias', 'mode', 'stk0']",3,15,0,0,True,4.0,0
medium-029,medium,6,branch,call-context,60,"['ctx', 'sp', 'stk0', 'stk1']",4,7,32,256,False,8.571428571428571,20
medium-029,medium,6,branch,security-surface,60,"['input', 'taint', 'san', 'alias']",4,10,20,128,False,6.0,14
medium-029,medium,6,branch,syntax-only,60,[],0,1,56,1680,False,60.0,152
medium-029,medium,7,return,exact-state,60,"['input', 'taint', 'san', 'alias', 'guard', 'mode', 'ctx', 'tmp', 'flag', 'sp', 'stk0', 'stk1', 'aux0', 'dead0']",14,60,0,0,True,1.0,0
medium-029,medium,7,return,support,60,"['input', 'alias', 'mode', 'ctx', 'sp', 'stk0', 'stk1']",7,15,0,0,True,4.0,0
medium-029,medium,7,return,pathseal,60,"['taint', 'mode', 'stk0']",3,15,0,0,True,4.0,0
medium-029,medium,7,return,call-context,60,"['ctx', 'sp', 'stk0', 'stk1']",4,7,32,256,False,8.571428571428571,22
medium-029,medium,7,return,security-surface,60,"['input', 'taint', 'san', 'alias']",4,10,20,128,False,6.0,14
medium-029,medium,7,return,syntax-only,60,[],0,1,56,1584,False,60.0,154
medium-029,medium,8,sink,exact-state,44,"['input', 'taint', 'san', 'alias', 'guard', 'mode', 'ctx', 'tmp', 'flag', 'sp', 'stk0', 'stk1', 'aux0', 'dead0']",14,44,0,0,True,1.0,0
medium-029,medium,8,sink,support,44,"['taint', 'alias', 'mode', 'ctx', 'sp']",5,11,0,0,True,4.0,0
medium-029,medium,8,sink,pathseal,44,"['input', 'alias', 'mode']",3,11,0,0,True,4.0,0
medium-029,medium,8,sink,call-context,44,"['ctx', 'sp', 'stk0', 'stk1']",4,3,32,256,False,14.666666666666666,22
medium-029,medium,8,sink,security-surface,44,"['input', 'taint', 'san', 'alias']",4,8,12,64,False,5.5,6
medium-029,medium,8,sink,syntax-only,44,[],0,1,40,880,False,44.0,80
medium-030,medium,0,source,exact-state,96,"['input', 'taint', 'san', 'alias', 'guard', 'mode', 'ctx', 'tmp', 'flag', 'sp', 'stk0', 'stk1', 'aux0', 'dead0']",14,96,0,0,True,1.0,0
medium-030,medium,0,source,support,96,"['input', 'san', 'alias', 'ctx', 'flag', 'sp', 'stk0', 'stk1', 'aux0']",9,24,0,0,True,4.0,0
medium-030,medium,0,source,pathseal,96,"['san', 'alias', 'ctx', 'aux0']",4,24,0,0,True,4.0,0
medium-030,medium,0,source,call-context,96,"['ctx', 'sp', 'stk0', 'stk1']",4,4,80,1040,False,24.0,106
medium-030,medium,0,source,security-surface,96,"['input', 'taint', 'san', 'alias']",4,13,44,272,False,7.384615384615385,22
medium-030,medium,0,source,syntax-only,96,[],0,1,92,4416,False,96.0,308
medium-030,medium,1,propagate,exact-state,96,"['input', 'taint', 'san', 'alias', 'guard', 'mode', 'ctx', 'tmp', 'flag', 'sp', 'stk0', 'stk1', 'aux0', 'dead0']",14,96,0,0,True,1.0,0
medium-030,medium,1,propagate,support,96,"['taint', 'san', 'alias', 'mode', 'ctx', 'tmp', 'flag', 'aux0']",8,24,0,0,True,4.0,0
medium-030,medium,1,propagate,pathseal,96,"['san', 'alias', 'ctx', 'aux0']",4,24,0,0,True,4.0,0
medium-030,medium,1,propagate,call-context,96,"['ctx', 'sp', 'stk0', 'stk1']",4,4,80,1040,False,24.0,106
medium-030,medium,1,propagate,security-surface,96,"['input', 'taint', 'san', 'alias']",4,17,28,128,False,5.647058823529412,10
medium-030,medium,1,propagate,syntax-only,96,[],0,1,92,4416,False,96.0,308
medium-030,medium,2,helper,exact-state,96,"['input', 'taint', 'san', 'alias', 'guard', 'mode', 'ctx', 'tmp', 'flag', 'sp', 'stk0', 'stk1', 'aux0', 'dead0']",14,96,0,0,True,1.0,0
medium-030,medium,2,helper,support,96,"['guard', 'mode', 'ctx', 'tmp', 'stk0', 'aux0']",6,24,0,0,True,4.0,0
medium-030,medium,2,helper,pathseal,96,"['san', 'alias', 'ctx', 'aux0']",4,24,0,0,True,4.0,0
medium-030,medium,2,helper,call-context,96,"['ctx', 'sp', 'stk0', 'stk1']",4,4,80,1040,False,24.0,100
medium-030,medium,2,helper,security-surface,96,"['input', 'taint', 'san', 'alias']",4,18,24,128,False,5.333333333333333,14
medium-030,medium,2,helper,syntax-only,96,[],0,1,92,4416,False,96.0,314
medium-030,medium,3,nested-call,exact-state,96,"['input', 'taint', 'san', 'alias', 'guard', 'mode', 'ctx', 'tmp', 'flag', 'sp', 'stk0', 'stk1', 'aux0', 'dead0']",14,96,0,0,True,1.0,0
medium-030,medium,3,nested-call,support,96,"['mode', 'ctx', 'tmp', 'sp', 'stk0', 'stk1', 'aux0']",7,24,0,0,True,4.0,0
medium-030,medium,3,nested-call,pathseal,96,"['mode', 'tmp', 'stk0']",3,24,0,0,True,4.0,0
medium-030,medium,3,nested-call,call-context,96,"['ctx', 'sp', 'stk0', 'stk1']",4,8,64,464,False,12.0,44
medium-030,medium,3,nested-call,security-surface,96,"['input', 'taint', 'san', 'alias']",4,18,24,128,False,5.333333333333333,12
medium-030,medium,3,nested-call,syntax-only,96,[],0,1,92,4416,False,96.0,344
medium-030,medium,4,nested-return,exact-state,96,"['input', 'taint', 'san', 'alias', 'guard', 'mode', 'ctx', 'tmp', 'flag', 'sp', 'stk0', 'stk1', 'aux0', 'dead0']",14,96,0,0,True,1.0,0
medium-030,medium,4,nested-return,support,96,"['input', 'alias', 'ctx', 'flag', 'sp', 'stk0', 'stk1', 'aux0']",8,24,0,0,True,4.0,0
medium-030,medium,4,nested-return,pathseal,96,"['mode', 'tmp', 'stk0']",3,24,0,0,True,4.0,0
medium-030,medium,4,nested-return,call-context,96,"['ctx', 'sp', 'stk0', 'stk1']",4,17,16,80,False,5.647058823529412,10
medium-030,medium,4,nested-return,security-surface,96,"['input', 'taint', 'san', 'alias']",4,18,8,32,False,5.333333333333333,4
medium-030,medium,4,nested-return,syntax-only,96,[],0,1,92,2960,False,96.0,286
medium-030,medium,5,sanitize,exact-state,40,"['input', 'taint', 'san', 'alias', 'guard', 'mode', 'ctx', 'tmp', 'flag', 'sp', 'stk0', 'stk1', 'aux0', 'dead0']",14,40,0,0,True,1.0,0
medium-030,medium,5,sanitize,support,40,"['input', 'taint', 'san', 'alias', 'ctx']",5,10,0,0,True,4.0,0
medium-030,medium,5,sanitize,pathseal,40,"['input', 'alias', 'ctx']",3,10,0,0,True,4.0,0
medium-030,medium,5,sanitize,call-context,40,"['ctx', 'sp', 'stk0', 'stk1']",4,7,12,48,False,5.714285714285714,6
medium-030,medium,5,sanitize,security-surface,40,"['input', 'taint', 'san', 'alias']",4,8,8,32,False,5.0,4
medium-030,medium,5,sanitize,syntax-only,40,[],0,1,36,720,False,40.0,84
medium-030,medium,6,branch,exact-state,40,"['input', 'taint', 'san', 'alias', 'guard', 'mode', 'ctx', 'tmp', 'flag', 'sp', 'stk0', 'stk1', 'aux0', 'dead0']",14,40,0,0,True,1.0,0
medium-030,medium,6,branch,support,40,"['taint', 'alias', 'guard', 'mode', 'tmp']",5,10,0,0,True,4.0,0
medium-030,medium,6,branch,pathseal,40,"['input', 'alias', 'ctx']",3,10,0,0,True,4.0,0
medium-030,medium,6,branch,call-context,40,"['ctx', 'sp', 'stk0', 'stk1']",4,7,12,48,False,5.714285714285714,6
medium-030,medium,6,branch,security-surface,40,"['input', 'taint', 'san', 'alias']",4,8,8,32,False,5.0,4
medium-030,medium,6,branch,syntax-only,40,[],0,1,36,720,False,40.0,84
medium-030,medium,7,return,exact-state,40,"['input', 'taint', 'san', 'alias', 'guard', 'mode', 'ctx', 'tmp', 'flag', 'sp', 'stk0', 'stk1', 'aux0', 'dead0']",14,40,0,0,True,1.0,0
medium-030,medium,7,return,support,40,"['taint', 'alias', 'ctx', 'sp', 'stk0', 'stk1']",6,10,0,0,True,4.0,0
medium-030,medium,7,return,pathseal,40,"['alias', 'tmp']",2,8,0,0,True,5.0,0
medium-030,medium,7,return,call-context,40,"['ctx', 'sp', 'stk0', 'stk1']",4,7,8,32,False,5.714285714285714,4
medium-030,medium,7,return,security-surface,40,"['input', 'taint', 'san', 'alias']",4,8,4,16,False,5.0,2
medium-030,medium,7,return,syntax-only,40,[],0,1,20,560,False,40.0,66
medium-030,medium,8,sink,exact-state,20,"['input', 'taint', 'san', 'alias', 'guard', 'mode', 'ctx', 'tmp', 'flag', 'sp', 'stk0', 'stk1', 'aux0', 'dead0']",14,20,0,0,True,1.0,0
medium-030,medium,8,sink,support,20,"['taint', 'alias', 'mode', 'ctx', 'sp']",5,5,0,0,True,4.0,0
medium-030,medium,8,sink,pathseal,20,"['taint', 'alias']",2,5,0,0,True,4.0,0
medium-030,medium,8,sink,call-context,20,"['ctx', 'sp', 'stk0', 'stk1']",4,3,8,32,False,6.666666666666667,4
medium-030,medium,8,sink,security-surface,20,"['input', 'taint', 'san', 'alias']",4,5,0,0,True,4.0,0
medium-030,medium,8,sink,syntax-only,20,[],0,1,16,160,False,20.0,18
medium-031,medium,0,source,exact-state,96,"['input', 'taint', 'san', 'alias', 'guard', 'mode', 'ctx', 'tmp', 'flag', 'sp', 'stk0', 'stk1', 'aux0', 'dead0']",14,96,0,0,True,1.0,0
medium-031,medium,0,source,support,96,"['input', 'alias', 'ctx', 'sp', 'stk0', 'stk1', 'aux0']",7,24,0,0,True,4.0,0
medium-031,medium,0,source,pathseal,96,"['input', 'alias', 'ctx', 'aux0']",4,24,0,0,True,4.0,0
medium-031,medium,0,source,call-context,96,"['ctx', 'sp', 'stk0', 'stk1']",4,4,80,1008,False,24.0,104
medium-031,medium,0,source,security-surface,96,"['input', 'taint', 'san', 'alias']",4,12,48,272,False,8.0,24
medium-031,medium,0,source,syntax-only,96,[],0,1,92,4416,False,96.0,292
medium-031,medium,1,propagate,exact-state,96,"['input', 'taint', 'san', 'alias', 'guard', 'mode', 'ctx', 'tmp', 'flag', 'sp', 'stk0', 'stk1', 'aux0', 'dead0']",14,96,0,0,True,1.0,0
medium-031,medium,1,propagate,support,96,"['taint', 'alias', 'mode', 'ctx', 'tmp', 'flag', 'aux0']",7,24,0,0,True,4.0,0
medium-031,medium,1,propagate,pathseal,96,"['input', 'alias', 'ctx', 'aux0']",4,24,0,0,True,4.0,0
medium-031,medium,1,propagate,call-context,96,"['ctx', 'sp', 'stk0', 'stk1']",4,4,80,1008,False,24.0,104
medium-031,medium,1,propagate,security-surface,96,"['input', 'taint', 'san', 'alias']",4,12,48,272,False,8.0,24
medium-031,medium,1,propagate,syntax-only,96,[],0,1,92,4416,False,96.0,292
medium-031,medium,2,helper,exact-state,96,"['input', 'taint', 'san', 'alias', 'guard', 'mode', 'ctx', 'tmp', 'flag', 'sp', 'stk0', 'stk1', 'aux0', 'dead0']",14,96,0,0,True,1.0,0
medium-031,medium,2,helper,support,96,"['san', 'guard', 'mode', 'ctx', 'tmp', 'aux0']",6,24,0,0,True,4.0,0
medium-031,medium,2,helper,pathseal,96,"['alias', 'mode', 'ctx', 'aux0']",4,24,0,0,True,4.0,0
medium-031,medium,2,helper,call-context,96,"['ctx', 'sp', 'stk0', 'stk1']",4,4,80,1008,False,24.0,100
medium-031,medium,2,helper,security-surface,96,"['input', 'taint', 'san', 'alias']",4,11,52,432,False,8.727272727272727,28
medium-031,medium,2,helper,syntax-only,96,[],0,1,92,4416,False,96.0,294
medium-031,medium,3,nested-call,exact-state,96,"['input', 'taint', 'san', 'alias', 'guard', 'mode', 'ctx', 'tmp', 'flag', 'sp', 'stk0', 'stk1', 'aux0', 'dead0']",14,96,0,0,True,1.0,0
medium-031,medium,3,nested-call,support,96,"['san', 'ctx', 'tmp', 'sp', 'stk0', 'stk1', 'aux0']",7,23,0,0,True,4.173913043478261,0
medium-031,medium,3,nested-call,pathseal,96,"['san', 'mode', 'ctx', 'tmp']",4,24,0,0,True,4.0,0
medium-031,medium,3,nested-call,call-context,96,"['ctx', 'sp', 'stk0', 'stk1']",4,7,68,528,False,13.714285714285714,50
medium-031,medium,3,nested-call,security-surface,96,"['input', 'taint', 'san', 'alias']",4,11,52,416,False,8.727272727272727,30
medium-031,medium,3,nested-call,syntax-only,96,[],0,1,92,4400,False,96.0,316
medium-031,medium,4,nested-return,exact-state,96,"['input', 'taint', 'san', 'alias', 'guard', 'mode', 'ctx', 'tmp', 'flag', 'sp', 'stk0', 'stk1', 'aux0', 'dead0']",14,96,0,0,True,1.0,0
medium-031,medium,4,nested-return,support,96,"['alias', 'mode', 'ctx', 'flag', 'sp', 'stk0', 'stk1', 'aux0']",8,24,0,0,True,4.0,0
medium-031,medium,4,nested-return,pathseal,96,"['san', 'tmp', 'aux0']",3,20,0,0,True,4.8,0
medium-031,medium,4,nested-return,call-context,96,"['ctx', 'sp', 'stk0', 'stk1']",4,20,16,64,False,4.8,6
medium-031,medium,4,nested-return,security-surface,96,"['input', 'taint', 'san', 'alias']",4,11,36,304,False,8.727272727272727,26
medium-031,medium,4,nested-return,syntax-only,96,[],0,1,92,3520,False,96.0,302
medium-031,medium,5,sanitize,exact-state,52,"['input', 'taint', 'san', 'alias', 'guard', 'mode', 'ctx', 'tmp', 'flag', 'sp', 'stk0', 'stk1', 'aux0', 'dead0']",14,52,0,0,True,1.0,0
medium-031,medium,5,sanitize,support,52,"['taint', 'san', 'alias', 'mode']",4,12,0,0,True,4.333333333333333,0
medium-031,medium,5,sanitize,pathseal,52,"['alias', 'mode']",2,12,0,0,True,4.333333333333333,0
medium-031,medium,5,sanitize,call-context,52,"['ctx', 'sp', 'stk0', 'stk1']",4,6,28,160,False,8.666666666666666,16
medium-031,medium,5,sanitize,security-surface,52,"['input', 'taint', 'san', 'alias']",4,7,20,96,False,7.428571428571429,10
medium-031,medium,5,sanitize,syntax-only,52,[],0,1,48,1232,False,52.0,100
medium-031,medium,6,branch,exact-state,52,"['input', 'taint', 'san', 'alias', 'guard', 'mode', 'ctx', 'tmp', 'flag', 'sp', 'stk0', 'stk1', 'aux0', 'dead0']",14,52,0,0,True,1.0,0
medium-031,medium,6,branch,support,52,"['taint', 'alias', 'guard', 'mode']",4,12,0,0,True,4.333333333333333,0
medium-031,medium,6,branch,pathseal,52,"['alias', 'mode']",2,12,0,0,True,4.333333333333333,0
medium-031,medium,6,branch,call-context,52,"['ctx', 'sp', 'stk0', 'stk1']",4,6,28,160,False,8.666666666666666,16
medium-031,medium,6,branch,security-surface,52,"['input', 'taint', 'san', 'alias']",4,7,20,96,False,7.428571428571429,10
medium-031,medium,6,branch,syntax-only,52,[],0,1,48,1232,False,52.0,100
medium-031,medium,7,return,exact-state,52,"['input', 'taint', 'san', 'alias', 'guard', 'mode', 'ctx', 'tmp', 'flag', 'sp', 'stk0', 'stk1', 'aux0', 'dead0']",14,52,0,0,True,1.0,0
medium-031,medium,7,return,support,52,"['alias', 'mode', 'ctx', 'sp', 'stk0', 'stk1']",6,12,0,0,True,4.333333333333333,0
medium-031,medium,7,return,pathseal,52,"['alias', 'mode']",2,12,0,0,True,4.333333333333333,0
medium-031,medium,7,return,call-context,52,"['ctx', 'sp', 'stk0', 'stk1']",4,6,24,144,False,8.666666666666666,16
medium-031,medium,7,return,security-surface,52,"['input', 'taint', 'san', 'alias']",4,7,20,96,False,7.428571428571429,10
medium-031,medium,7,return,syntax-only,52,[],0,1,48,1184,False,52.0,110
medium-031,medium,8,sink,exact-state,40,"['input', 'taint', 'san', 'alias', 'guard', 'mode', 'ctx', 'tmp', 'flag', 'sp', 'stk0', 'stk1', 'aux0', 'dead0']",14,40,0,0,True,1.0,0
medium-031,medium,8,sink,support,40,"['taint', 'alias', 'mode', 'ctx', 'sp']",5,9,0,0,True,4.444444444444445,0
medium-031,medium,8,sink,pathseal,40,"['alias', 'mode']",2,9,0,0,True,4.444444444444445,0
medium-031,medium,8,sink,call-context,40,"['ctx', 'sp', 'stk0', 'stk1']",4,4,24,144,False,10.0,16
medium-031,medium,8,sink,security-surface,40,"['input', 'taint', 'san', 'alias']",4,6,12,48,False,6.666666666666667,4
medium-031,medium,8,sink,syntax-only,40,[],0,1,36,704,False,40.0,54
medium-032,medium,0,source,exact-state,96,"['input', 'taint', 'san', 'alias', 'guard', 'mode', 'ctx', 'tmp', 'flag', 'sp', 'stk0', 'stk1', 'aux0', 'dead0']",14,96,0,0,True,1.0,0
medium-032,medium,0,source,support,96,"['input', 'san', 'alias', 'mode', 'ctx', 'flag', 'sp', 'stk0', 'stk1']",9,24,0,0,True,4.0,0
medium-032,medium,0,source,pathseal,96,"['san', 'alias', 'mode', 'ctx']",4,24,0,0,True,4.0,0
medium-032,medium,0,source,call-context,96,"['ctx', 'sp', 'stk0', 'stk1']",4,4,80,1216,False,24.0,112
medium-032,medium,0,source,security-surface,96,"['input', 'taint', 'san', 'alias']",4,12,48,256,False,8.0,24
medium-032,medium,0,source,syntax-only,96,[],0,1,92,4416,False,96.0,310
medium-032,medium,1,propagate,exact-state,96,"['input', 'taint', 'san', 'alias', 'guard', 'mode', 'ctx', 'tmp', 'flag', 'sp', 'stk0', 'stk1', 'aux0', 'dead0']",14,96,0,0,True,1.0,0
medium-032,medium,1,propagate,support,96,"['taint', 'san', 'alias', 'mode', 'tmp', 'flag', 'aux0']",7,24,0,0,True,4.0,0
medium-032,medium,1,propagate,pathseal,96,"['san', 'alias', 'mode', 'ctx']",4,24,0,0,True,4.0,0
medium-032,medium,1,propagate,call-context,96,"['ctx', 'sp', 'stk0', 'stk1']",4,4,80,1216,False,24.0,112
medium-032,medium,1,propagate,security-surface,96,"['input', 'taint', 'san', 'alias']",4,15,36,160,False,6.4,12
medium-032,medium,1,propagate,syntax-only,96,[],0,1,92,4416,False,96.0,310
medium-032,medium,2,helper,exact-state,96,"['input', 'taint', 'san', 'alias', 'guard', 'mode', 'ctx', 'tmp', 'flag', 'sp', 'stk0', 'stk1', 'aux0', 'dead0']",14,96,0,0,True,1.0,0
medium-032,medium,2,helper,support,96,"['input', 'alias', 'guard', 'mode', 'ctx', 'stk0', 'aux0']",7,24,0,0,True,4.0,0
medium-032,medium,2,helper,pathseal,96,"['san', 'alias', 'mode', 'aux0']",4,24,0,0,True,4.0,0
medium-032,medium,2,helper,call-context,96,"['ctx', 'sp', 'stk0', 'stk1']",4,4,80,1216,False,24.0,112
medium-032,medium,2,helper,security-surface,96,"['input', 'taint', 'san', 'alias']",4,17,28,144,False,5.647058823529412,12
medium-032,medium,2,helper,syntax-only,96,[],0,1,92,4416,False,96.0,320
medium-032,medium,3,nested-call,exact-state,96,"['input', 'taint', 'san', 'alias', 'guard', 'mode', 'ctx', 'tmp', 'flag', 'sp', 'stk0', 'stk1', 'aux0', 'dead0']",14,96,0,0,True,1.0,0
medium-032,medium,3,nested-call,support,96,"['input', 'taint', 'alias', 'ctx', 'sp', 'stk0', 'stk1', 'aux0']",8,24,0,0,True,4.0,0
medium-032,medium,3,nested-call,pathseal,96,"['input', 'alias', 'mode', 'stk0']",4,24,0,0,True,4.0,0
medium-032,medium,3,nested-call,call-context,96,"['ctx', 'sp', 'stk0', 'stk1']",4,7,68,608,False,13.714285714285714,58
medium-032,medium,3,nested-call,security-surface,96,"['input', 'taint', 'san', 'alias']",4,17,28,144,False,5.647058823529412,12
medium-032,medium,3,nested-call,syntax-only,96,[],0,1,92,4400,False,96.0,358
medium-032,medium,4,nested-return,exact-state,96,"['input', 'taint', 'san', 'alias', 'guard', 'mode', 'ctx', 'tmp', 'flag', 'sp', 'stk0', 'stk1', 'aux0', 'dead0']",14,96,0,0,True,1.0,0
medium-032,medium,4,nested-return,support,96,"['input', 'alias', 'ctx', 'flag', 'sp', 'stk0', 'stk1', 'aux0']",8,24,0,0,True,4.0,0
medium-032,medium,4,nested-return,pathseal,96,"['input', 'taint', 'alias', 'ctx']",4,21,0,0,True,4.571428571428571,0
medium-032,medium,4,nested-return,call-context,96,"['ctx', 'sp', 'stk0', 'stk1']",4,15,36,160,False,6.4,18
medium-032,medium,4,nested-return,security-surface,96,"['input', 'taint', 'san', 'alias']",4,17,16,80,False,5.647058823529412,4
medium-032,medium,4,nested-return,syntax-only,96,[],0,1,92,3536,False,96.0,336
medium-032,medium,5,sanitize,exact-state,52,"['input', 'taint', 'san', 'alias', 'guard', 'mode', 'ctx', 'tmp', 'flag', 'sp', 'stk0', 'stk1', 'aux0', 'dead0']",14,52,0,0,True,1.0,0
medium-032,medium,5,sanitize,support,52,"['input', 'taint', 'san', 'alias', 'ctx']",5,13,0,0,True,4.0,0
medium-032,medium,5,sanitize,pathseal,52,"['input', 'alias', 'ctx']",3,13,0,0,True,4.0,0
medium-032,medium,5,sanitize,call-context,52,"['ctx', 'sp', 'stk0', 'stk1']",4,6,28,208,False,8.666666666666666,22
medium-032,medium,5,sanitize,security-surface,52,"['input', 'taint', 'san', 'alias']",4,9,16,80,False,5.777777777777778,4
medium-032,medium,5,sanitize,syntax-only,52,[],0,1,48,1248,False,52.0,120
medium-032,medium,6,branch,exact-state,52,"['input', 'taint', 'san', 'alias', 'guard', 'mode', 'ctx', 'tmp', 'flag', 'sp', 'stk0', 'stk1', 'aux0', 'dead0']",14,52,0,0,True,1.0,0
medium-032,medium,6,branch,support,52,"['taint', 'alias', 'guard', 'mode', 'ctx']",5,13,0,0,True,4.0,0
medium-032,medium,6,branch,pathseal,52,"['input', 'alias', 'ctx']",3,13,0,0,True,4.0,0
medium-032,medium,6,branch,call-context,52,"['ctx', 'sp', 'stk0', 'stk1']",4,6,28,192,False,8.666666666666666,22
medium-032,medium,6,branch,security-surface,52,"['input', 'taint', 'san', 'alias']",4,9,16,80,False,5.777777777777778,4
medium-032,medium,6,branch,syntax-only,52,[],0,1,48,1152,False,52.0,118
medium-032,medium,7,return,exact-state,36,"['input', 'taint', 'san', 'alias', 'guard', 'mode', 'ctx', 'tmp', 'flag', 'sp', 'stk0', 'stk1', 'aux0', 'dead0']",14,36,0,0,True,1.0,0
medium-032,medium,7,return,support,36,"['mode', 'ctx', 'sp', 'stk0', 'stk1']",5,8,0,0,True,4.5,0
medium-032,medium,7,return,pathseal,36,"['alias', 'ctx']",2,8,0,0,True,4.5,0
medium-032,medium,7,return,call-context,36,"['ctx', 'sp', 'stk0', 'stk1']",4,5,4,16,False,7.2,2
medium-032,medium,7,return,security-surface,36,"['input', 'taint', 'san', 'alias']",4,7,4,16,False,5.142857142857143,2
medium-032,medium,7,return,syntax-only,36,[],0,1,32,336,False,36.0,42
medium-032,medium,8,sink,exact-state,12,"['input', 'taint', 'san', 'alias', 'guard', 'mode', 'ctx', 'tmp', 'flag', 'sp', 'stk0', 'stk1', 'aux0', 'dead0']",14,12,0,0,True,1.0,0
medium-032,medium,8,sink,support,12,"['taint', 'alias', 'mode', 'ctx', 'sp']",5,3,0,0,True,4.0,0
medium-032,medium,8,sink,pathseal,12,['mode'],1,3,0,0,True,4.0,0
medium-032,medium,8,sink,call-context,12,"['ctx', 'sp', 'stk0', 'stk1']",4,2,4,16,False,6.0,2
medium-032,medium,8,sink,security-surface,12,"['input', 'taint', 'san', 'alias']",4,2,4,16,False,6.0,2
medium-032,medium,8,sink,syntax-only,12,[],0,1,8,48,False,12.0,6
medium-033,medium,0,source,exact-state,96,"['input', 'taint', 'san', 'alias', 'guard', 'mode', 'ctx', 'tmp', 'flag', 'sp', 'stk0', 'stk1', 'aux0', 'dead0']",14,96,0,0,True,1.0,0
medium-033,medium,0,source,support,96,"['input', 'san', 'alias', 'mode', 'ctx', 'sp', 'stk0', 'stk1']",8,24,0,0,True,4.0,0
medium-033,medium,0,source,pathseal,96,"['san', 'alias', 'mode', 'ctx']",4,24,0,0,True,4.0,0
medium-033,medium,0,source,call-context,96,"['ctx', 'sp', 'stk0', 'stk1']",4,4,80,1200,False,24.0,106
medium-033,medium,0,source,security-surface,96,"['input', 'taint', 'san', 'alias']",4,13,44,240,False,7.384615384615385,18
medium-033,medium,0,source,syntax-only,96,[],0,1,92,4416,False,96.0,288
medium-033,medium,1,propagate,exact-state,96,"['input', 'taint', 'san', 'alias', 'guard', 'mode', 'ctx', 'tmp', 'flag', 'sp', 'stk0', 'stk1', 'aux0', 'dead0']",14,96,0,0,True,1.0,0
medium-033,medium,1,propagate,support,96,"['taint', 'san', 'alias', 'mode', 'tmp', 'flag', 'aux0']",7,24,0,0,True,4.0,0
medium-033,medium,1,propagate,pathseal,96,"['san', 'alias', 'mode', 'ctx']",4,24,0,0,True,4.0,0
medium-033,medium,1,propagate,call-context,96,"['ctx', 'sp', 'stk0', 'stk1']",4,4,80,1200,False,24.0,106
medium-033,medium,1,propagate,security-surface,96,"['input', 'taint', 'san', 'alias']",4,13,44,240,False,7.384615384615385,18
medium-033,medium,1,propagate,syntax-only,96,[],0,1,92,4416,False,96.0,288
medium-033,medium,2,helper,exact-state,96,"['input', 'taint', 'san', 'alias', 'guard', 'mode', 'ctx', 'tmp', 'flag', 'sp', 'stk0', 'stk1', 'aux0', 'dead0']",14,96,0,0,True,1.0,0
medium-033,medium,2,helper,support,96,"['san', 'alias', 'guard', 'mode', 'ctx', 'aux0']",6,24,0,0,True,4.0,0
medium-033,medium,2,helper,pathseal,96,"['san', 'alias', 'mode', 'aux0']",4,24,0,0,True,4.0,0
medium-033,medium,2,helper,call-context,96,"['ctx', 'sp', 'stk0', 'stk1']",4,4,80,1200,False,24.0,106
medium-033,medium,2,helper,security-surface,96,"['input', 'taint', 'san', 'alias']",4,13,44,224,False,7.384615384615385,22
medium-033,medium,2,helper,syntax-only,96,[],0,1,92,4416,False,96.0,300
medium-033,medium,3,nested-call,exact-state,96,"['input', 'taint', 'san', 'alias', 'guard', 'mode', 'ctx', 'tmp', 'flag', 'sp', 'stk0', 'stk1', 'aux0', 'dead0']",14,96,0,0,True,1.0,0
medium-033,medium,3,nested-call,support,96,"['alias', 'ctx', 'sp', 'stk0', 'stk1', 'aux0']",6,24,0,0,True,4.0,0
medium-033,medium,3,nested-call,pathseal,96,"['san', 'alias', 'mode', 'aux0']",4,24,0,0,True,4.0,0
medium-033,medium,3,nested-call,call-context,96,"['ctx', 'sp', 'stk0', 'stk1']",4,8,64,544,False,12.0,46
medium-033,medium,3,nested-call,security-surface,96,"['input', 'taint', 'san', 'alias']",4,13,44,224,False,7.384615384615385,24
medium-033,medium,3,nested-call,syntax-only,96,[],0,1,92,4416,False,96.0,334
medium-033,medium,4,nested-return,exact-state,96,"['input', 'taint', 'san', 'alias', 'guard', 'mode', 'ctx', 'tmp', 'flag', 'sp', 'stk0', 'stk1', 'aux0', 'dead0']",14,96,0,0,True,1.0,0
medium-033,medium,4,nested-return,support,96,"['mode', 'ctx', 'flag', 'sp', 'stk0', 'stk1', 'aux0']",7,24,0,0,True,4.0,0
medium-033,medium,4,nested-return,pathseal,96,"['alias', 'stk0', 'stk1']",3,24,0,0,True,4.0,0
medium-033,medium,4,nested-return,call-context,96,"['ctx', 'sp', 'stk0', 'stk1']",4,17,16,80,False,5.647058823529412,10
medium-033,medium,4,nested-return,security-surface,96,"['input', 'taint', 'san', 'alias']",4,13,36,160,False,7.384615384615385,18
medium-033,medium,4,nested-return,syntax-only,96,[],0,1,92,2944,False,96.0,280
medium-033,medium,5,sanitize,exact-state,40,"['input', 'taint', 'san', 'alias', 'guard', 'mode', 'ctx', 'tmp', 'flag', 'sp', 'stk0', 'stk1', 'aux0', 'dead0']",14,40,0,0,True,1.0,0
medium-033,medium,5,sanitize,support,40,"['taint', 'san', 'mode', 'aux0']",4,10,0,0,True,4.0,0
medium-033,medium,5,sanitize,pathseal,40,"['mode', 'aux0']",2,9,0,0,True,4.444444444444445,0
medium-033,medium,5,sanitize,call-context,40,"['ctx', 'sp', 'stk0', 'stk1']",4,5,20,144,False,8.0,18
medium-033,medium,5,sanitize,security-surface,40,"['input', 'taint', 'san', 'alias']",4,8,8,32,False,5.0,4
medium-033,medium,5,sanitize,syntax-only,40,[],0,1,36,704,False,40.0,76
medium-033,medium,6,branch,exact-state,40,"['input', 'taint', 'san', 'alias', 'guard', 'mode', 'ctx', 'tmp', 'flag', 'sp', 'stk0', 'stk1', 'aux0', 'dead0']",14,40,0,0,True,1.0,0
medium-033,medium,6,branch,support,40,"['input', 'taint', 'alias', 'guard', 'mode', 'tmp']",6,10,0,0,True,4.0,0
medium-033,medium,6,branch,pathseal,40,"['mode', 'aux0']",2,9,0,0,True,4.444444444444445,0
medium-033,medium,6,branch,call-context,40,"['ctx', 'sp', 'stk0', 'stk1']",4,5,20,144,False,8.0,18
medium-033,medium,6,branch,security-surface,40,"['input', 'taint', 'san', 'alias']",4,8,8,32,False,5.0,4
medium-033,medium,6,branch,syntax-only,40,[],0,1,36,688,False,40.0,78
medium-033,medium,7,return,exact-state,32,"['input', 'taint', 'san', 'alias', 'guard', 'mode', 'ctx', 'tmp', 'flag', 'sp', 'stk0', 'stk1', 'aux0', 'dead0']",14,32,0,0,True,1.0,0
medium-033,medium,7,return,support,32,"['alias', 'ctx', 'sp', 'stk0', 'stk1']",5,8,0,0,True,4.0,0
medium-033,medium,7,return,pathseal,32,"['input', 'tmp']",2,6,0,0,True,5.333333333333333,0
medium-033,medium,7,return,call-context,32,"['ctx', 'sp', 'stk0', 'stk1']",4,5,0,0,True,6.4,0
medium-033,medium,7,return,security-surface,32,"['input', 'taint', 'san', 'alias']",4,7,4,16,False,4.571428571428571,2
medium-033,medium,7,return,syntax-only,32,[],0,1,28,288,False,32.0,34
medium-033,medium,8,sink,exact-state,12,"['input', 'taint', 'san', 'alias', 'guard', 'mode', 'ctx', 'tmp', 'flag', 'sp', 'stk0', 'stk1', 'aux0', 'dead0']",14,12,0,0,True,1.0,0
medium-033,medium,8,sink,support,12,"['taint', 'alias', 'mode', 'ctx', 'sp']",5,3,0,0,True,4.0,0
medium-033,medium,8,sink,pathseal,12,['alias'],1,3,0,0,True,4.0,0
medium-033,medium,8,sink,call-context,12,"['ctx', 'sp', 'stk0', 'stk1']",4,3,0,0,True,4.0,0
medium-033,medium,8,sink,security-surface,12,"['input', 'taint', 'san', 'alias']",4,3,0,0,True,4.0,0
medium-033,medium,8,sink,syntax-only,12,[],0,1,8,48,False,12.0,6
medium-034,medium,0,source,exact-state,96,"['input', 'taint', 'san', 'alias', 'guard', 'mode', 'ctx', 'tmp', 'flag', 'sp', 'stk0', 'stk1', 'aux0', 'dead0']",14,96,0,0,True,1.0,0
medium-034,medium,0,source,support,96,"['input', 'alias', 'mode', 'ctx', 'flag', 'sp', 'stk0', 'stk1', 'aux0']",9,24,0,0,True,4.0,0
medium-034,medium,0,source,pathseal,96,"['input', 'alias', 'mode', 'aux0']",4,24,0,0,True,4.0,0
medium-034,medium,0,source,call-context,96,"['ctx', 'sp', 'stk0', 'stk1']",4,4,80,976,False,24.0,90
medium-034,medium,0,source,security-surface,96,"['input', 'taint', 'san', 'alias']",4,12,48,288,False,8.0,24
medium-034,medium,0,source,syntax-only,96,[],0,1,92,4416,False,96.0,290
medium-034,medium,1,propagate,exact-state,96,"['input', 'taint', 'san', 'alias', 'guard', 'mode', 'ctx', 'tmp', 'flag', 'sp', 'stk0', 'stk1', 'aux0', 'dead0']",14,96,0,0,True,1.0,0
medium-034,medium,1,propagate,support,96,"['input', 'taint', 'alias', 'mode', 'tmp', 'flag', 'aux0']",7,24,0,0,True,4.0,0
medium-034,medium,1,propagate,pathseal,96,"['input', 'alias', 'mode', 'aux0']",4,24,0,0,True,4.0,0
medium-034,medium,1,propagate,call-context,96,"['ctx', 'sp', 'stk0', 'stk1']",4,4,80,976,False,24.0,90
medium-034,medium,1,propagate,security-surface,96,"['input', 'taint', 'san', 'alias']",4,16,32,192,False,6.0,14
medium-034,medium,1,propagate,syntax-only,96,[],0,1,92,4416,False,96.0,290
medium-034,medium,2,helper,exact-state,96,"['input', 'taint', 'san', 'alias', 'guard', 'mode', 'ctx', 'tmp', 'flag', 'sp', 'stk0', 'stk1', 'aux0', 'dead0']",14,96,0,0,True,1.0,0
medium-034,medium,2,helper,support,96,"['input', 'alias', 'guard', 'mode', 'ctx', 'aux0']",6,24,0,0,True,4.0,0
medium-034,medium,2,helper,pathseal,96,"['input', 'alias', 'mode', 'aux0']",4,24,0,0,True,4.0,0
medium-034,medium,2,helper,call-context,96,"['ctx', 'sp', 'stk0', 'stk1']",4,4,80,976,False,24.0,98
medium-034,medium,2,helper,security-surface,96,"['input', 'taint', 'san', 'alias']",4,18,24,112,False,5.333333333333333,14
medium-034,medium,2,helper,syntax-only,96,[],0,1,92,4416,False,96.0,306
medium-034,medium,3,nested-call,exact-state,96,"['input', 'taint', 'san', 'alias', 'guard', 'mode', 'ctx', 'tmp', 'flag', 'sp', 'stk0', 'stk1', 'aux0', 'dead0']",14,96,0,0,True,1.0,0
medium-034,medium,3,nested-call,support,96,"['alias', 'mode', 'ctx', 'sp', 'stk0', 'stk1', 'aux0']",7,24,0,0,True,4.0,0
medium-034,medium,3,nested-call,pathseal,96,"['input', 'alias', 'mode', 'ctx']",4,24,0,0,True,4.0,0
medium-034,medium,3,nested-call,call-context,96,"['ctx', 'sp', 'stk0', 'stk1']",4,8,64,512,False,12.0,52
medium-034,medium,3,nested-call,security-surface,96,"['input', 'taint', 'san', 'alias']",4,18,24,112,False,5.333333333333333,12
medium-034,medium,3,nested-call,syntax-only,96,[],0,1,92,4416,False,96.0,350
medium-034,medium,4,nested-return,exact-state,96,"['input', 'taint', 'san', 'alias', 'guard', 'mode', 'ctx', 'tmp', 'flag', 'sp', 'stk0', 'stk1', 'aux0', 'dead0']",14,96,0,0,True,1.0,0
medium-034,medium,4,nested-return,support,96,"['input', 'alias', 'mode', 'ctx', 'flag', 'sp', 'stk0', 'stk1', 'aux0']",9,24,0,0,True,4.0,0
medium-034,medium,4,nested-return,pathseal,96,"['alias', 'mode', 'aux0']",3,22,0,0,True,4.363636363636363,0
medium-034,medium,4,nested-return,call-context,96,"['ctx', 'sp', 'stk0', 'stk1']",4,18,12,64,False,5.333333333333333,8
medium-034,medium,4,nested-return,security-surface,96,"['input', 'taint', 'san', 'alias']",4,18,8,48,False,5.333333333333333,6
medium-034,medium,4,nested-return,syntax-only,96,[],0,1,92,2960,False,96.0,300
medium-034,medium,5,sanitize,exact-state,40,"['input', 'taint', 'san', 'alias', 'guard', 'mode', 'ctx', 'tmp', 'flag', 'sp', 'stk0', 'stk1', 'aux0', 'dead0']",14,40,0,0,True,1.0,0
medium-034,medium,5,sanitize,support,40,"['input', 'taint', 'san', 'alias', 'mode']",5,10,0,0,True,4.0,0
medium-034,medium,5,sanitize,pathseal,40,"['input', 'alias', 'mode']",3,10,0,0,True,4.0,0
medium-034,medium,5,sanitize,call-context,40,"['ctx', 'sp', 'stk0', 'stk1']",4,6,16,112,False,6.666666666666667,14
medium-034,medium,5,sanitize,security-surface,40,"['input', 'taint', 'san', 'alias']",4,8,8,48,False,5.0,6
medium-034,medium,5,sanitize,syntax-only,40,[],0,1,36,720,False,40.0,82
medium-034,medium,6,branch,exact-state,40,"['input', 'taint', 'san', 'alias', 'guard', 'mode', 'ctx', 'tmp', 'flag', 'sp', 'stk0', 'stk1', 'aux0', 'dead0']",14,40,0,0,True,1.0,0
medium-034,medium,6,branch,support,40,"['taint', 'alias', 'guard', 'mode', 'aux0']",5,10,0,0,True,4.0,0
medium-034,medium,6,branch,pathseal,40,"['input', 'alias', 'mode']",3,10,0,0,True,4.0,0
medium-034,medium,6,branch,call-context,40,"['ctx', 'sp', 'stk0', 'stk1']",4,6,16,112,False,6.666666666666667,14
medium-034,medium,6,branch,security-surface,40,"['input', 'taint', 'san', 'alias']",4,8,8,48,False,5.0,6
medium-034,medium,6,branch,syntax-only,40,[],0,1,36,720,False,40.0,82
medium-034,medium,7,return,exact-state,36,"['input', 'taint', 'san', 'alias', 'guard', 'mode', 'ctx', 'tmp', 'flag', 'sp', 'stk0', 'stk1', 'aux0', 'dead0']",14,36,0,0,True,1.0,0
medium-034,medium,7,return,support,36,"['alias', 'mode', 'ctx', 'sp', 'stk0', 'stk1']",6,9,0,0,True,4.0,0
medium-034,medium,7,return,pathseal,36,"['alias', 'aux0']",2,8,0,0,True,4.5,0
medium-034,medium,7,return,call-context,36,"['ctx', 'sp', 'stk0', 'stk1']",4,5,12,96,False,7.2,12
medium-034,medium,7,return,security-surface,36,"['input', 'taint', 'san', 'alias']",4,8,4,16,False,4.5,2
medium-034,medium,7,return,syntax-only,36,[],0,1,32,528,False,36.0,64
medium-034,medium,8,sink,exact-state,24,"['input', 'taint', 'san', 'alias', 'guard', 'mode', 'ctx', 'tmp', 'flag', 'sp', 'stk0', 'stk1', 'aux0', 'dead0']",14,24,0,0,True,1.0,0
medium-034,medium,8,sink,support,24,"['taint', 'alias', 'mode', 'ctx', 'sp']",5,6,0,0,True,4.0,0
medium-034,medium,8,sink,pathseal,24,"['alias', 'mode']",2,6,0,0,True,4.0,0
medium-034,medium,8,sink,call-context,24,"['ctx', 'sp', 'stk0', 'stk1']",4,3,12,96,False,8.0,12
medium-034,medium,8,sink,security-surface,24,"['input', 'taint', 'san', 'alias']",4,5,4,16,False,4.8,2
medium-034,medium,8,sink,syntax-only,24,[],0,1,20,240,False,24.0,30
medium-035,medium,0,source,exact-state,96,"['input', 'taint', 'san', 'alias', 'guard', 'mode', 'ctx', 'tmp', 'flag', 'sp', 'stk0', 'stk1', 'aux0', 'dead0']",14,96,0,0,True,1.0,0
medium-035,medium,0,source,support,96,"['input', 'alias', 'mode', 'ctx', 'sp', 'stk0', 'stk1']",7,24,0,0,True,4.0,0
medium-035,medium,0,source,pathseal,96,"['input', 'alias', 'mode', 'ctx']",4,24,0,0,True,4.0,0
medium-035,medium,0,source,call-context,96,"['ctx', 'sp', 'stk0', 'stk1']",4,4,80,1008,False,24.0,96
medium-035,medium,0,source,security-surface,96,"['input', 'taint', 'san', 'alias']",4,15,36,192,False,6.4,20
medium-035,medium,0,source,syntax-only,96,[],0,1,92,4416,False,96.0,290
medium-035,medium,1,propagate,exact-state,96,"['input', 'taint', 'san', 'alias', 'guard', 'mode', 'ctx', 'tmp', 'flag', 'sp', 'stk0', 'stk1', 'aux0', 'dead0']",14,96,0,0,True,1.0,0
medium-035,medium,1,propagate,support,96,"['input', 'taint', 'alias', 'mode', 'ctx', 'tmp', 'flag']",7,24,0,0,True,4.0,0
medium-035,medium,1,propagate,pathseal,96,"['input', 'alias', 'mode', 'ctx']",4,24,0,0,True,4.0,0
medium-035,medium,1,propagate,call-context,96,"['ctx', 'sp', 'stk0', 'stk1']",4,4,80,1008,False,24.0,96
medium-035,medium,1,propagate,security-surface,96,"['input', 'taint', 'san', 'alias']",4,15,36,192,False,6.4,20
medium-035,medium,1,propagate,syntax-only,96,[],0,1,92,4416,False,96.0,290
medium-035,medium,2,helper,exact-state,96,"['input', 'taint', 'san', 'alias', 'guard', 'mode', 'ctx', 'tmp', 'flag', 'sp', 'stk0', 'stk1', 'aux0', 'dead0']",14,96,0,0,True,1.0,0
medium-035,medium,2,helper,support,96,"['alias', 'guard', 'mode', 'ctx', 'stk0', 'aux0']",6,24,0,0,True,4.0,0
medium-035,medium,2,helper,pathseal,96,"['input', 'alias', 'mode', 'ctx']",4,24,0,0,True,4.0,0
medium-035,medium,2,helper,call-context,96,"['ctx', 'sp', 'stk0', 'stk1']",4,4,80,1008,False,24.0,88
medium-035,medium,2,helper,security-surface,96,"['input', 'taint', 'san', 'alias']",4,15,36,176,False,6.4,20
medium-035,medium,2,helper,syntax-only,96,[],0,1,92,4416,False,96.0,290
medium-035,medium,3,nested-call,exact-state,96,"['input', 'taint', 'san', 'alias', 'guard', 'mode', 'ctx', 'tmp', 'flag', 'sp', 'stk0', 'stk1', 'aux0', 'dead0']",14,96,0,0,True,1.0,0
medium-035,medium,3,nested-call,support,96,"['input', 'san', 'ctx', 'sp', 'stk0', 'stk1', 'aux0']",7,24,0,0,True,4.0,0
medium-035,medium,3,nested-call,pathseal,96,"['alias', 'mode', 'stk0', 'aux0']",4,24,0,0,True,4.0,0
medium-035,medium,3,nested-call,call-context,96,"['ctx', 'sp', 'stk0', 'stk1']",4,8,64,624,False,12.0,52
medium-035,medium,3,nested-call,security-surface,96,"['input', 'taint', 'san', 'alias']",4,15,36,176,False,6.4,20
medium-035,medium,3,nested-call,syntax-only,96,[],0,1,92,4416,False,96.0,332
medium-035,medium,4,nested-return,exact-state,96,"['input', 'taint', 'san', 'alias', 'guard', 'mode', 'ctx', 'tmp', 'flag', 'sp', 'stk0', 'stk1', 'aux0', 'dead0']",14,96,0,0,True,1.0,0
medium-035,medium,4,nested-return,support,96,"['san', 'alias', 'mode', 'ctx', 'flag', 'sp', 'stk0', 'stk1', 'aux0']",9,24,0,0,True,4.0,0
medium-035,medium,4,nested-return,pathseal,96,"['input', 'san', 'stk0', 'stk1']",4,24,0,0,True,4.0,0
medium-035,medium,4,nested-return,call-context,96,"['ctx', 'sp', 'stk0', 'stk1']",4,18,16,80,False,5.333333333333333,10
medium-035,medium,4,nested-return,security-surface,96,"['input', 'taint', 'san', 'alias']",4,15,20,112,False,6.4,14
medium-035,medium,4,nested-return,syntax-only,96,[],0,1,92,2960,False,96.0,282
medium-035,medium,5,sanitize,exact-state,40,"['input', 'taint', 'san', 'alias', 'guard', 'mode', 'ctx', 'tmp', 'flag', 'sp', 'stk0', 'stk1', 'aux0', 'dead0']",14,40,0,0,True,1.0,0
medium-035,medium,5,sanitize,support,40,"['taint', 'san', 'alias', 'mode']",4,10,0,0,True,4.0,0
medium-035,medium,5,sanitize,pathseal,40,"['san', 'alias', 'mode']",3,10,0,0,True,4.0,0
medium-035,medium,5,sanitize,call-context,40,"['ctx', 'sp', 'stk0', 'stk1']",4,6,16,80,False,6.666666666666667,10
medium-035,medium,5,sanitize,security-surface,40,"['input', 'taint', 'san', 'alias']",4,8,8,32,False,5.0,4
medium-035,medium,5,sanitize,syntax-only,40,[],0,1,36,720,False,40.0,76
medium-035,medium,6,branch,exact-state,40,"['input', 'taint', 'san', 'alias', 'guard', 'mode', 'ctx', 'tmp', 'flag', 'sp', 'stk0', 'stk1', 'aux0', 'dead0']",14,40,0,0,True,1.0,0
medium-035,medium,6,branch,support,40,"['taint', 'alias', 'guard', 'mode']",4,10,0,0,True,4.0,0
medium-035,medium,6,branch,pathseal,40,"['taint', 'alias', 'mode']",3,10,0,0,True,4.0,0
medium-035,medium,6,branch,call-context,40,"['ctx', 'sp', 'stk0', 'stk1']",4,6,16,64,False,6.666666666666667,8
medium-035,medium,6,branch,security-surface,40,"['input', 'taint', 'san', 'alias']",4,8,8,32,False,5.0,4
medium-035,medium,6,branch,syntax-only,40,[],0,1,36,672,False,40.0,72
medium-035,medium,7,return,exact-state,28,"['input', 'taint', 'san', 'alias', 'guard', 'mode', 'ctx', 'tmp', 'flag', 'sp', 'stk0', 'stk1', 'aux0', 'dead0']",14,28,0,0,True,1.0,0
medium-035,medium,7,return,support,28,"['input', 'ctx', 'sp', 'stk0', 'stk1']",5,6,0,0,True,4.666666666666667,0
medium-035,medium,7,return,pathseal,28,"['alias', 'mode']",2,7,0,0,True,4.0,0
medium-035,medium,7,return,call-context,28,"['ctx', 'sp', 'stk0', 'stk1']",4,5,4,16,False,5.6,2
medium-035,medium,7,return,security-surface,28,"['input', 'taint', 'san', 'alias']",4,6,4,16,False,4.666666666666667,2
medium-035,medium,7,return,syntax-only,28,[],0,1,24,288,False,28.0,36
medium-035,medium,8,sink,exact-state,16,"['input', 'taint', 'san', 'alias', 'guard', 'mode', 'ctx', 'tmp', 'flag', 'sp', 'stk0', 'stk1', 'aux0', 'dead0']",14,16,0,0,True,1.0,0
medium-035,medium,8,sink,support,16,"['taint', 'alias', 'mode', 'ctx', 'sp']",5,4,0,0,True,4.0,0
medium-035,medium,8,sink,pathseal,16,"['input', 'ctx']",2,4,0,0,True,4.0,0
medium-035,medium,8,sink,call-context,16,"['ctx', 'sp', 'stk0', 'stk1']",4,3,4,16,False,5.333333333333333,2
medium-035,medium,8,sink,security-surface,16,"['input', 'taint', 'san', 'alias']",4,3,4,16,False,5.333333333333333,2
medium-035,medium,8,sink,syntax-only,16,[],0,1,12,96,False,16.0,12
medium-036,medium,0,source,exact-state,96,"['input', 'taint', 'san', 'alias', 'guard', 'mode', 'ctx', 'tmp', 'flag', 'sp', 'stk0', 'stk1', 'aux0', 'dead0']",14,96,0,0,True,1.0,0
medium-036,medium,0,source,support,96,"['input', 'alias', 'ctx', 'flag', 'sp', 'stk0', 'stk1', 'aux0']",8,24,0,0,True,4.0,0
medium-036,medium,0,source,pathseal,96,"['input', 'alias', 'ctx', 'aux0']",4,24,0,0,True,4.0,0
medium-036,medium,0,source,call-context,96,"['ctx', 'sp', 'stk0', 'stk1']",4,4,80,1200,False,24.0,118
medium-036,medium,0,source,security-surface,96,"['input', 'taint', 'san', 'alias']",4,13,44,224,False,7.384615384615385,22
medium-036,medium,0,source,syntax-only,96,[],0,1,92,4416,False,96.0,318
medium-036,medium,1,propagate,exact-state,96,"['input', 'taint', 'san', 'alias', 'guard', 'mode', 'ctx', 'tmp', 'flag', 'sp', 'stk0', 'stk1', 'aux0', 'dead0']",14,96,0,0,True,1.0,0
medium-036,medium,1,propagate,support,96,"['input', 'taint', 'alias', 'mode', 'tmp', 'flag', 'aux0']",7,24,0,0,True,4.0,0
medium-036,medium,1,propagate,pathseal,96,"['input', 'alias', 'ctx', 'aux0']",4,24,0,0,True,4.0,0
medium-036,medium,1,propagate,call-context,96,"['ctx', 'sp', 'stk0', 'stk1']",4,4,80,1200,False,24.0,118
medium-036,medium,1,propagate,security-surface,96,"['input', 'taint', 'san', 'alias']",4,17,28,128,False,5.647058823529412,10
medium-036,medium,1,propagate,syntax-only,96,[],0,1,92,4416,False,96.0,318
medium-036,medium,2,helper,exact-state,96,"['input', 'taint', 'san', 'alias', 'guard', 'mode', 'ctx', 'tmp', 'flag', 'sp', 'stk0', 'stk1', 'aux0', 'dead0']",14,96,0,0,True,1.0,0
medium-036,medium,2,helper,support,96,"['input', 'alias', 'guard', 'mode', 'ctx', 'aux0']",6,24,0,0,True,4.0,0
medium-036,medium,2,helper,pathseal,96,"['input', 'alias', 'mode', 'aux0']",4,24,0,0,True,4.0,0
medium-036,medium,2,helper,call-context,96,"['ctx', 'sp', 'stk0', 'stk1']",4,4,80,1200,False,24.0,118
medium-036,medium,2,helper,security-surface,96,"['input', 'taint', 'san', 'alias']",4,19,20,80,False,5.052631578947368,10
medium-036,medium,2,helper,syntax-only,96,[],0,1,92,4416,False,96.0,318
medium-036,medium,3,nested-call,exact-state,96,"['input', 'taint', 'san', 'alias', 'guard', 'mode', 'ctx', 'tmp', 'flag', 'sp', 'stk0', 'stk1', 'aux0', 'dead0']",14,96,0,0,True,1.0,0
medium-036,medium,3,nested-call,support,96,"['input', 'taint', 'alias', 'mode', 'ctx', 'sp', 'stk0', 'stk1', 'aux0']",9,24,0,0,True,4.0,0
medium-036,medium,3,nested-call,pathseal,96,"['input', 'alias', 'mode', 'aux0']",4,24,0,0,True,4.0,0
medium-036,medium,3,nested-call,call-context,96,"['ctx', 'sp', 'stk0', 'stk1']",4,6,72,672,False,16.0,70
medium-036,medium,3,nested-call,security-surface,96,"['input', 'taint', 'san', 'alias']",4,19,20,80,False,5.052631578947368,10
medium-036,medium,3,nested-call,syntax-only,96,[],0,1,92,4416,False,96.0,344
medium-036,medium,4,nested-return,exact-state,96,"['input', 'taint', 'san', 'alias', 'guard', 'mode', 'ctx', 'tmp', 'flag', 'sp', 'stk0', 'stk1', 'aux0', 'dead0']",14,96,0,0,True,1.0,0
medium-036,medium,4,nested-return,support,96,"['input', 'alias', 'mode', 'ctx', 'flag', 'sp', 'stk0', 'stk1', 'aux0']",9,24,0,0,True,4.0,0
medium-036,medium,4,nested-return,pathseal,96,"['input', 'taint', 'alias', 'mode']",4,21,0,0,True,4.571428571428571,0
medium-036,medium,4,nested-return,call-context,96,"['ctx', 'sp', 'stk0', 'stk1']",4,16,16,96,False,6.0,12
medium-036,medium,4,nested-return,security-surface,96,"['input', 'taint', 'san', 'alias']",4,19,8,32,False,5.052631578947368,4
medium-036,medium,4,nested-return,syntax-only,96,[],0,1,92,2960,False,96.0,284
medium-036,medium,5,sanitize,exact-state,40,"['input', 'taint', 'san', 'alias', 'guard', 'mode', 'ctx', 'tmp', 'flag', 'sp', 'stk0', 'stk1', 'aux0', 'dead0']",14,40,0,0,True,1.0,0
medium-036,medium,5,sanitize,support,40,"['taint', 'san', 'alias', 'mode']",4,10,0,0,True,4.0,0
medium-036,medium,5,sanitize,pathseal,40,"['input', 'alias', 'mode']",3,10,0,0,True,4.0,0
medium-036,medium,5,sanitize,call-context,40,"['ctx', 'sp', 'stk0', 'stk1']",4,5,20,112,False,8.0,14
medium-036,medium,5,sanitize,security-surface,40,"['input', 'taint', 'san', 'alias']",4,8,8,32,False,5.0,4
medium-036,medium,5,sanitize,syntax-only,40,[],0,1,36,720,False,40.0,78
medium-036,medium,6,branch,exact-state,40,"['input', 'taint', 'san', 'alias', 'guard', 'mode', 'ctx', 'tmp', 'flag', 'sp', 'stk0', 'stk1', 'aux0', 'dead0']",14,40,0,0,True,1.0,0
medium-036,medium,6,branch,support,40,"['input', 'taint', 'alias', 'guard', 'mode']",5,10,0,0,True,4.0,0
medium-036,medium,6,branch,pathseal,40,"['alias', 'mode']",2,9,0,0,True,4.444444444444445,0
medium-036,medium,6,branch,call-context,40,"['ctx', 'sp', 'stk0', 'stk1']",4,5,12,64,False,8.0,8
medium-036,medium,6,branch,security-surface,40,"['input', 'taint', 'san', 'alias']",4,8,8,32,False,5.0,4
medium-036,medium,6,branch,syntax-only,40,[],0,1,36,672,False,40.0,76
medium-036,medium,7,return,exact-state,28,"['input', 'taint', 'san', 'alias', 'guard', 'mode', 'ctx', 'tmp', 'flag', 'sp', 'stk0', 'stk1', 'aux0', 'dead0']",14,28,0,0,True,1.0,0
medium-036,medium,7,return,support,28,"['input', 'mode', 'ctx', 'sp', 'stk0', 'stk1']",6,7,0,0,True,4.0,0
medium-036,medium,7,return,pathseal,28,"['input', 'mode']",2,7,0,0,True,4.0,0
medium-036,medium,7,return,call-context,28,"['ctx', 'sp', 'stk0', 'stk1']",4,4,12,64,False,7.0,8
medium-036,medium,7,return,security-surface,28,"['input', 'taint', 'san', 'alias']",4,6,4,16,False,4.666666666666667,2
medium-036,medium,7,return,syntax-only,28,[],0,1,24,336,False,28.0,36
medium-036,medium,8,sink,exact-state,28,"['input', 'taint', 'san', 'alias', 'guard', 'mode', 'ctx', 'tmp', 'flag', 'sp', 'stk0', 'stk1', 'aux0', 'dead0']",14,28,0,0,True,1.0,0
medium-036,medium,8,sink,support,28,"['taint', 'alias', 'mode', 'ctx', 'sp']",5,7,0,0,True,4.0,0
medium-036,medium,8,sink,pathseal,28,"['input', 'mode']",2,7,0,0,True,4.0,0
medium-036,medium,8,sink,call-context,28,"['ctx', 'sp', 'stk0', 'stk1']",4,4,12,64,False,7.0,8
medium-036,medium,8,sink,security-surface,28,"['input', 'taint', 'san', 'alias']",4,6,4,16,False,4.666666666666667,2
medium-036,medium,8,sink,syntax-only,28,[],0,1,24,336,False,28.0,36
medium-037,medium,0,source,exact-state,96,"['input', 'taint', 'san', 'alias', 'guard', 'mode', 'ctx', 'tmp', 'flag', 'sp', 'stk0', 'stk1', 'aux0', 'dead0']",14,96,0,0,True,1.0,0
medium-037,medium,0,source,support,96,"['input', 'san', 'guard', 'ctx', 'sp', 'stk0', 'stk1', 'aux0']",8,24,0,0,True,4.0,0
medium-037,medium,0,source,pathseal,96,"['input', 'san', 'guard', 'ctx', 'aux0']",5,24,0,0,True,4.0,0
medium-037,medium,0,source,call-context,96,"['ctx', 'sp', 'stk0', 'stk1']",4,4,80,1168,False,24.0,114
medium-037,medium,0,source,security-surface,96,"['input', 'taint', 'san', 'alias']",4,12,48,240,False,8.0,24
medium-037,medium,0,source,syntax-only,96,[],0,1,92,4416,False,96.0,310
medium-037,medium,1,propagate,exact-state,96,"['input', 'taint', 'san', 'alias', 'guard', 'mode', 'ctx', 'tmp', 'flag', 'sp', 'stk0', 'stk1', 'aux0', 'dead0']",14,96,0,0,True,1.0,0
medium-037,medium,1,propagate,support,96,"['input', 'taint', 'san', 'alias', 'mode', 'tmp', 'flag', 'aux0']",8,24,0,0,True,4.0,0
medium-037,medium,1,propagate,pathseal,96,"['input', 'san', 'guard', 'ctx', 'aux0']",5,24,0,0,True,4.0,0
medium-037,medium,1,propagate,call-context,96,"['ctx', 'sp', 'stk0', 'stk1']",4,4,80,1168,False,24.0,114
medium-037,medium,1,propagate,security-surface,96,"['input', 'taint', 'san', 'alias']",4,12,48,240,False,8.0,24
medium-037,medium,1,propagate,syntax-only,96,[],0,1,92,4416,False,96.0,310
medium-037,medium,2,helper,exact-state,96,"['input', 'taint', 'san', 'alias', 'guard', 'mode', 'ctx', 'tmp', 'flag', 'sp', 'stk0', 'stk1', 'aux0', 'dead0']",14,96,0,0,True,1.0,0
medium-037,medium,2,helper,support,96,"['input', 'alias', 'guard', 'mode', 'ctx', 'aux0']",6,24,0,0,True,4.0,0
medium-037,medium,2,helper,pathseal,96,"['input', 'san', 'alias', 'mode', 'aux0']",5,24,0,0,True,4.0,0
medium-037,medium,2,helper,call-context,96,"['ctx', 'sp', 'stk0', 'stk1']",4,4,80,1168,False,24.0,108
medium-037,medium,2,helper,security-surface,96,"['input', 'taint', 'san', 'alias']",4,14,40,240,False,6.857142857142857,24
medium-037,medium,2,helper,syntax-only,96,[],0,1,92,4416,False,96.0,308
medium-037,medium,3,nested-call,exact-state,96,"['input', 'taint', 'san', 'alias', 'guard', 'mode', 'ctx', 'tmp', 'flag', 'sp', 'stk0', 'stk1', 'aux0', 'dead0']",14,96,0,0,True,1.0,0
medium-037,medium,3,nested-call,support,96,"['input', 'san', 'alias', 'ctx', 'sp', 'stk0', 'stk1', 'aux0']",8,24,0,0,True,4.0,0
medium-037,medium,3,nested-call,pathseal,96,"['input', 'alias', 'mode', 'ctx']",4,24,0,0,True,4.0,0
medium-037,medium,3,nested-call,call-context,96,"['ctx', 'sp', 'stk0', 'stk1']",4,8,64,512,False,12.0,46
medium-037,medium,3,nested-call,security-surface,96,"['input', 'taint', 'san', 'alias']",4,14,36,224,False,6.857142857142857,26
medium-037,medium,3,nested-call,syntax-only,96,[],0,1,92,4400,False,96.0,354
medium-037,medium,4,nested-return,exact-state,96,"['input', 'taint', 'san', 'alias', 'guard', 'mode', 'ctx', 'tmp', 'flag', 'sp', 'stk0', 'stk1', 'aux0', 'dead0']",14,96,0,0,True,1.0,0
medium-037,medium,4,nested-return,support,96,"['input', 'alias', 'mode', 'ctx', 'flag', 'sp', 'stk0', 'stk1', 'aux0']",9,24,0,0,True,4.0,0
medium-037,medium,4,nested-return,pathseal,96,"['input', 'san', 'alias', 'ctx']",4,22,0,0,True,4.363636363636363,0
medium-037,medium,4,nested-return,call-context,96,"['ctx', 'sp', 'stk0', 'stk1']",4,15,36,160,False,6.4,14
medium-037,medium,4,nested-return,security-surface,96,"['input', 'taint', 'san', 'alias']",4,14,32,192,False,6.857142857142857,22
medium-037,medium,4,nested-return,syntax-only,96,[],0,1,40,2960,False,96.0,302
medium-037,medium,5,sanitize,exact-state,40,"['input', 'taint', 'san', 'alias', 'guard', 'mode', 'ctx', 'tmp', 'flag', 'sp', 'stk0', 'stk1', 'aux0', 'dead0']",14,40,0,0,True,1.0,0
medium-037,medium,5,sanitize,support,40,"['taint', 'san', 'alias', 'mode']",4,10,0,0,True,4.0,0
medium-037,medium,5,sanitize,pathseal,40,"['input', 'alias', 'mode']",3,10,0,0,True,4.0,0
medium-037,medium,5,sanitize,call-context,40,"['ctx', 'sp', 'stk0', 'stk1']",4,8,8,48,False,5.0,6
medium-037,medium,5,sanitize,security-surface,40,"['input', 'taint', 'san', 'alias']",4,8,8,32,False,5.0,4
medium-037,medium,5,sanitize,syntax-only,40,[],0,1,36,720,False,40.0,84
medium-037,medium,6,branch,exact-state,40,"['input', 'taint', 'san', 'alias', 'guard', 'mode', 'ctx', 'tmp', 'flag', 'sp', 'stk0', 'stk1', 'aux0', 'dead0']",14,40,0,0,True,1.0,0
medium-037,medium,6,branch,support,40,"['taint', 'san', 'alias', 'guard', 'mode', 'aux0']",6,10,0,0,True,4.0,0
medium-037,medium,6,branch,pathseal,40,"['alias', 'mode']",2,9,0,0,True,4.444444444444445,0
medium-037,medium,6,branch,call-context,40,"['ctx', 'sp', 'stk0', 'stk1']",4,8,4,32,False,5.0,4
medium-037,medium,6,branch,security-surface,40,"['input', 'taint', 'san', 'alias']",4,8,8,32,False,5.0,4
medium-037,medium,6,branch,syntax-only,40,[],0,1,36,704,False,40.0,82
medium-037,medium,7,return,exact-state,32,"['input', 'taint', 'san', 'alias', 'guard', 'mode', 'ctx', 'tmp', 'flag', 'sp', 'stk0', 'stk1', 'aux0', 'dead0']",14,32,0,0,True,1.0,0
medium-037,medium,7,return,support,32,"['ctx', 'sp', 'stk0', 'stk1']",4,8,0,0,True,4.0,0
medium-037,medium,7,return,pathseal,32,"['san', 'aux0']",2,6,0,0,True,5.333333333333333,0
medium-037,medium,7,return,call-context,32,"['ctx', 'sp', 'stk0', 'stk1']",4,8,0,0,True,4.0,0
medium-037,medium,7,return,security-surface,32,"['input', 'taint', 'san', 'alias']",4,6,8,32,False,5.333333333333333,4
medium-037,medium,7,return,syntax-only,32,[],0,1,28,352,False,32.0,42
medium-037,medium,8,sink,exact-state,16,"['input', 'taint', 'san', 'alias', 'guard', 'mode', 'ctx', 'tmp', 'flag', 'sp', 'stk0', 'stk1', 'aux0', 'dead0']",14,16,0,0,True,1.0,0
medium-037,medium,8,sink,support,16,"['taint', 'alias', 'mode', 'ctx', 'sp']",5,4,0,0,True,4.0,0
medium-037,medium,8,sink,pathseal,16,['ctx'],1,4,0,0,True,4.0,0
medium-037,medium,8,sink,call-context,16,"['ctx', 'sp', 'stk0', 'stk1']",4,4,0,0,True,4.0,0
medium-037,medium,8,sink,security-surface,16,"['input', 'taint', 'san', 'alias']",4,3,4,16,False,5.333333333333333,2
medium-037,medium,8,sink,syntax-only,16,[],0,1,12,96,False,16.0,10
medium-038,medium,0,source,exact-state,96,"['input', 'taint', 'san', 'alias', 'guard', 'mode', 'ctx', 'tmp', 'flag', 'sp', 'stk0', 'stk1', 'aux0', 'dead0']",14,96,0,0,True,1.0,0
medium-038,medium,0,source,support,96,"['input', 'mode', 'ctx', 'flag', 'sp', 'stk0', 'stk1', 'aux0']",8,24,0,0,True,4.0,0
medium-038,medium,0,source,pathseal,96,"['mode', 'ctx', 'aux0']",3,24,0,0,True,4.0,0
medium-038,medium,0,source,call-context,96,"['ctx', 'sp', 'stk0', 'stk1']",4,4,80,976,False,24.0,86
medium-038,medium,0,source,security-surface,96,"['input', 'taint', 'san', 'alias']",4,14,40,208,False,6.857142857142857,20
medium-038,medium,0,source,syntax-only,96,[],0,1,92,4416,False,96.0,286
medium-038,medium,1,propagate,exact-state,96,"['input', 'taint', 'san', 'alias', 'guard', 'mode', 'ctx', 'tmp', 'flag', 'sp', 'stk0', 'stk1', 'aux0', 'dead0']",14,96,0,0,True,1.0,0
medium-038,medium,1,propagate,support,96,"['taint', 'alias', 'mode', 'ctx', 'tmp', 'flag', 'aux0']",7,24,0,0,True,4.0,0
medium-038,medium,1,propagate,pathseal,96,"['mode', 'ctx', 'aux0']",3,24,0,0,True,4.0,0
medium-038,medium,1,propagate,call-context,96,"['ctx', 'sp', 'stk0', 'stk1']",4,4,80,976,False,24.0,86
medium-038,medium,1,propagate,security-surface,96,"['input', 'taint', 'san', 'alias']",4,17,28,144,False,5.647058823529412,12
medium-038,medium,1,propagate,syntax-only,96,[],0,1,92,4416,False,96.0,286
medium-038,medium,2,helper,exact-state,96,"['input', 'taint', 'san', 'alias', 'guard', 'mode', 'ctx', 'tmp', 'flag', 'sp', 'stk0', 'stk1', 'aux0', 'dead0']",14,96,0,0,True,1.0,0
medium-038,medium,2,helper,support,96,"['guard', 'mode', 'ctx', 'stk0', 'aux0']",5,24,0,0,True,4.0,0
medium-038,medium,2,helper,pathseal,96,"['mode', 'ctx', 'aux0']",3,24,0,0,True,4.0,0
medium-038,medium,2,helper,call-context,96,"['ctx', 'sp', 'stk0', 'stk1']",4,4,80,976,False,24.0,90
medium-038,medium,2,helper,security-surface,96,"['input', 'taint', 'san', 'alias']",4,18,24,144,False,5.333333333333333,14
medium-038,medium,2,helper,syntax-only,96,[],0,1,92,4416,False,96.0,310
medium-038,medium,3,nested-call,exact-state,96,"['input', 'taint', 'san', 'alias', 'guard', 'mode', 'ctx', 'tmp', 'flag', 'sp', 'stk0', 'stk1', 'aux0', 'dead0']",14,96,0,0,True,1.0,0
medium-038,medium,3,nested-call,support,96,"['mode', 'ctx', 'sp', 'stk0', 'stk1', 'aux0']",6,24,0,0,True,4.0,0
medium-038,medium,3,nested-call,pathseal,96,"['mode', 'stk0', 'aux0']",3,24,0,0,True,4.0,0
medium-038,medium,3,nested-call,call-context,96,"['ctx', 'sp', 'stk0', 'stk1']",4,8,64,464,False,12.0,42
medium-038,medium,3,nested-call,security-surface,96,"['input', 'taint', 'san', 'alias']",4,18,24,144,False,5.333333333333333,14
medium-038,medium,3,nested-call,syntax-only,96,[],0,1,92,4416,False,96.0,344
medium-038,medium,4,nested-return,exact-state,96,"['input', 'taint', 'san', 'alias', 'guard', 'mode', 'ctx', 'tmp', 'flag', 'sp', 'stk0', 'stk1', 'aux0', 'dead0']",14,96,0,0,True,1.0,0
medium-038,medium,4,nested-return,support,96,"['input', 'mode', 'ctx', 'flag', 'sp', 'stk0', 'stk1', 'aux0']",8,24,0,0,True,4.0,0
medium-038,medium,4,nested-return,pathseal,96,"['mode', 'stk0', 'aux0']",3,24,0,0,True,4.0,0
medium-038,medium,4,nested-return,call-context,96,"['ctx', 'sp', 'stk0', 'stk1']",4,20,8,48,False,4.8,6
medium-038,medium,4,nested-return,security-surface,96,"['input', 'taint', 'san', 'alias']",4,18,16,96,False,5.333333333333333,10
medium-038,medium,4,nested-return,syntax-only,96,[],0,1,92,3536,False,96.0,336
medium-038,medium,5,sanitize,exact-state,52,"['input', 'taint', 'san', 'alias', 'guard', 'mode', 'ctx', 'tmp', 'flag', 'sp', 'stk0', 'stk1', 'aux0', 'dead0']",14,52,0,0,True,1.0,0
medium-038,medium,5,sanitize,support,52,"['input', 'taint', 'san', 'mode', 'stk0']",5,13,0,0,True,4.0,0
medium-038,medium,5,sanitize,pathseal,52,"['input', 'mode', 'stk0']",3,13,0,0,True,4.0,0
medium-038,medium,5,sanitize,call-context,52,"['ctx', 'sp', 'stk0', 'stk1']",4,8,20,96,False,6.5,10
medium-038,medium,5,sanitize,security-surface,52,"['input', 'taint', 'san', 'alias']",4,9,16,96,False,5.777777777777778,10
medium-038,medium,5,sanitize,syntax-only,52,[],0,1,48,1248,False,52.0,116
medium-038,medium,6,branch,exact-state,52,"['input', 'taint', 'san', 'alias', 'guard', 'mode', 'ctx', 'tmp', 'flag', 'sp', 'stk0', 'stk1', 'aux0', 'dead0']",14,52,0,0,True,1.0,0
medium-038,medium,6,branch,support,52,"['input', 'taint', 'alias', 'guard', 'mode', 'stk0']",6,13,0,0,True,4.0,0
medium-038,medium,6,branch,pathseal,52,"['input', 'mode', 'stk0']",3,13,0,0,True,4.0,0
medium-038,medium,6,branch,call-context,52,"['ctx', 'sp', 'stk0', 'stk1']",4,8,20,96,False,6.5,10
medium-038,medium,6,branch,security-surface,52,"['input', 'taint', 'san', 'alias']",4,9,16,96,False,5.777777777777778,10
medium-038,medium,6,branch,syntax-only,52,[],0,1,48,1248,False,52.0,126
medium-038,medium,7,return,exact-state,48,"['input', 'taint', 'san', 'alias', 'guard', 'mode', 'ctx', 'tmp', 'flag', 'sp', 'stk0', 'stk1', 'aux0', 'dead0']",14,48,0,0,True,1.0,0
medium-038,medium,7,return,support,48,"['taint', 'mode', 'ctx', 'sp', 'stk0', 'stk1']",6,12,0,0,True,4.0,0
medium-038,medium,7,return,pathseal,48,"['input', 'mode', 'stk0']",3,12,0,0,True,4.0,0
medium-038,medium,7,return,call-context,48,"['ctx', 'sp', 'stk0', 'stk1']",4,8,4,16,False,6.0,2
medium-038,medium,7,return,security-surface,48,"['input', 'taint', 'san', 'alias']",4,9,8,48,False,5.333333333333333,6
medium-038,medium,7,return,syntax-only,48,[],0,1,20,720,False,48.0,78
medium-038,medium,8,sink,exact-state,20,"['input', 'taint', 'san', 'alias', 'guard', 'mode', 'ctx', 'tmp', 'flag', 'sp', 'stk0', 'stk1', 'aux0', 'dead0']",14,20,0,0,True,1.0,0
medium-038,medium,8,sink,support,20,"['taint', 'alias', 'mode', 'ctx', 'sp']",5,5,0,0,True,4.0,0
medium-038,medium,8,sink,pathseal,20,"['taint', 'mode']",2,5,0,0,True,4.0,0
medium-038,medium,8,sink,call-context,20,"['ctx', 'sp', 'stk0', 'stk1']",4,4,4,16,False,5.0,2
medium-038,medium,8,sink,security-surface,20,"['input', 'taint', 'san', 'alias']",4,4,4,16,False,5.0,2
medium-038,medium,8,sink,syntax-only,20,[],0,1,16,160,False,20.0,20
medium-039,medium,0,source,exact-state,96,"['input', 'taint', 'san', 'alias', 'guard', 'mode', 'ctx', 'tmp', 'flag', 'sp', 'stk0', 'stk1', 'aux0', 'dead0']",14,96,0,0,True,1.0,0
medium-039,medium,0,source,support,96,"['input', 'alias', 'mode', 'ctx', 'sp', 'stk0', 'stk1', 'aux0']",8,24,0,0,True,4.0,0
medium-039,medium,0,source,pathseal,96,"['input', 'alias', 'mode', 'aux0']",4,24,0,0,True,4.0,0
medium-039,medium,0,source,call-context,96,"['ctx', 'sp', 'stk0', 'stk1']",4,4,80,1264,False,24.0,118
medium-039,medium,0,source,security-surface,96,"['input', 'taint', 'san', 'alias']",4,12,48,256,False,8.0,22
medium-039,medium,0,source,syntax-only,96,[],0,1,92,4416,False,96.0,314
medium-039,medium,1,propagate,exact-state,96,"['input', 'taint', 'san', 'alias', 'guard', 'mode', 'ctx', 'tmp', 'flag', 'sp', 'stk0', 'stk1', 'aux0', 'dead0']",14,96,0,0,True,1.0,0
medium-039,medium,1,propagate,support,96,"['input', 'taint', 'alias', 'mode', 'tmp', 'flag', 'aux0']",7,24,0,0,True,4.0,0
medium-039,medium,1,propagate,pathseal,96,"['input', 'alias', 'mode', 'aux0']",4,24,0,0,True,4.0,0
medium-039,medium,1,propagate,call-context,96,"['ctx', 'sp', 'stk0', 'stk1']",4,4,80,1264,False,24.0,118
medium-039,medium,1,propagate,security-surface,96,"['input', 'taint', 'san', 'alias']",4,12,48,256,False,8.0,22
medium-039,medium,1,propagate,syntax-only,96,[],0,1,92,4416,False,96.0,314
medium-039,medium,2,helper,exact-state,96,"['input', 'taint', 'san', 'alias', 'guard', 'mode', 'ctx', 'tmp', 'flag', 'sp', 'stk0', 'stk1', 'aux0', 'dead0']",14,96,0,0,True,1.0,0
medium-039,medium,2,helper,support,96,"['input', 'alias', 'guard', 'mode', 'ctx', 'aux0']",6,24,0,0,True,4.0,0
medium-039,medium,2,helper,pathseal,96,"['input', 'alias', 'mode', 'aux0']",4,24,0,0,True,4.0,0
medium-039,medium,2,helper,call-context,96,"['ctx', 'sp', 'stk0', 'stk1']",4,4,80,1264,False,24.0,118
medium-039,medium,2,helper,security-surface,96,"['input', 'taint', 'san', 'alias']",4,12,48,320,False,8.0,32
medium-039,medium,2,helper,syntax-only,96,[],0,1,92,4416,False,96.0,324
medium-039,medium,3,nested-call,exact-state,96,"['input', 'taint', 'san', 'alias', 'guard', 'mode', 'ctx', 'tmp', 'flag', 'sp', 'stk0', 'stk1', 'aux0', 'dead0']",14,96,0,0,True,1.0,0
medium-039,medium,3,nested-call,support,96,"['ctx', 'tmp', 'sp', 'stk0', 'stk1', 'aux0']",6,24,0,0,True,4.0,0
medium-039,medium,3,nested-call,pathseal,96,"['input', 'alias', 'mode', 'aux0']",4,24,0,0,True,4.0,0
medium-039,medium,3,nested-call,call-context,96,"['ctx', 'sp', 'stk0', 'stk1']",4,8,64,576,False,12.0,52
medium-039,medium,3,nested-call,security-surface,96,"['input', 'taint', 'san', 'alias']",4,12,48,320,False,8.0,30
medium-039,medium,3,nested-call,syntax-only,96,[],0,1,92,4416,False,96.0,340
medium-039,medium,4,nested-return,exact-state,96,"['input', 'taint', 'san', 'alias', 'guard', 'mode', 'ctx', 'tmp', 'flag', 'sp', 'stk0', 'stk1', 'aux0', 'dead0']",14,96,0,0,True,1.0,0
medium-039,medium,4,nested-return,support,96,"['input', 'alias', 'mode', 'ctx', 'flag', 'sp', 'stk0', 'stk1', 'aux0']",9,24,0,0,True,4.0,0
medium-039,medium,4,nested-return,pathseal,96,"['tmp', 'stk0', 'stk1']",3,22,0,0,True,4.363636363636363,0
medium-039,medium,4,nested-return,call-context,96,"['ctx', 'sp', 'stk0', 'stk1']",4,17,24,128,False,5.647058823529412,10
medium-039,medium,4,nested-return,security-surface,96,"['input', 'taint', 'san', 'alias']",4,12,20,160,False,8.0,18
medium-039,medium,4,nested-return,syntax-only,96,[],0,1,92,2736,False,96.0,274
medium-039,medium,5,sanitize,exact-state,36,"['input', 'taint', 'san', 'alias', 'guard', 'mode', 'ctx', 'tmp', 'flag', 'sp', 'stk0', 'stk1', 'aux0', 'dead0']",14,36,0,0,True,1.0,0
medium-039,medium,5,sanitize,support,36,"['taint', 'san', 'alias', 'mode']",4,9,0,0,True,4.0,0
medium-039,medium,5,sanitize,pathseal,36,"['input', 'alias', 'mode']",3,9,0,0,True,4.0,0
medium-039,medium,5,sanitize,call-context,36,"['ctx', 'sp', 'stk0', 'stk1']",4,6,12,64,False,6.0,8
medium-039,medium,5,sanitize,security-surface,36,"['input', 'taint', 'san', 'alias']",4,8,4,16,False,4.5,2
medium-039,medium,5,sanitize,syntax-only,36,[],0,1,32,576,False,36.0,62
medium-039,medium,6,branch,exact-state,36,"['input', 'taint', 'san', 'alias', 'guard', 'mode', 'ctx', 'tmp', 'flag', 'sp', 'stk0', 'stk1', 'aux0', 'dead0']",14,36,0,0,True,1.0,0
medium-039,medium,6,branch,support,36,"['taint', 'alias', 'guard', 'mode']",4,8,0,0,True,4.5,0
medium-039,medium,6,branch,pathseal,36,"['alias', 'mode']",2,8,0,0,True,4.5,0
medium-039,medium,6,branch,call-context,36,"['ctx', 'sp', 'stk0', 'stk1']",4,6,12,64,False,6.0,8
medium-039,medium,6,branch,security-surface,36,"['input', 'taint', 'san', 'alias']",4,8,4,16,False,4.5,2
medium-039,medium,6,branch,syntax-only,36,[],0,1,32,560,False,36.0,68
medium-039,medium,7,return,exact-state,36,"['input', 'taint', 'san', 'alias', 'guard', 'mode', 'ctx', 'tmp', 'flag', 'sp', 'stk0', 'stk1', 'aux0', 'dead0']",14,36,0,0,True,1.0,0
medium-039,medium,7,return,support,36,"['taint', 'mode', 'ctx', 'sp', 'stk0', 'stk1']",6,9,0,0,True,4.0,0
medium-039,medium,7,return,pathseal,36,"['alias', 'mode']",2,8,0,0,True,4.5,0
medium-039,medium,7,return,call-context,36,"['ctx', 'sp', 'stk0', 'stk1']",4,6,12,64,False,6.0,8
medium-039,medium,7,return,security-surface,36,"['input', 'taint', 'san', 'alias']",4,8,4,16,False,4.5,2
medium-039,medium,7,return,syntax-only,36,[],0,1,32,560,False,36.0,62
medium-039,medium,8,sink,exact-state,28,"['input', 'taint', 'san', 'alias', 'guard', 'mode', 'ctx', 'tmp', 'flag', 'sp', 'stk0', 'stk1', 'aux0', 'dead0']",14,28,0,0,True,1.0,0
medium-039,medium,8,sink,support,28,"['taint', 'alias', 'mode', 'ctx', 'sp']",5,7,0,0,True,4.0,0
medium-039,medium,8,sink,pathseal,28,"['taint', 'mode']",2,7,0,0,True,4.0,0
medium-039,medium,8,sink,call-context,28,"['ctx', 'sp', 'stk0', 'stk1']",4,4,12,64,False,7.0,8
medium-039,medium,8,sink,security-surface,28,"['input', 'taint', 'san', 'alias']",4,7,0,0,True,4.0,0
medium-039,medium,8,sink,syntax-only,28,[],0,1,24,336,False,28.0,36
large-000,large,0,source,exact-state,160,"['input', 'taint', 'san', 'alias', 'guard', 'mode', 'ctx', 'tmp', 'flag', 'sp', 'stk0', 'stk1', 'aux0', 'aux1', 'noise', 'dead0', 'dead1']",17,160,0,0,True,1.0,0
large-000,large,0,source,support,160,"['input', 'mode', 'ctx', 'flag', 'sp', 'stk0', 'stk1', 'aux0', 'aux1']",9,40,0,0,True,4.0,0
large-000,large,0,source,pathseal,160,"['san', 'mode', 'aux0', 'aux1']",4,40,0,0,True,4.0,0
large-000,large,0,source,call-context,160,"['ctx', 'sp', 'stk0', 'stk1']",4,4,144,2928,False,40.0,292
large-000,large,0,source,security-surface,160,"['input', 'taint', 'san', 'alias']",4,15,100,624,False,10.666666666666666,56
large-000,large,0,source,syntax-only,160,[],0,1,156,12480,False,160.0,892
large-000,large,1,propagate,exact-state,160,"['input', 'taint', 'san', 'alias', 'guard', 'mode', 'ctx', 'tmp', 'flag', 'sp', 'stk0', 'stk1', 'aux0', 'aux1', 'noise', 'dead0', 'dead1']",17,160,0,0,True,1.0,0
large-000,large,1,propagate,support,160,"['taint', 'alias', 'mode', 'tmp', 'flag', 'aux0', 'aux1']",7,40,0,0,True,4.0,0
large-000,large,1,propagate,pathseal,160,"['taint', 'mode', 'aux0', 'aux1']",4,40,0,0,True,4.0,0
large-000,large,1,propagate,call-context,160,"['ctx', 'sp', 'stk0', 'stk1']",4,4,144,2928,False,40.0,292
large-000,large,1,propagate,security-surface,160,"['input', 'taint', 'san', 'alias']",4,25,60,288,False,6.4,26
large-000,large,1,propagate,syntax-only,160,[],0,1,156,12480,False,160.0,892
large-000,large,2,helper,exact-state,160,"['input', 'taint', 'san', 'alias', 'guard', 'mode', 'ctx', 'tmp', 'flag', 'sp', 'stk0', 'stk1', 'aux0', 'aux1', 'noise', 'dead0', 'dead1']",17,160,0,0,True,1.0,0
large-000,large,2,helper,support,160,"['taint', 'guard', 'mode', 'ctx', 'aux0', 'aux1']",6,40,0,0,True,4.0,0
large-000,large,2,helper,pathseal,160,"['taint', 'mode', 'aux0', 'aux1']",4,40,0,0,True,4.0,0
large-000,large,2,helper,call-context,160,"['ctx', 'sp', 'stk0', 'stk1']",4,4,144,2928,False,40.0,296
large-000,large,2,helper,security-surface,160,"['input', 'taint', 'san', 'alias']",4,25,60,304,False,6.4,32
large-000,large,2,helper,syntax-only,160,[],0,1,156,12480,False,160.0,938
large-000,large,3,nested-call,exact-state,160,"['input', 'taint', 'san', 'alias', 'guard', 'mode', 'ctx', 'tmp', 'flag', 'sp', 'stk0', 'stk1', 'aux0', 'aux1', 'noise', 'dead0', 'dead1']",17,160,0,0,True,1.0,0
large-000,large,3,nested-call,support,160,"['taint', 'mode', 'ctx', 'sp', 'stk0', 'stk1', 'aux0', 'aux1']",8,40,0,0,True,4.0,0
large-000,large,3,nested-call,pathseal,160,"['taint', 'mode', 'aux0', 'aux1']",4,40,0,0,True,4.0,0
large-000,large,3,nested-call,call-context,160,"['ctx', 'sp', 'stk0', 'stk1']",4,8,128,1520,False,20.0,164
large-000,large,3,nested-call,security-surface,160,"['input', 'taint', 'san', 'alias']",4,25,60,304,False,6.4,34
large-000,large,3,nested-call,syntax-only,160,[],0,1,156,12480,False,160.0,1020
large-000,large,4,nested-return,exact-state,160,"['input', 'taint', 'san', 'alias', 'guard', 'mode', 'ctx', 'tmp', 'flag', 'sp', 'stk0', 'stk1', 'aux0', 'aux1', 'noise', 'dead0', 'dead1']",17,160,0,0,True,1.0,0
large-000,large,4,nested-return,support,160,"['alias', 'ctx', 'flag', 'sp', 'stk0', 'stk1', 'aux0', 'aux1']",8,40,0,0,True,4.0,0
large-000,large,4,nested-return,pathseal,160,"['taint', 'mode', 'aux0', 'aux1']",4,40,0,0,True,4.0,0
large-000,large,4,nested-return,call-context,160,"['ctx', 'sp', 'stk0', 'stk1']",4,20,68,416,False,8.0,48
large-000,large,4,nested-return,security-surface,160,"['input', 'taint', 'san', 'alias']",4,25,40,208,False,6.4,22
large-000,large,4,nested-return,syntax-only,160,[],0,1,156,10032,False,160.0,952
large-000,large,5,alias-gate,exact-state,88,"['input', 'taint', 'san', 'alias', 'guard', 'mode', 'ctx', 'tmp', 'flag', 'sp', 'stk0', 'stk1', 'aux0', 'aux1', 'noise', 'dead0', 'dead1']",17,88,0,0,True,1.0,0
large-000,large,5,alias-gate,support,88,"['alias', 'mode', 'stk0', 'aux1', 'noise']",5,22,0,0,True,4.0,0
large-000,large,5,alias-gate,pathseal,88,"['alias', 'stk0', 'aux1']",3,22,0,0,True,4.0,0
large-000,large,5,alias-gate,call-context,88,"['ctx', 'sp', 'stk0', 'stk1']",4,7,60,528,False,12.571428571428571,56
large-000,large,5,alias-gate,security-surface,88,"['input', 'taint', 'san', 'alias']",4,12,40,208,False,7.333333333333333,22
large-000,large,5,alias-gate,syntax-only,88,[],0,1,84,3696,False,88.0,332
large-000,large,6,context-fold,exact-state,88,"['input', 'taint', 'san', 'alias', 'guard', 'mode', 'ctx', 'tmp', 'flag', 'sp', 'stk0', 'stk1', 'aux0', 'aux1', 'noise', 'dead0', 'dead1']",17,88,0,0,True,1.0,0
large-000,large,6,context-fold,support,88,"['alias', 'ctx', 'stk0', 'aux1', 'noise']",5,22,0,0,True,4.0,0
large-000,large,6,context-fold,pathseal,88,"['alias', 'stk0', 'aux1']",3,22,0,0,True,4.0,0
large-000,large,6,context-fold,call-context,88,"['ctx', 'sp', 'stk0', 'stk1']",4,7,60,528,False,12.571428571428571,58
large-000,large,6,context-fold,security-surface,88,"['input', 'taint', 'san', 'alias']",4,11,44,272,False,8.0,32
large-000,large,6,context-fold,syntax-only,88,[],0,1,84,3696,False,88.0,344
large-000,large,7,sanitize,exact-state,88,"['input', 'taint', 'san', 'alias', 'guard', 'mode', 'ctx', 'tmp', 'flag', 'sp', 'stk0', 'stk1', 'aux0', 'aux1', 'noise', 'dead0', 'dead1']",17,88,0,0,True,1.0,0
large-000,large,7,sanitize,support,88,"['taint', 'san', 'alias', 'mode', 'ctx']",5,22,0,0,True,4.0,0
large-000,large,7,sanitize,pathseal,88,"['alias', 'stk0', 'aux1']",3,22,0,0,True,4.0,0
large-000,large,7,sanitize,call-context,88,"['ctx', 'sp', 'stk0', 'stk1']",4,9,48,416,False,9.777777777777779,48
large-000,large,7,sanitize,security-surface,88,"['input', 'taint', 'san', 'alias']",4,11,44,272,False,8.0,34
large-000,large,7,sanitize,syntax-only,88,[],0,1,84,3680,False,88.0,354
large-000,large,8,branch,exact-state,88,"['input', 'taint', 'san', 'alias', 'guard', 'mode', 'ctx', 'tmp', 'flag', 'sp', 'stk0', 'stk1', 'aux0', 'aux1', 'noise', 'dead0', 'dead1']",17,88,0,0,True,1.0,0
large-000,large,8,branch,support,88,"['taint', 'alias', 'guard', 'mode', 'ctx']",5,20,0,0,True,4.4,0
large-000,large,8,branch,pathseal,88,"['alias', 'mode', 'ctx']",3,20,0,0,True,4.4,0
large-000,large,8,branch,call-context,88,"['ctx', 'sp', 'stk0', 'stk1']",4,9,44,352,False,9.777777777777779,40
large-000,large,8,branch,security-surface,88,"['input', 'taint', 'san', 'alias']",4,11,40,256,False,8.0,32
large-000,large,8,branch,syntax-only,88,[],0,1,84,3584,False,88.0,366
large-000,large,9,return,exact-state,76,"['input', 'taint', 'san', 'alias', 'guard', 'mode', 'ctx', 'tmp', 'flag', 'sp', 'stk0', 'stk1', 'aux0', 'aux1', 'noise', 'dead0', 'dead1']",17,76,0,0,True,1.0,0
large-000,large,9,return,support,76,"['taint', 'mode', 'ctx', 'sp', 'stk0', 'stk1']",6,15,0,0,True,5.066666666666666,0
large-000,large,9,return,pathseal,76,"['mode', 'ctx']",2,13,0,0,True,5.846153846153846,0
large-000,large,9,return,call-context,76,"['ctx', 'sp', 'stk0', 'stk1']",4,9,12,80,False,8.444444444444445,10
large-000,large,9,return,security-surface,76,"['input', 'taint', 'san', 'alias']",4,10,20,144,False,7.6,18
large-000,large,9,return,syntax-only,76,[],0,1,72,1472,False,76.0,174
large-000,large,10,sink,exact-state,24,"['input', 'taint', 'san', 'alias', 'guard', 'mode', 'ctx', 'tmp', 'flag', 'sp', 'stk0', 'stk1', 'aux0', 'aux1', 'noise', 'dead0', 'dead1']",17,24,0,0,True,1.0,0
large-000,large,10,sink,support,24,"['taint', 'alias', 'mode', 'ctx', 'sp']",5,5,0,0,True,4.8,0
large-000,large,10,sink,pathseal,24,"['taint', 'mode']",2,5,0,0,True,4.8,0
large-000,large,10,sink,call-context,24,"['ctx', 'sp', 'stk0', 'stk1']",4,2,12,80,False,12.0,10
large-000,large,10,sink,security-surface,24,"['input', 'taint', 'san', 'alias']",4,5,4,16,False,4.8,2
large-000,large,10,sink,syntax-only,24,[],0,1,20,224,False,24.0,28
large-001,large,0,source,exact-state,160,"['input', 'taint', 'san', 'alias', 'guard', 'mode', 'ctx', 'tmp', 'flag', 'sp', 'stk0', 'stk1', 'aux0', 'aux1', 'noise', 'dead0', 'dead1']",17,160,0,0,True,1.0,0
large-001,large,0,source,support,160,"['input', 'alias', 'mode', 'ctx', 'sp', 'stk0', 'stk1', 'aux0', 'aux1']",9,40,0,0,True,4.0,0
large-001,large,0,source,pathseal,160,"['alias', 'mode', 'aux0', 'aux1']",4,40,0,0,True,4.0,0
large-001,large,0,source,call-context,160,"['ctx', 'sp', 'stk0', 'stk1']",4,4,144,2992,False,40.0,288
large-001,large,0,source,security-surface,160,"['input', 'taint', 'san', 'alias']",4,16,96,912,False,10.0,82
large-001,large,0,source,syntax-only,160,[],0,1,156,12480,False,160.0,912
large-001,large,1,propagate,exact-state,160,"['input', 'taint', 'san', 'alias', 'guard', 'mode', 'ctx', 'tmp', 'flag', 'sp', 'stk0', 'stk1', 'aux0', 'aux1', 'noise', 'dead0', 'dead1']",17,160,0,0,True,1.0,0
large-001,large,1,propagate,support,160,"['taint', 'alias', 'mode', 'tmp', 'flag', 'aux0', 'aux1']",7,40,0,0,True,4.0,0
large-001,large,1,propagate,pathseal,160,"['alias', 'mode', 'aux0', 'aux1']",4,40,0,0,True,4.0,0
large-001,large,1,propagate,call-context,160,"['ctx', 'sp', 'stk0', 'stk1']",4,4,144,2992,False,40.0,288
large-001,large,1,propagate,security-surface,160,"['input', 'taint', 'san', 'alias']",4,16,96,912,False,10.0,82
large-001,large,1,propagate,syntax-only,160,[],0,1,156,12480,False,160.0,912
large-001,large,2,helper,exact-state,160,"['input', 'taint', 'san', 'alias', 'guard', 'mode', 'ctx', 'tmp', 'flag', 'sp', 'stk0', 'stk1', 'aux0', 'aux1', 'noise', 'dead0', 'dead1']",17,160,0,0,True,1.0,0
large-001,large,2,helper,support,160,"['guard', 'mode', 'ctx', 'tmp', 'aux0', 'aux1']",6,40,0,0,True,4.0,0
large-001,large,2,helper,pathseal,160,"['mode', 'tmp', 'aux0', 'aux1']",4,40,0,0,True,4.0,0
large-001,large,2,helper,call-context,160,"['ctx', 'sp', 'stk0', 'stk1']",4,4,144,2992,False,40.0,300
large-001,large,2,helper,security-surface,160,"['input', 'taint', 'san', 'alias']",4,15,100,1024,False,10.666666666666666,94
large-001,large,2,helper,syntax-only,160,[],0,1,156,12480,False,160.0,976
large-001,large,3,nested-call,exact-state,160,"['input', 'taint', 'san', 'alias', 'guard', 'mode', 'ctx', 'tmp', 'flag', 'sp', 'stk0', 'stk1', 'aux0', 'aux1', 'noise', 'dead0', 'dead1']",17,160,0,0,True,1.0,0
large-001,large,3,nested-call,support,160,"['san', 'mode', 'ctx', 'tmp', 'sp', 'stk0', 'stk1', 'aux0', 'aux1']",9,40,0,0,True,4.0,0
large-001,large,3,nested-call,pathseal,160,"['mode', 'tmp', 'aux0', 'aux1']",4,40,0,0,True,4.0,0
large-001,large,3,nested-call,call-context,160,"['ctx', 'sp', 'stk0', 'stk1']",4,8,128,1392,False,20.0,142
large-001,large,3,nested-call,security-surface,160,"['input', 'taint', 'san', 'alias']",4,15,100,1024,False,10.666666666666666,102
large-001,large,3,nested-call,syntax-only,160,[],0,1,156,12480,False,160.0,1048
large-001,large,4,nested-return,exact-state,160,"['input', 'taint', 'san', 'alias', 'guard', 'mode', 'ctx', 'tmp', 'flag', 'sp', 'stk0', 'stk1', 'aux0', 'aux1', 'noise', 'dead0', 'dead1']",17,160,0,0,True,1.0,0
large-001,large,4,nested-return,support,160,"['ctx', 'flag', 'sp', 'stk0', 'stk1', 'aux0', 'aux1']",7,39,0,0,True,4.102564102564102,0
large-001,large,4,nested-return,pathseal,160,"['san', 'mode', 'tmp', 'aux1']",4,39,0,0,True,4.102564102564102,0
large-001,large,4,nested-return,call-context,160,"['ctx', 'sp', 'stk0', 'stk1']",4,22,60,320,False,7.2727272727272725,34
large-001,large,4,nested-return,security-surface,160,"['input', 'taint', 'san', 'alias']",4,15,76,816,False,10.666666666666666,86
large-001,large,4,nested-return,syntax-only,160,[],0,1,156,10560,False,160.0,1028
large-001,large,5,alias-gate,exact-state,96,"['input', 'taint', 'san', 'alias', 'guard', 'mode', 'ctx', 'tmp', 'flag', 'sp', 'stk0', 'stk1', 'aux0', 'aux1', 'noise', 'dead0', 'dead1']",17,96,0,0,True,1.0,0
large-001,large,5,alias-gate,support,96,"['alias', 'mode', 'ctx', 'aux0', 'aux1', 'noise']",6,24,0,0,True,4.0,0
large-001,large,5,alias-gate,pathseal,96,"['stk0', 'aux0', 'aux1']",3,24,0,0,True,4.0,0
large-001,large,5,alias-gate,call-context,96,"['ctx', 'sp', 'stk0', 'stk1']",4,8,56,448,False,12.0,48
large-001,large,5,alias-gate,security-surface,96,"['input', 'taint', 'san', 'alias']",4,13,44,272,False,7.384615384615385,30
large-001,large,5,alias-gate,syntax-only,96,[],0,1,92,4176,False,96.0,368
large-001,large,6,context-fold,exact-state,72,"['input', 'taint', 'san', 'alias', 'guard', 'mode', 'ctx', 'tmp', 'flag', 'sp', 'stk0', 'stk1', 'aux0', 'aux1', 'noise', 'dead0', 'dead1']",17,72,0,0,True,1.0,0
large-001,large,6,context-fold,support,72,"['guard', 'ctx', 'aux0', 'aux1', 'noise']",5,18,0,0,True,4.0,0
large-001,large,6,context-fold,pathseal,72,"['mode', 'ctx', 'aux0']",3,18,0,0,True,4.0,0
large-001,large,6,context-fold,call-context,72,"['ctx', 'sp', 'stk0', 'stk1']",4,8,40,240,False,9.0,30
large-001,large,6,context-fold,security-surface,72,"['input', 'taint', 'san', 'alias']",4,10,32,176,False,7.2,18
large-001,large,6,context-fold,syntax-only,72,[],0,1,68,2448,False,72.0,242
large-001,large,7,sanitize,exact-state,72,"['input', 'taint', 'san', 'alias', 'guard', 'mode', 'ctx', 'tmp', 'flag', 'sp', 'stk0', 'stk1', 'aux0', 'aux1', 'noise', 'dead0', 'dead1']",17,72,0,0,True,1.0,0
large-001,large,7,sanitize,support,72,"['taint', 'san', 'guard', 'ctx', 'aux0']",5,18,0,0,True,4.0,0
large-001,large,7,sanitize,pathseal,72,"['guard', 'ctx', 'aux0']",3,18,0,0,True,4.0,0
large-001,large,7,sanitize,call-context,72,"['ctx', 'sp', 'stk0', 'stk1']",4,8,40,240,False,9.0,28
large-001,large,7,sanitize,security-surface,72,"['input', 'taint', 'san', 'alias']",4,10,32,176,False,7.2,20
large-001,large,7,sanitize,syntax-only,72,[],0,1,68,2448,False,72.0,244
large-001,large,8,branch,exact-state,72,"['input', 'taint', 'san', 'alias', 'guard', 'mode', 'ctx', 'tmp', 'flag', 'sp', 'stk0', 'stk1', 'aux0', 'aux1', 'noise', 'dead0', 'dead1']",17,72,0,0,True,1.0,0
large-001,large,8,branch,support,72,"['input', 'taint', 'alias', 'guard', 'mode', 'stk0', 'aux0']",7,18,0,0,True,4.0,0
large-001,large,8,branch,pathseal,72,"['guard', 'ctx', 'aux0']",3,18,0,0,True,4.0,0
large-001,large,8,branch,call-context,72,"['ctx', 'sp', 'stk0', 'stk1']",4,8,40,240,False,9.0,28
large-001,large,8,branch,security-surface,72,"['input', 'taint', 'san', 'alias']",4,10,32,176,False,7.2,20
large-001,large,8,branch,syntax-only,72,[],0,1,68,2448,False,72.0,268
large-001,large,9,return,exact-state,68,"['input', 'taint', 'san', 'alias', 'guard', 'mode', 'ctx', 'tmp', 'flag', 'sp', 'stk0', 'stk1', 'aux0', 'aux1', 'noise', 'dead0', 'dead1']",17,68,0,0,True,1.0,0
large-001,large,9,return,support,68,"['san', 'ctx', 'sp', 'stk0', 'stk1', 'aux0']",6,16,0,0,True,4.25,0
large-001,large,9,return,pathseal,68,"['input', 'stk0', 'aux0']",3,16,0,0,True,4.25,0
large-001,large,9,return,call-context,68,"['ctx', 'sp', 'stk0', 'stk1']",4,8,12,64,False,8.5,8
large-001,large,9,return,security-surface,68,"['input', 'taint', 'san', 'alias']",4,9,12,80,False,7.555555555555555,10
large-001,large,9,return,syntax-only,68,[],0,1,28,1456,False,68.0,174
large-001,large,10,sink,exact-state,28,"['input', 'taint', 'san', 'alias', 'guard', 'mode', 'ctx', 'tmp', 'flag', 'sp', 'stk0', 'stk1', 'aux0', 'aux1', 'noise', 'dead0', 'dead1']",17,28,0,0,True,1.0,0
large-001,large,10,sink,support,28,"['taint', 'alias', 'mode', 'ctx', 'sp']",5,7,0,0,True,4.0,0
large-001,large,10,sink,pathseal,28,"['san', 'aux0']",2,7,0,0,True,4.0,0
large-001,large,10,sink,call-context,28,"['ctx', 'sp', 'stk0', 'stk1']",4,4,12,64,False,7.0,8
large-001,large,10,sink,security-surface,28,"['input', 'taint', 'san', 'alias']",4,7,0,0,True,4.0,0
large-001,large,10,sink,syntax-only,28,[],0,1,24,336,False,28.0,40
large-002,large,0,source,exact-state,160,"['input', 'taint', 'san', 'alias', 'guard', 'mode', 'ctx', 'tmp', 'flag', 'sp', 'stk0', 'stk1', 'aux0', 'aux1', 'noise', 'dead0', 'dead1']",17,160,0,0,True,1.0,0
large-002,large,0,source,support,160,"['input', 'ctx', 'tmp', 'flag', 'sp', 'stk0', 'stk1', 'aux0']",8,40,0,0,True,4.0,0
large-002,large,0,source,pathseal,160,"['input', 'san', 'alias', 'aux0', 'aux1']",5,40,0,0,True,4.0,0
large-002,large,0,source,call-context,160,"['ctx', 'sp', 'stk0', 'stk1']",4,4,144,2976,False,40.0,292
large-002,large,0,source,security-surface,160,"['input', 'taint', 'san', 'alias']",4,15,100,864,False,10.666666666666666,72
large-002,large,0,source,syntax-only,160,[],0,1,156,12480,False,160.0,902
large-002,large,1,propagate,exact-state,160,"['input', 'taint', 'san', 'alias', 'guard', 'mode', 'ctx', 'tmp', 'flag', 'sp', 'stk0', 'stk1', 'aux0', 'aux1', 'noise', 'dead0', 'dead1']",17,160,0,0,True,1.0,0
large-002,large,1,propagate,support,160,"['input', 'taint', 'alias', 'mode', 'ctx', 'tmp', 'flag', 'aux0']",8,40,0,0,True,4.0,0
large-002,large,1,propagate,pathseal,160,"['input', 'taint', 'ctx', 'tmp', 'aux0']",5,40,0,0,True,4.0,0
large-002,large,1,propagate,call-context,160,"['ctx', 'sp', 'stk0', 'stk1']",4,4,144,2976,False,40.0,292
large-002,large,1,propagate,security-surface,160,"['input', 'taint', 'san', 'alias']",4,22,72,576,False,7.2727272727272725,44
large-002,large,1,propagate,syntax-only,160,[],0,1,156,12480,False,160.0,902
large-002,large,2,helper,exact-state,160,"['input', 'taint', 'san', 'alias', 'guard', 'mode', 'ctx', 'tmp', 'flag', 'sp', 'stk0', 'stk1', 'aux0', 'aux1', 'noise', 'dead0', 'dead1']",17,160,0,0,True,1.0,0
large-002,large,2,helper,support,160,"['input', 'taint', 'alias', 'guard', 'mode', 'ctx', 'aux0']",7,40,0,0,True,4.0,0
large-002,large,2,helper,pathseal,160,"['input', 'taint', 'alias', 'ctx', 'aux0']",5,40,0,0,True,4.0,0
large-002,large,2,helper,call-context,160,"['ctx', 'sp', 'stk0', 'stk1']",4,4,144,2976,False,40.0,290
large-002,large,2,helper,security-surface,160,"['input', 'taint', 'san', 'alias']",4,24,64,416,False,6.666666666666667,38
large-002,large,2,helper,syntax-only,160,[],0,1,156,12480,False,160.0,922
large-002,large,3,nested-call,exact-state,160,"['input', 'taint', 'san', 'alias', 'guard', 'mode', 'ctx', 'tmp', 'flag', 'sp', 'stk0', 'stk1', 'aux0', 'aux1', 'noise', 'dead0', 'dead1']",17,160,0,0,True,1.0,0
large-002,large,3,nested-call,support,160,"['alias', 'ctx', 'tmp', 'sp', 'stk0', 'stk1', 'aux0']",7,40,0,0,True,4.0,0
large-002,large,3,nested-call,pathseal,160,"['input', 'taint', 'alias', 'ctx', 'aux0']",5,40,0,0,True,4.0,0
large-002,large,3,nested-call,call-context,160,"['ctx', 'sp', 'stk0', 'stk1']",4,8,128,1440,False,20.0,136
large-002,large,3,nested-call,security-surface,160,"['input', 'taint', 'san', 'alias']",4,24,64,416,False,6.666666666666667,42
large-002,large,3,nested-call,syntax-only,160,[],0,1,156,12480,False,160.0,1002
large-002,large,4,nested-return,exact-state,160,"['input', 'taint', 'san', 'alias', 'guard', 'mode', 'ctx', 'tmp', 'flag', 'sp', 'stk0', 'stk1', 'aux0', 'aux1', 'noise', 'dead0', 'dead1']",17,160,0,0,True,1.0,0
large-002,large,4,nested-return,support,160,"['san', 'ctx', 'tmp', 'flag', 'sp', 'stk0', 'stk1', 'aux0']",8,40,0,0,True,4.0,0
large-002,large,4,nested-return,pathseal,160,"['alias', 'tmp', 'stk0']",3,28,0,0,True,5.714285714285714,0
large-002,large,4,nested-return,call-context,160,"['ctx', 'sp', 'stk0', 'stk1']",4,22,52,224,False,7.2727272727272725,24
large-002,large,4,nested-return,security-surface,160,"['input', 'taint', 'san', 'alias']",4,24,16,80,False,6.666666666666667,10
large-002,large,4,nested-return,syntax-only,160,[],0,1,156,8064,False,160.0,790
large-002,large,5,alias-gate,exact-state,64,"['input', 'taint', 'san', 'alias', 'guard', 'mode', 'ctx', 'tmp', 'flag', 'sp', 'stk0', 'stk1', 'aux0', 'aux1', 'noise', 'dead0', 'dead1']",17,64,0,0,True,1.0,0
large-002,large,5,alias-gate,support,64,"['san', 'alias', 'mode', 'aux1', 'noise']",5,16,0,0,True,4.0,0
large-002,large,5,alias-gate,pathseal,64,"['san', 'tmp', 'stk0']",3,16,0,0,True,4.0,0
large-002,large,5,alias-gate,call-context,64,"['ctx', 'sp', 'stk0', 'stk1']",4,8,32,160,False,8.0,18
large-002,large,5,alias-gate,security-surface,64,"['input', 'taint', 'san', 'alias']",4,12,16,80,False,5.333333333333333,8
large-002,large,5,alias-gate,syntax-only,64,[],0,1,60,1920,False,64.0,206
large-002,large,6,context-fold,exact-state,60,"['input', 'taint', 'san', 'alias', 'guard', 'mode', 'ctx', 'tmp', 'flag', 'sp', 'stk0', 'stk1', 'aux0', 'aux1', 'noise', 'dead0', 'dead1']",17,60,0,0,True,1.0,0
large-002,large,6,context-fold,support,60,"['san', 'alias', 'ctx', 'aux1', 'noise']",5,15,0,0,True,4.0,0
large-002,large,6,context-fold,pathseal,60,"['san', 'alias', 'aux1']",3,15,0,0,True,4.0,0
large-002,large,6,context-fold,call-context,60,"['ctx', 'sp', 'stk0', 'stk1']",4,8,28,144,False,7.5,18
large-002,large,6,context-fold,security-surface,60,"['input', 'taint', 'san', 'alias']",4,11,16,80,False,5.454545454545454,8
large-002,large,6,context-fold,syntax-only,60,[],0,1,56,1680,False,60.0,190
large-002,large,7,sanitize,exact-state,60,"['input', 'taint', 'san', 'alias', 'guard', 'mode', 'ctx', 'tmp', 'flag', 'sp', 'stk0', 'stk1', 'aux0', 'aux1', 'noise', 'dead0', 'dead1']",17,60,0,0,True,1.0,0
large-002,large,7,sanitize,support,60,"['input', 'taint', 'san', 'alias', 'stk0']",5,15,0,0,True,4.0,0
large-002,large,7,sanitize,pathseal,60,"['san', 'alias', 'aux1']",3,15,0,0,True,4.0,0
large-002,large,7,sanitize,call-context,60,"['ctx', 'sp', 'stk0', 'stk1']",4,8,28,144,False,7.5,18
large-002,large,7,sanitize,security-surface,60,"['input', 'taint', 'san', 'alias']",4,11,16,80,False,5.454545454545454,8
large-002,large,7,sanitize,syntax-only,60,[],0,1,56,1680,False,60.0,190
large-002,large,8,branch,exact-state,60,"['input', 'taint', 'san', 'alias', 'guard', 'mode', 'ctx', 'tmp', 'flag', 'sp', 'stk0', 'stk1', 'aux0', 'aux1', 'noise', 'dead0', 'dead1']",17,60,0,0,True,1.0,0
large-002,large,8,branch,support,60,"['input', 'taint', 'alias', 'guard', 'mode', 'stk0']",6,14,0,0,True,4.285714285714286,0
large-002,large,8,branch,pathseal,60,"['input', 'alias', 'stk0']",3,14,0,0,True,4.285714285714286,0
large-002,large,8,branch,call-context,60,"['ctx', 'sp', 'stk0', 'stk1']",4,8,24,128,False,7.5,16
large-002,large,8,branch,security-surface,60,"['input', 'taint', 'san', 'alias']",4,11,16,80,False,5.454545454545454,8
large-002,large,8,branch,syntax-only,60,[],0,1,56,1632,False,60.0,192
large-002,large,9,return,exact-state,48,"['input', 'taint', 'san', 'alias', 'guard', 'mode', 'ctx', 'tmp', 'flag', 'sp', 'stk0', 'stk1', 'aux0', 'aux1', 'noise', 'dead0', 'dead1']",17,48,0,0,True,1.0,0
large-002,large,9,return,support,48,"['taint', 'ctx', 'sp', 'stk0', 'stk1']",5,10,0,0,True,4.8,0
large-002,large,9,return,pathseal,48,"['input', 'taint', 'stk0']",3,11,0,0,True,4.363636363636363,0
large-002,large,9,return,call-context,48,"['ctx', 'sp', 'stk0', 'stk1']",4,7,8,32,False,6.857142857142857,4
large-002,large,9,return,security-surface,48,"['input', 'taint', 'san', 'alias']",4,9,12,64,False,5.333333333333333,6
large-002,large,9,return,syntax-only,48,[],0,1,44,880,False,48.0,106
large-002,large,10,sink,exact-state,28,"['input', 'taint', 'san', 'alias', 'guard', 'mode', 'ctx', 'tmp', 'flag', 'sp', 'stk0', 'stk1', 'aux0', 'aux1', 'noise', 'dead0', 'dead1']",17,28,0,0,True,1.0,0
large-002,large,10,sink,support,28,"['taint', 'alias', 'mode', 'ctx', 'sp']",5,6,0,0,True,4.666666666666667,0
large-002,large,10,sink,pathseal,28,"['taint', 'ctx']",2,6,0,0,True,4.666666666666667,0
large-002,large,10,sink,call-context,28,"['ctx', 'sp', 'stk0', 'stk1']",4,4,8,32,False,7.0,4
large-002,large,10,sink,security-surface,28,"['input', 'taint', 'san', 'alias']",4,5,8,48,False,5.6,4
large-002,large,10,sink,syntax-only,28,[],0,1,24,320,False,28.0,38
large-003,large,0,source,exact-state,160,"['input', 'taint', 'san', 'alias', 'guard', 'mode', 'ctx', 'tmp', 'flag', 'sp', 'stk0', 'stk1', 'aux0', 'aux1', 'noise', 'dead0', 'dead1']",17,160,0,0,True,1.0,0
large-003,large,0,source,support,160,"['input', 'alias', 'mode', 'ctx', 'flag', 'sp', 'stk0', 'stk1', 'aux1']",9,40,0,0,True,4.0,0
large-003,large,0,source,pathseal,160,"['input', 'alias', 'mode', 'flag', 'aux1']",5,40,0,0,True,4.0,0
large-003,large,0,source,call-context,160,"['ctx', 'sp', 'stk0', 'stk1']",4,4,144,3184,False,40.0,308
large-003,large,0,source,security-surface,160,"['input', 'taint', 'san', 'alias']",4,15,100,704,False,10.666666666666666,66
large-003,large,0,source,syntax-only,160,[],0,1,156,12480,False,160.0,898
large-003,large,1,propagate,exact-state,160,"['input', 'taint', 'san', 'alias', 'guard', 'mode', 'ctx', 'tmp', 'flag', 'sp', 'stk0', 'stk1', 'aux0', 'aux1', 'noise', 'dead0', 'dead1']",17,160,0,0,True,1.0,0
large-003,large,1,propagate,support,160,"['input', 'taint', 'alias', 'mode', 'tmp', 'flag', 'aux1']",7,40,0,0,True,4.0,0
large-003,large,1,propagate,pathseal,160,"['input', 'alias', 'mode', 'flag', 'aux1']",5,40,0,0,True,4.0,0
large-003,large,1,propagate,call-context,160,"['ctx', 'sp', 'stk0', 'stk1']",4,4,144,3184,False,40.0,308
large-003,large,1,propagate,security-surface,160,"['input', 'taint', 'san', 'alias']",4,15,100,704,False,10.666666666666666,66
large-003,large,1,propagate,syntax-only,160,[],0,1,156,12480,False,160.0,898
large-003,large,2,helper,exact-state,160,"['input', 'taint', 'san', 'alias', 'guard', 'mode', 'ctx', 'tmp', 'flag', 'sp', 'stk0', 'stk1', 'aux0', 'aux1', 'noise', 'dead0', 'dead1']",17,160,0,0,True,1.0,0
large-003,large,2,helper,support,160,"['input', 'alias', 'guard', 'mode', 'ctx', 'stk0', 'aux0', 'aux1']",8,40,0,0,True,4.0,0
large-003,large,2,helper,pathseal,160,"['input', 'alias', 'mode', 'flag', 'aux1']",5,40,0,0,True,4.0,0
large-003,large,2,helper,call-context,160,"['ctx', 'sp', 'stk0', 'stk1']",4,4,144,3184,False,40.0,306
large-003,large,2,helper,security-surface,160,"['input', 'taint', 'san', 'alias']",4,16,96,688,False,10.0,76
large-003,large,2,helper,syntax-only,160,[],0,1,156,12480,False,160.0,910
large-003,large,3,nested-call,exact-state,160,"['input', 'taint', 'san', 'alias', 'guard', 'mode', 'ctx', 'tmp', 'flag', 'sp', 'stk0', 'stk1', 'aux0', 'aux1', 'noise', 'dead0', 'dead1']",17,160,0,0,True,1.0,0
large-003,large,3,nested-call,support,160,"['alias', 'ctx', 'tmp', 'flag', 'sp', 'stk0', 'stk1', 'aux0', 'aux1']",9,40,0,0,True,4.0,0
large-003,large,3,nested-call,pathseal,160,"['input', 'alias', 'mode', 'stk0', 'aux1']",5,40,0,0,True,4.0,0
large-003,large,3,nested-call,call-context,160,"['ctx', 'sp', 'stk0', 'stk1']",4,8,128,1648,False,20.0,150
large-003,large,3,nested-call,security-surface,160,"['input', 'taint', 'san', 'alias']",4,16,96,688,False,10.0,66
large-003,large,3,nested-call,syntax-only,160,[],0,1,156,12480,False,160.0,986
large-003,large,4,nested-return,exact-state,160,"['input', 'taint', 'san', 'alias', 'guard', 'mode', 'ctx', 'tmp', 'flag', 'sp', 'stk0', 'stk1', 'aux0', 'aux1', 'noise', 'dead0', 'dead1']",17,160,0,0,True,1.0,0
large-003,large,4,nested-return,support,160,"['alias', 'ctx', 'tmp', 'flag', 'sp', 'stk0', 'stk1', 'aux0', 'aux1']",9,40,0,0,True,4.0,0
large-003,large,4,nested-return,pathseal,160,"['alias', 'tmp', 'flag', 'aux1']",4,31,0,0,True,5.161290322580645,0
large-003,large,4,nested-return,call-context,160,"['ctx', 'sp', 'stk0', 'stk1']",4,24,44,256,False,6.666666666666667,30
large-003,large,4,nested-return,security-surface,160,"['input', 'taint', 'san', 'alias']",4,16,60,464,False,10.0,52
large-003,large,4,nested-return,syntax-only,160,[],0,1,156,8064,False,160.0,788
large-003,large,5,alias-gate,exact-state,64,"['input', 'taint', 'san', 'alias', 'guard', 'mode', 'ctx', 'tmp', 'flag', 'sp', 'stk0', 'stk1', 'aux0', 'aux1', 'noise', 'dead0', 'dead1']",17,64,0,0,True,1.0,0
large-003,large,5,alias-gate,support,64,"['alias', 'mode', 'tmp', 'aux1', 'noise']",5,16,0,0,True,4.0,0
large-003,large,5,alias-gate,pathseal,64,"['alias', 'tmp', 'aux1']",3,16,0,0,True,4.0,0
large-003,large,5,alias-gate,call-context,64,"['ctx', 'sp', 'stk0', 'stk1']",4,7,36,208,False,9.142857142857142,26
large-003,large,5,alias-gate,security-surface,64,"['input', 'taint', 'san', 'alias']",4,10,24,112,False,6.4,14
large-003,large,5,alias-gate,syntax-only,64,[],0,1,60,1904,False,64.0,206
large-003,large,6,context-fold,exact-state,56,"['input', 'taint', 'san', 'alias', 'guard', 'mode', 'ctx', 'tmp', 'flag', 'sp', 'stk0', 'stk1', 'aux0', 'aux1', 'noise', 'dead0', 'dead1']",17,56,0,0,True,1.0,0
large-003,large,6,context-fold,support,56,"['alias', 'guard', 'ctx', 'aux1', 'noise']",5,14,0,0,True,4.0,0
large-003,large,6,context-fold,pathseal,56,"['alias', 'tmp', 'aux1']",3,14,0,0,True,4.0,0
large-003,large,6,context-fold,call-context,56,"['ctx', 'sp', 'stk0', 'stk1']",4,7,28,128,False,8.0,16
large-003,large,6,context-fold,security-surface,56,"['input', 'taint', 'san', 'alias']",4,10,16,80,False,5.6,10
large-003,large,6,context-fold,syntax-only,56,[],0,1,52,1456,False,56.0,160
large-003,large,7,sanitize,exact-state,56,"['input', 'taint', 'san', 'alias', 'guard', 'mode', 'ctx', 'tmp', 'flag', 'sp', 'stk0', 'stk1', 'aux0', 'aux1', 'noise', 'dead0', 'dead1']",17,56,0,0,True,1.0,0
large-003,large,7,sanitize,support,56,"['taint', 'san', 'alias', 'guard', 'ctx']",5,14,0,0,True,4.0,0
large-003,large,7,sanitize,pathseal,56,"['alias', 'guard', 'ctx']",3,14,0,0,True,4.0,0
large-003,large,7,sanitize,call-context,56,"['ctx', 'sp', 'stk0', 'stk1']",4,11,12,48,False,5.090909090909091,6
large-003,large,7,sanitize,security-surface,56,"['input', 'taint', 'san', 'alias']",4,10,16,80,False,5.6,10
large-003,large,7,sanitize,syntax-only,56,[],0,1,52,1456,False,56.0,162
large-003,large,8,branch,exact-state,56,"['input', 'taint', 'san', 'alias', 'guard', 'mode', 'ctx', 'tmp', 'flag', 'sp', 'stk0', 'stk1', 'aux0', 'aux1', 'noise', 'dead0', 'dead1']",17,56,0,0,True,1.0,0
large-003,large,8,branch,support,56,"['taint', 'alias', 'guard', 'mode', 'aux1']",5,14,0,0,True,4.0,0
large-003,large,8,branch,pathseal,56,"['alias', 'guard', 'ctx']",3,14,0,0,True,4.0,0
large-003,large,8,branch,call-context,56,"['ctx', 'sp', 'stk0', 'stk1']",4,11,12,48,False,5.090909090909091,6
large-003,large,8,branch,security-surface,56,"['input', 'taint', 'san', 'alias']",4,10,16,80,False,5.6,10
large-003,large,8,branch,syntax-only,56,[],0,1,52,1440,False,56.0,170
large-003,large,9,return,exact-state,48,"['input', 'taint', 'san', 'alias', 'guard', 'mode', 'ctx', 'tmp', 'flag', 'sp', 'stk0', 'stk1', 'aux0', 'aux1', 'noise', 'dead0', 'dead1']",17,48,0,0,True,1.0,0
large-003,large,9,return,support,48,"['taint', 'ctx', 'sp', 'stk0', 'stk1']",5,12,0,0,True,4.0,0
large-003,large,9,return,pathseal,48,"['alias', 'aux1']",2,10,0,0,True,4.8,0
large-003,large,9,return,call-context,48,"['ctx', 'sp', 'stk0', 'stk1']",4,9,8,32,False,5.333333333333333,4
large-003,large,9,return,security-surface,48,"['input', 'taint', 'san', 'alias']",4,8,16,80,False,6.0,10
large-003,large,9,return,syntax-only,48,[],0,1,44,816,False,48.0,98
large-003,large,10,sink,exact-state,24,"['input', 'taint', 'san', 'alias', 'guard', 'mode', 'ctx', 'tmp', 'flag', 'sp', 'stk0', 'stk1', 'aux0', 'aux1', 'noise', 'dead0', 'dead1']",17,24,0,0,True,1.0,0
large-003,large,10,sink,support,24,"['taint', 'alias', 'mode', 'ctx', 'sp']",5,6,0,0,True,4.0,0
large-003,large,10,sink,pathseal,24,"['taint', 'ctx']",2,6,0,0,True,4.0,0
large-003,large,10,sink,call-context,24,"['ctx', 'sp', 'stk0', 'stk1']",4,4,8,32,False,6.0,4
large-003,large,10,sink,security-surface,24,"['input', 'taint', 'san', 'alias']",4,5,4,16,False,4.8,2
large-003,large,10,sink,syntax-only,24,[],0,1,20,240,False,24.0,28
large-004,large,0,source,exact-state,160,"['input', 'taint', 'san', 'alias', 'guard', 'mode', 'ctx', 'tmp', 'flag', 'sp', 'stk0', 'stk1', 'aux0', 'aux1', 'noise', 'dead0', 'dead1']",17,160,0,0,True,1.0,0
large-004,large,0,source,support,160,"['input', 'alias', 'mode', 'ctx', 'flag', 'sp', 'stk0', 'stk1', 'aux0']",9,40,0,0,True,4.0,0
large-004,large,0,source,pathseal,160,"['input', 'alias', 'mode', 'flag', 'aux0']",5,40,0,0,True,4.0,0
large-004,large,0,source,call-context,160,"['ctx', 'sp', 'stk0', 'stk1']",4,4,144,3376,False,40.0,322
large-004,large,0,source,security-surface,160,"['input', 'taint', 'san', 'alias']",4,13,108,880,False,12.307692307692308,74
large-004,large,0,source,syntax-only,160,[],0,1,156,12480,False,160.0,940
large-004,large,1,propagate,exact-state,160,"['input', 'taint', 'san', 'alias', 'guard', 'mode', 'ctx', 'tmp', 'flag', 'sp', 'stk0', 'stk1', 'aux0', 'aux1', 'noise', 'dead0', 'dead1']",17,160,0,0,True,1.0,0
large-004,large,1,propagate,support,160,"['input', 'taint', 'alias', 'mode', 'tmp', 'flag', 'aux0']",7,40,0,0,True,4.0,0
large-004,large,1,propagate,pathseal,160,"['input', 'taint', 'alias', 'mode', 'aux0']",5,40,0,0,True,4.0,0
large-004,large,1,propagate,call-context,160,"['ctx', 'sp', 'stk0', 'stk1']",4,4,144,3376,False,40.0,322
large-004,large,1,propagate,security-surface,160,"['input', 'taint', 'san', 'alias']",4,21,76,480,False,7.619047619047619,42
large-004,large,1,propagate,syntax-only,160,[],0,1,156,12480,False,160.0,940
large-004,large,2,helper,exact-state,160,"['input', 'taint', 'san', 'alias', 'guard', 'mode', 'ctx', 'tmp', 'flag', 'sp', 'stk0', 'stk1', 'aux0', 'aux1', 'noise', 'dead0', 'dead1']",17,160,0,0,True,1.0,0
large-004,large,2,helper,support,160,"['input', 'taint', 'alias', 'guard', 'mode', 'ctx', 'aux0']",7,40,0,0,True,4.0,0
large-004,large,2,helper,pathseal,160,"['input', 'taint', 'alias', 'mode', 'aux0']",5,40,0,0,True,4.0,0
large-004,large,2,helper,call-context,160,"['ctx', 'sp', 'stk0', 'stk1']",4,4,144,3376,False,40.0,322
large-004,large,2,helper,security-surface,160,"['input', 'taint', 'san', 'alias']",4,23,68,384,False,6.956521739130435,44
large-004,large,2,helper,syntax-only,160,[],0,1,156,12480,False,160.0,974
large-004,large,3,nested-call,exact-state,160,"['input', 'taint', 'san', 'alias', 'guard', 'mode', 'ctx', 'tmp', 'flag', 'sp', 'stk0', 'stk1', 'aux0', 'aux1', 'noise', 'dead0', 'dead1']",17,160,0,0,True,1.0,0
large-004,large,3,nested-call,support,160,"['taint', 'alias', 'ctx', 'sp', 'stk0', 'stk1', 'aux0', 'aux1']",8,40,0,0,True,4.0,0
large-004,large,3,nested-call,pathseal,160,"['input', 'taint', 'alias', 'mode', 'aux0']",5,40,0,0,True,4.0,0
large-004,large,3,nested-call,call-context,160,"['ctx', 'sp', 'stk0', 'stk1']",4,8,128,1888,False,20.0,170
large-004,large,3,nested-call,security-surface,160,"['input', 'taint', 'san', 'alias']",4,23,68,384,False,6.956521739130435,48
large-004,large,3,nested-call,syntax-only,160,[],0,1,156,12480,False,160.0,1046
large-004,large,4,nested-return,exact-state,160,"['input', 'taint', 'san', 'alias', 'guard', 'mode', 'ctx', 'tmp', 'flag', 'sp', 'stk0', 'stk1', 'aux0', 'aux1', 'noise', 'dead0', 'dead1']",17,160,0,0,True,1.0,0
large-004,large,4,nested-return,support,160,"['alias', 'ctx', 'flag', 'sp', 'stk0', 'stk1', 'aux0', 'aux1']",8,40,0,0,True,4.0,0
large-004,large,4,nested-return,pathseal,160,"['taint', 'alias', 'ctx', 'aux1']",4,38,0,0,True,4.2105263157894735,0
large-004,large,4,nested-return,call-context,160,"['ctx', 'sp', 'stk0', 'stk1']",4,20,60,304,False,8.0,34
large-004,large,4,nested-return,security-surface,160,"['input', 'taint', 'san', 'alias']",4,23,32,192,False,6.956521739130435,24
large-004,large,4,nested-return,syntax-only,160,[],0,1,156,9120,False,160.0,898
large-004,large,5,alias-gate,exact-state,76,"['input', 'taint', 'san', 'alias', 'guard', 'mode', 'ctx', 'tmp', 'flag', 'sp', 'stk0', 'stk1', 'aux0', 'aux1', 'noise', 'dead0', 'dead1']",17,76,0,0,True,1.0,0
large-004,large,5,alias-gate,support,76,"['alias', 'mode', 'stk0', 'aux0', 'aux1', 'noise']",6,19,0,0,True,4.0,0
large-004,large,5,alias-gate,pathseal,76,"['alias', 'ctx', 'aux1']",3,19,0,0,True,4.0,0
large-004,large,5,alias-gate,call-context,76,"['ctx', 'sp', 'stk0', 'stk1']",4,8,44,304,False,9.5,38
large-004,large,5,alias-gate,security-surface,76,"['input', 'taint', 'san', 'alias']",4,11,32,192,False,6.909090909090909,24
large-004,large,5,alias-gate,syntax-only,76,[],0,1,72,2720,False,76.0,276
large-004,large,6,context-fold,exact-state,68,"['input', 'taint', 'san', 'alias', 'guard', 'mode', 'ctx', 'tmp', 'flag', 'sp', 'stk0', 'stk1', 'aux0', 'aux1', 'noise', 'dead0', 'dead1']",17,68,0,0,True,1.0,0
large-004,large,6,context-fold,support,68,"['alias', 'ctx', 'aux1', 'noise']",4,17,0,0,True,4.0,0
large-004,large,6,context-fold,pathseal,68,"['mode', 'stk0', 'aux0']",3,17,0,0,True,4.0,0
large-004,large,6,context-fold,call-context,68,"['ctx', 'sp', 'stk0', 'stk1']",4,8,36,224,False,8.5,28
large-004,large,6,context-fold,security-surface,68,"['input', 'taint', 'san', 'alias']",4,10,28,144,False,6.8,18
large-004,large,6,context-fold,syntax-only,68,[],0,1,64,2176,False,68.0,220
large-004,large,7,sanitize,exact-state,68,"['input', 'taint', 'san', 'alias', 'guard', 'mode', 'ctx', 'tmp', 'flag', 'sp', 'stk0', 'stk1', 'aux0', 'aux1', 'noise', 'dead0', 'dead1']",17,68,0,0,True,1.0,0
large-004,large,7,sanitize,support,68,"['taint', 'san', 'alias', 'ctx', 'aux1']",5,17,0,0,True,4.0,0
large-004,large,7,sanitize,pathseal,68,"['alias', 'ctx', 'aux1']",3,17,0,0,True,4.0,0
large-004,large,7,sanitize,call-context,68,"['ctx', 'sp', 'stk0', 'stk1']",4,8,36,192,False,8.5,24
large-004,large,7,sanitize,security-surface,68,"['input', 'taint', 'san', 'alias']",4,10,28,144,False,6.8,18
large-004,large,7,sanitize,syntax-only,68,[],0,1,64,2176,False,68.0,218
large-004,large,8,branch,exact-state,68,"['input', 'taint', 'san', 'alias', 'guard', 'mode', 'ctx', 'tmp', 'flag', 'sp', 'stk0', 'stk1', 'aux0', 'aux1', 'noise', 'dead0', 'dead1']",17,68,0,0,True,1.0,0
large-004,large,8,branch,support,68,"['taint', 'alias', 'guard', 'mode', 'tmp']",5,17,0,0,True,4.0,0
large-004,large,8,branch,pathseal,68,"['alias', 'ctx', 'aux1']",3,17,0,0,True,4.0,0
large-004,large,8,branch,call-context,68,"['ctx', 'sp', 'stk0', 'stk1']",4,8,36,192,False,8.5,24
large-004,large,8,branch,security-surface,68,"['input', 'taint', 'san', 'alias']",4,10,28,144,False,6.8,18
large-004,large,8,branch,syntax-only,68,[],0,1,64,2176,False,68.0,236
large-004,large,9,return,exact-state,64,"['input', 'taint', 'san', 'alias', 'guard', 'mode', 'ctx', 'tmp', 'flag', 'sp', 'stk0', 'stk1', 'aux0', 'aux1', 'noise', 'dead0', 'dead1']",17,64,0,0,True,1.0,0
large-004,large,9,return,support,64,"['ctx', 'sp', 'stk0', 'stk1', 'aux1']",5,15,0,0,True,4.266666666666667,0
large-004,large,9,return,pathseal,64,"['alias', 'mode', 'tmp']",3,15,0,0,True,4.266666666666667,0
large-004,large,9,return,call-context,64,"['ctx', 'sp', 'stk0', 'stk1']",4,8,20,96,False,8.0,12
large-004,large,9,return,security-surface,64,"['input', 'taint', 'san', 'alias']",4,10,24,112,False,6.4,14
large-004,large,9,return,syntax-only,64,[],0,1,60,1584,False,64.0,182
large-004,large,10,sink,exact-state,36,"['input', 'taint', 'san', 'alias', 'guard', 'mode', 'ctx', 'tmp', 'flag', 'sp', 'stk0', 'stk1', 'aux0', 'aux1', 'noise', 'dead0', 'dead1']",17,36,0,0,True,1.0,0
large-004,large,10,sink,support,36,"['taint', 'alias', 'mode', 'ctx', 'sp']",5,9,0,0,True,4.0,0
large-004,large,10,sink,pathseal,36,"['ctx', 'aux1']",2,9,0,0,True,4.0,0
large-004,large,10,sink,call-context,36,"['ctx', 'sp', 'stk0', 'stk1']",4,4,20,96,False,9.0,12
large-004,large,10,sink,security-surface,36,"['input', 'taint', 'san', 'alias']",4,7,8,32,False,5.142857142857143,4
large-004,large,10,sink,syntax-only,36,[],0,1,32,576,False,36.0,64
large-005,large,0,source,exact-state,160,"['input', 'taint', 'san', 'alias', 'guard', 'mode', 'ctx', 'tmp', 'flag', 'sp', 'stk0', 'stk1', 'aux0', 'aux1', 'noise', 'dead0', 'dead1']",17,160,0,0,True,1.0,0
large-005,large,0,source,support,160,"['input', 'san', 'alias', 'mode', 'ctx', 'sp', 'stk0', 'stk1']",8,40,0,0,True,4.0,0
large-005,large,0,source,pathseal,160,"['input', 'san', 'alias', 'mode', 'ctx']",5,40,0,0,True,4.0,0
large-005,large,0,source,call-context,160,"['ctx', 'sp', 'stk0', 'stk1']",4,4,144,3072,False,40.0,294
large-005,large,0,source,security-surface,160,"['input', 'taint', 'san', 'alias']",4,15,100,624,False,10.666666666666666,60
large-005,large,0,source,syntax-only,160,[],0,1,156,12480,False,160.0,936
large-005,large,1,propagate,exact-state,160,"['input', 'taint', 'san', 'alias', 'guard', 'mode', 'ctx', 'tmp', 'flag', 'sp', 'stk0', 'stk1', 'aux0', 'aux1', 'noise', 'dead0', 'dead1']",17,160,0,0,True,1.0,0
large-005,large,1,propagate,support,160,"['input', 'taint', 'san', 'alias', 'mode', 'ctx', 'tmp', 'flag']",8,40,0,0,True,4.0,0
large-005,large,1,propagate,pathseal,160,"['input', 'san', 'alias', 'mode', 'ctx']",5,40,0,0,True,4.0,0
large-005,large,1,propagate,call-context,160,"['ctx', 'sp', 'stk0', 'stk1']",4,4,144,3072,False,40.0,294
large-005,large,1,propagate,security-surface,160,"['input', 'taint', 'san', 'alias']",4,15,100,624,False,10.666666666666666,60
large-005,large,1,propagate,syntax-only,160,[],0,1,156,12480,False,160.0,936
large-005,large,2,helper,exact-state,160,"['input', 'taint', 'san', 'alias', 'guard', 'mode', 'ctx', 'tmp', 'flag', 'sp', 'stk0', 'stk1', 'aux0', 'aux1', 'noise', 'dead0', 'dead1']",17,160,0,0,True,1.0,0
large-005,large,2,helper,support,160,"['alias', 'guard', 'mode', 'ctx', 'aux0']",5,40,0,0,True,4.0,0
large-005,large,2,helper,pathseal,160,"['input', 'san', 'mode', 'ctx', 'tmp']",5,40,0,0,True,4.0,0
large-005,large,2,helper,call-context,160,"['ctx', 'sp', 'stk0', 'stk1']",4,4,144,3072,False,40.0,290
large-005,large,2,helper,security-surface,160,"['input', 'taint', 'san', 'alias']",4,16,96,624,False,10.0,64
large-005,large,2,helper,syntax-only,160,[],0,1,156,12480,False,160.0,948
large-005,large,3,nested-call,exact-state,160,"['input', 'taint', 'san', 'alias', 'guard', 'mode', 'ctx', 'tmp', 'flag', 'sp', 'stk0', 'stk1', 'aux0', 'aux1', 'noise', 'dead0', 'dead1']",17,160,0,0,True,1.0,0
large-005,large,3,nested-call,support,160,"['input', 'alias', 'mode', 'ctx', 'sp', 'stk0', 'stk1', 'aux0']",8,40,0,0,True,4.0,0
large-005,large,3,nested-call,pathseal,160,"['alias', 'mode', 'ctx', 'aux0']",4,40,0,0,True,4.0,0
large-005,large,3,nested-call,call-context,160,"['ctx', 'sp', 'stk0', 'stk1']",4,8,128,1600,False,20.0,152
large-005,large,3,nested-call,security-surface,160,"['input', 'taint', 'san', 'alias']",4,16,96,624,False,10.0,64
large-005,large,3,nested-call,syntax-only,160,[],0,1,156,12480,False,160.0,1042
large-005,large,4,nested-return,exact-state,160,"['input', 'taint', 'san', 'alias', 'guard', 'mode', 'ctx', 'tmp', 'flag', 'sp', 'stk0', 'stk1', 'aux0', 'aux1', 'noise', 'dead0', 'dead1']",17,160,0,0,True,1.0,0
large-005,large,4,nested-return,support,160,"['san', 'alias', 'ctx', 'flag', 'sp', 'stk0', 'stk1', 'aux0', 'aux1']",9,39,0,0,True,4.102564102564102,0
large-005,large,4,nested-return,pathseal,160,"['input', 'alias', 'mode', 'stk1']",4,40,0,0,True,4.0,0
large-005,large,4,nested-return,call-context,160,"['ctx', 'sp', 'stk0', 'stk1']",4,25,52,272,False,6.4,30
large-005,large,4,nested-return,security-surface,160,"['input', 'taint', 'san', 'alias']",4,16,80,544,False,10.0,60
large-005,large,4,nested-return,syntax-only,160,[],0,1,156,11232,False,160.0,1070
large-005,large,5,alias-gate,exact-state,108,"['input', 'taint', 'san', 'alias', 'guard', 'mode', 'ctx', 'tmp', 'flag', 'sp', 'stk0', 'stk1', 'aux0', 'aux1', 'noise', 'dead0', 'dead1']",17,108,0,0,True,1.0,0
large-005,large,5,alias-gate,support,108,"['san', 'alias', 'mode', 'aux0', 'aux1', 'noise']",6,27,0,0,True,4.0,0
large-005,large,5,alias-gate,pathseal,108,"['san', 'alias', 'aux0', 'aux1']",4,27,0,0,True,4.0,0
large-005,large,5,alias-gate,call-context,108,"['ctx', 'sp', 'stk0', 'stk1']",4,8,76,624,False,13.5,64
large-005,large,5,alias-gate,security-surface,108,"['input', 'taint', 'san', 'alias']",4,15,48,208,False,7.2,24
large-005,large,5,alias-gate,syntax-only,108,[],0,1,104,5616,False,108.0,482
large-005,large,6,context-fold,exact-state,104,"['input', 'taint', 'san', 'alias', 'guard', 'mode', 'ctx', 'tmp', 'flag', 'sp', 'stk0', 'stk1', 'aux0', 'aux1', 'noise', 'dead0', 'dead1']",17,104,0,0,True,1.0,0
large-005,large,6,context-fold,support,104,"['input', 'ctx', 'aux0', 'aux1', 'noise']",5,26,0,0,True,4.0,0
large-005,large,6,context-fold,pathseal,104,"['san', 'alias', 'mode', 'aux0']",4,26,0,0,True,4.0,0
large-005,large,6,context-fold,call-context,104,"['ctx', 'sp', 'stk0', 'stk1']",4,8,72,576,False,13.0,64
large-005,large,6,context-fold,security-surface,104,"['input', 'taint', 'san', 'alias']",4,14,48,240,False,7.428571428571429,26
large-005,large,6,context-fold,syntax-only,104,[],0,1,100,5200,False,104.0,450
large-005,large,7,sanitize,exact-state,104,"['input', 'taint', 'san', 'alias', 'guard', 'mode', 'ctx', 'tmp', 'flag', 'sp', 'stk0', 'stk1', 'aux0', 'aux1', 'noise', 'dead0', 'dead1']",17,104,0,0,True,1.0,0
large-005,large,7,sanitize,support,104,"['input', 'taint', 'san', 'ctx', 'aux0', 'aux1']",6,26,0,0,True,4.0,0
large-005,large,7,sanitize,pathseal,104,"['input', 'ctx', 'aux0', 'aux1']",4,26,0,0,True,4.0,0
large-005,large,7,sanitize,call-context,104,"['ctx', 'sp', 'stk0', 'stk1']",4,10,64,480,False,10.4,54
large-005,large,7,sanitize,security-surface,104,"['input', 'taint', 'san', 'alias']",4,14,48,240,False,7.428571428571429,26
large-005,large,7,sanitize,syntax-only,104,[],0,1,100,5200,False,104.0,464
large-005,large,8,branch,exact-state,104,"['input', 'taint', 'san', 'alias', 'guard', 'mode', 'ctx', 'tmp', 'flag', 'sp', 'stk0', 'stk1', 'aux0', 'aux1', 'noise', 'dead0', 'dead1']",17,104,0,0,True,1.0,0
large-005,large,8,branch,support,104,"['taint', 'alias', 'guard', 'mode', 'aux0', 'aux1']",6,24,0,0,True,4.333333333333333,0
large-005,large,8,branch,pathseal,104,"['input', 'ctx', 'aux0', 'aux1']",4,26,0,0,True,4.0,0
large-005,large,8,branch,call-context,104,"['ctx', 'sp', 'stk0', 'stk1']",4,10,60,464,False,10.4,58
large-005,large,8,branch,security-surface,104,"['input', 'taint', 'san', 'alias']",4,14,48,224,False,7.428571428571429,24
large-005,large,8,branch,syntax-only,104,[],0,1,100,4928,False,104.0,494
large-005,large,9,return,exact-state,80,"['input', 'taint', 'san', 'alias', 'guard', 'mode', 'ctx', 'tmp', 'flag', 'sp', 'stk0', 'stk1', 'aux0', 'aux1', 'noise', 'dead0', 'dead1']",17,80,0,0,True,1.0,0
large-005,large,9,return,support,80,"['input', 'ctx', 'sp', 'stk0', 'stk1', 'aux0', 'aux1']",7,20,0,0,True,4.0,0
large-005,large,9,return,pathseal,80,"['alias', 'aux0', 'aux1']",3,18,0,0,True,4.444444444444445,0
large-005,large,9,return,call-context,80,"['ctx', 'sp', 'stk0', 'stk1']",4,8,36,304,False,10.0,34
large-005,large,9,return,security-surface,80,"['input', 'taint', 'san', 'alias']",4,13,24,112,False,6.153846153846154,14
large-005,large,9,return,syntax-only,80,[],0,1,76,2704,False,80.0,300
large-005,large,10,sink,exact-state,52,"['input', 'taint', 'san', 'alias', 'guard', 'mode', 'ctx', 'tmp', 'flag', 'sp', 'stk0', 'stk1', 'aux0', 'aux1', 'noise', 'dead0', 'dead1']",17,52,0,0,True,1.0,0
large-005,large,10,sink,support,52,"['taint', 'alias', 'mode', 'ctx', 'sp']",5,12,0,0,True,4.333333333333333,0
large-005,large,10,sink,pathseal,52,"['input', 'aux0', 'aux1']",3,13,0,0,True,4.0,0
large-005,large,10,sink,call-context,52,"['ctx', 'sp', 'stk0', 'stk1']",4,4,32,288,False,13.0,32
large-005,large,10,sink,security-surface,52,"['input', 'taint', 'san', 'alias']",4,9,16,80,False,5.777777777777778,10
large-005,large,10,sink,syntax-only,52,[],0,1,48,1232,False,52.0,140
large-006,large,0,source,exact-state,160,"['input', 'taint', 'san', 'alias', 'guard', 'mode', 'ctx', 'tmp', 'flag', 'sp', 'stk0', 'stk1', 'aux0', 'aux1', 'noise', 'dead0', 'dead1']",17,160,0,0,True,1.0,0
large-006,large,0,source,support,160,"['input', 'alias', 'mode', 'ctx', 'flag', 'sp', 'stk0', 'stk1', 'aux0']",9,40,0,0,True,4.0,0
large-006,large,0,source,pathseal,160,"['input', 'alias', 'mode', 'ctx', 'aux0']",5,40,0,0,True,4.0,0
large-006,large,0,source,call-context,160,"['ctx', 'sp', 'stk0', 'stk1']",4,4,144,3312,False,40.0,302
large-006,large,0,source,security-surface,160,"['input', 'taint', 'san', 'alias']",4,14,104,848,False,11.428571428571429,78
large-006,large,0,source,syntax-only,160,[],0,1,156,12480,False,160.0,926
large-006,large,1,propagate,exact-state,160,"['input', 'taint', 'san', 'alias', 'guard', 'mode', 'ctx', 'tmp', 'flag', 'sp', 'stk0', 'stk1', 'aux0', 'aux1', 'noise', 'dead0', 'dead1']",17,160,0,0,True,1.0,0
large-006,large,1,propagate,support,160,"['input', 'taint', 'alias', 'mode', 'ctx', 'tmp', 'flag', 'aux0']",8,40,0,0,True,4.0,0
large-006,large,1,propagate,pathseal,160,"['input', 'alias', 'mode', 'ctx', 'aux0']",5,40,0,0,True,4.0,0
large-006,large,1,propagate,call-context,160,"['ctx', 'sp', 'stk0', 'stk1']",4,4,144,3312,False,40.0,302
large-006,large,1,propagate,security-surface,160,"['input', 'taint', 'san', 'alias']",4,23,68,448,False,6.956521739130435,36
large-006,large,1,propagate,syntax-only,160,[],0,1,156,12480,False,160.0,926
large-006,large,2,helper,exact-state,160,"['input', 'taint', 'san', 'alias', 'guard', 'mode', 'ctx', 'tmp', 'flag', 'sp', 'stk0', 'stk1', 'aux0', 'aux1', 'noise', 'dead0', 'dead1']",17,160,0,0,True,1.0,0
large-006,large,2,helper,support,160,"['taint', 'guard', 'mode', 'ctx', 'aux0']",5,39,0,0,True,4.102564102564102,0
large-006,large,2,helper,pathseal,160,"['input', 'taint', 'alias', 'ctx', 'aux0']",5,40,0,0,True,4.0,0
large-006,large,2,helper,call-context,160,"['ctx', 'sp', 'stk0', 'stk1']",4,4,144,3296,False,40.0,310
large-006,large,2,helper,security-surface,160,"['input', 'taint', 'san', 'alias']",4,24,64,368,False,6.666666666666667,38
large-006,large,2,helper,syntax-only,160,[],0,1,156,12448,False,160.0,960
large-006,large,3,nested-call,exact-state,160,"['input', 'taint', 'san', 'alias', 'guard', 'mode', 'ctx', 'tmp', 'flag', 'sp', 'stk0', 'stk1', 'aux0', 'aux1', 'noise', 'dead0', 'dead1']",17,160,0,0,True,1.0,0
large-006,large,3,nested-call,support,160,"['taint', 'mode', 'ctx', 'sp', 'stk0', 'stk1', 'aux0']",7,39,0,0,True,4.102564102564102,0
large-006,large,3,nested-call,pathseal,160,"['taint', 'mode', 'ctx', 'aux0']",4,38,0,0,True,4.2105263157894735,0
large-006,large,3,nested-call,call-context,160,"['ctx', 'sp', 'stk0', 'stk1']",4,8,128,1776,False,20.0,158
large-006,large,3,nested-call,security-surface,160,"['input', 'taint', 'san', 'alias']",4,24,64,368,False,6.666666666666667,38
large-006,large,3,nested-call,syntax-only,160,[],0,1,156,12448,False,160.0,1048
large-006,large,4,nested-return,exact-state,160,"['input', 'taint', 'san', 'alias', 'guard', 'mode', 'ctx', 'tmp', 'flag', 'sp', 'stk0', 'stk1', 'aux0', 'aux1', 'noise', 'dead0', 'dead1']",17,160,0,0,True,1.0,0
large-006,large,4,nested-return,support,160,"['alias', 'ctx', 'flag', 'sp', 'stk0', 'stk1', 'aux0']",7,40,0,0,True,4.0,0
large-006,large,4,nested-return,pathseal,160,"['taint', 'mode', 'ctx', 'stk1']",4,38,0,0,True,4.2105263157894735,0
large-006,large,4,nested-return,call-context,160,"['ctx', 'sp', 'stk0', 'stk1']",4,21,64,336,False,7.619047619047619,38
large-006,large,4,nested-return,security-surface,160,"['input', 'taint', 'san', 'alias']",4,24,24,112,False,6.666666666666667,12
large-006,large,4,nested-return,syntax-only,160,[],0,1,156,9120,False,160.0,882
large-006,large,5,alias-gate,exact-state,76,"['input', 'taint', 'san', 'alias', 'guard', 'mode', 'ctx', 'tmp', 'flag', 'sp', 'stk0', 'stk1', 'aux0', 'aux1', 'noise', 'dead0', 'dead1']",17,76,0,0,True,1.0,0
large-006,large,5,alias-gate,support,76,"['alias', 'mode', 'ctx', 'tmp', 'aux1', 'noise']",6,19,0,0,True,4.0,0
large-006,large,5,alias-gate,pathseal,76,"['alias', 'ctx', 'aux0']",3,19,0,0,True,4.0,0
large-006,large,5,alias-gate,call-context,76,"['ctx', 'sp', 'stk0', 'stk1']",4,7,48,400,False,10.857142857142858,40
large-006,large,5,alias-gate,security-surface,76,"['input', 'taint', 'san', 'alias']",4,13,24,112,False,5.846153846153846,12
large-006,large,5,alias-gate,syntax-only,76,[],0,1,72,2736,False,76.0,278
large-006,large,6,context-fold,exact-state,72,"['input', 'taint', 'san', 'alias', 'guard', 'mode', 'ctx', 'tmp', 'flag', 'sp', 'stk0', 'stk1', 'aux0', 'aux1', 'noise', 'dead0', 'dead1']",17,72,0,0,True,1.0,0
large-006,large,6,context-fold,support,72,"['input', 'san', 'alias', 'ctx', 'aux1', 'noise']",6,18,0,0,True,4.0,0
large-006,large,6,context-fold,pathseal,72,"['alias', 'ctx', 'tmp']",3,18,0,0,True,4.0,0
large-006,large,6,context-fold,call-context,72,"['ctx', 'sp', 'stk0', 'stk1']",4,7,44,368,False,10.285714285714286,38
large-006,large,6,context-fold,security-surface,72,"['input', 'taint', 'san', 'alias']",4,11,28,112,False,6.545454545454546,12
large-006,large,6,context-fold,syntax-only,72,[],0,1,68,2448,False,72.0,240
large-006,large,7,sanitize,exact-state,72,"['input', 'taint', 'san', 'alias', 'guard', 'mode', 'ctx', 'tmp', 'flag', 'sp', 'stk0', 'stk1', 'aux0', 'aux1', 'noise', 'dead0', 'dead1']",17,72,0,0,True,1.0,0
large-006,large,7,sanitize,support,72,"['input', 'taint', 'san', 'alias', 'ctx']",5,18,0,0,True,4.0,0
large-006,large,7,sanitize,pathseal,72,"['input', 'san', 'alias', 'ctx']",4,18,0,0,True,4.0,0
large-006,large,7,sanitize,call-context,72,"['ctx', 'sp', 'stk0', 'stk1']",4,9,36,400,False,8.0,44
large-006,large,7,sanitize,security-surface,72,"['input', 'taint', 'san', 'alias']",4,11,28,112,False,6.545454545454546,12
large-006,large,7,sanitize,syntax-only,72,[],0,1,68,2448,False,72.0,250
large-006,large,8,branch,exact-state,72,"['input', 'taint', 'san', 'alias', 'guard', 'mode', 'ctx', 'tmp', 'flag', 'sp', 'stk0', 'stk1', 'aux0', 'aux1', 'noise', 'dead0', 'dead1']",17,72,0,0,True,1.0,0
large-006,large,8,branch,support,72,"['taint', 'alias', 'guard', 'mode', 'ctx', 'stk0']",6,18,0,0,True,4.0,0
large-006,large,8,branch,pathseal,72,"['input', 'san', 'alias', 'ctx']",4,18,0,0,True,4.0,0
large-006,large,8,branch,call-context,72,"['ctx', 'sp', 'stk0', 'stk1']",4,9,36,336,False,8.0,38
large-006,large,8,branch,security-surface,72,"['input', 'taint', 'san', 'alias']",4,11,28,112,False,6.545454545454546,12
large-006,large,8,branch,syntax-only,72,[],0,1,68,2384,False,72.0,258
large-006,large,9,return,exact-state,68,"['input', 'taint', 'san', 'alias', 'guard', 'mode', 'ctx', 'tmp', 'flag', 'sp', 'stk0', 'stk1', 'aux0', 'aux1', 'noise', 'dead0', 'dead1']",17,68,0,0,True,1.0,0
large-006,large,9,return,support,68,"['ctx', 'sp', 'stk0', 'stk1']",4,9,0,0,True,7.555555555555555,0
large-006,large,9,return,pathseal,68,"['ctx', 'stk0']",2,9,0,0,True,7.555555555555555,0
large-006,large,9,return,call-context,68,"['ctx', 'sp', 'stk0', 'stk1']",4,9,0,0,True,7.555555555555555,0
large-006,large,9,return,security-surface,68,"['input', 'taint', 'san', 'alias']",4,11,8,32,False,6.181818181818182,4
large-006,large,9,return,syntax-only,68,[],0,1,16,928,False,68.0,102
large-006,large,10,sink,exact-state,16,"['input', 'taint', 'san', 'alias', 'guard', 'mode', 'ctx', 'tmp', 'flag', 'sp', 'stk0', 'stk1', 'aux0', 'aux1', 'noise', 'dead0', 'dead1']",17,16,0,0,True,1.0,0
large-006,large,10,sink,support,16,"['taint', 'alias', 'mode', 'ctx', 'sp']",5,4,0,0,True,4.0,0
large-006,large,10,sink,pathseal,16,['ctx'],1,4,0,0,True,4.0,0
large-006,large,10,sink,call-context,16,"['ctx', 'sp', 'stk0', 'stk1']",4,4,0,0,True,4.0,0
large-006,large,10,sink,security-surface,16,"['input', 'taint', 'san', 'alias']",4,3,4,16,False,5.333333333333333,2
large-006,large,10,sink,syntax-only,16,[],0,1,12,96,False,16.0,10
large-007,large,0,source,exact-state,160,"['input', 'taint', 'san', 'alias', 'guard', 'mode', 'ctx', 'tmp', 'flag', 'sp', 'stk0', 'stk1', 'aux0', 'aux1', 'noise', 'dead0', 'dead1']",17,160,0,0,True,1.0,0
large-007,large,0,source,support,160,"['input', 'alias', 'mode', 'ctx', 'sp', 'stk0', 'stk1', 'aux0']",8,40,0,0,True,4.0,0
large-007,large,0,source,pathseal,160,"['alias', 'mode', 'ctx', 'aux0']",4,40,0,0,True,4.0,0
large-007,large,0,source,call-context,160,"['ctx', 'sp', 'stk0', 'stk1']",4,4,144,3424,False,40.0,340
large-007,large,0,source,security-surface,160,"['input', 'taint', 'san', 'alias']",4,15,100,672,False,10.666666666666666,60
large-007,large,0,source,syntax-only,160,[],0,1,156,12480,False,160.0,908
large-007,large,1,propagate,exact-state,160,"['input', 'taint', 'san', 'alias', 'guard', 'mode', 'ctx', 'tmp', 'flag', 'sp', 'stk0', 'stk1', 'aux0', 'aux1', 'noise', 'dead0', 'dead1']",17,160,0,0,True,1.0,0
large-007,large,1,propagate,support,160,"['taint', 'alias', 'mode', 'ctx', 'tmp', 'flag', 'aux0']",7,40,0,0,True,4.0,0
large-007,large,1,propagate,pathseal,160,"['alias', 'mode', 'ctx', 'aux0']",4,40,0,0,True,4.0,0
large-007,large,1,propagate,call-context,160,"['ctx', 'sp', 'stk0', 'stk1']",4,4,144,3424,False,40.0,340
large-007,large,1,propagate,security-surface,160,"['input', 'taint', 'san', 'alias']",4,15,100,672,False,10.666666666666666,60
large-007,large,1,propagate,syntax-only,160,[],0,1,156,12480,False,160.0,908
large-007,large,2,helper,exact-state,160,"['input', 'taint', 'san', 'alias', 'guard', 'mode', 'ctx', 'tmp', 'flag', 'sp', 'stk0', 'stk1', 'aux0', 'aux1', 'noise', 'dead0', 'dead1']",17,160,0,0,True,1.0,0
large-007,large,2,helper,support,160,"['guard', 'mode', 'ctx', 'tmp', 'stk0', 'aux0']",6,40,0,0,True,4.0,0
large-007,large,2,helper,pathseal,160,"['mode', 'ctx', 'tmp', 'aux0']",4,40,0,0,True,4.0,0
large-007,large,2,helper,call-context,160,"['ctx', 'sp', 'stk0', 'stk1']",4,4,144,3424,False,40.0,334
large-007,large,2,helper,security-surface,160,"['input', 'taint', 'san', 'alias']",4,14,104,736,False,11.428571428571429,82
large-007,large,2,helper,syntax-only,160,[],0,1,156,12480,False,160.0,938
large-007,large,3,nested-call,exact-state,160,"['input', 'taint', 'san', 'alias', 'guard', 'mode', 'ctx', 'tmp', 'flag', 'sp', 'stk0', 'stk1', 'aux0', 'aux1', 'noise', 'dead0', 'dead1']",17,160,0,0,True,1.0,0
large-007,large,3,nested-call,support,160,"['san', 'alias', 'mode', 'ctx', 'tmp', 'sp', 'stk0', 'stk1', 'aux0']",9,40,0,0,True,4.0,0
large-007,large,3,nested-call,pathseal,160,"['mode', 'tmp', 'stk0', 'aux0']",4,40,0,0,True,4.0,0
large-007,large,3,nested-call,call-context,160,"['ctx', 'sp', 'stk0', 'stk1']",4,8,128,1664,False,20.0,172
large-007,large,3,nested-call,security-surface,160,"['input', 'taint', 'san', 'alias']",4,14,104,736,False,11.428571428571429,88
large-007,large,3,nested-call,syntax-only,160,[],0,1,156,12480,False,160.0,1052
large-007,large,4,nested-return,exact-state,160,"['input', 'taint', 'san', 'alias', 'guard', 'mode', 'ctx', 'tmp', 'flag', 'sp', 'stk0', 'stk1', 'aux0', 'aux1', 'noise', 'dead0', 'dead1']",17,160,0,0,True,1.0,0
large-007,large,4,nested-return,support,160,"['alias', 'ctx', 'flag', 'sp', 'stk0', 'stk1', 'aux0', 'aux1']",8,40,0,0,True,4.0,0
large-007,large,4,nested-return,pathseal,160,"['san', 'alias', 'mode', 'tmp']",4,35,0,0,True,4.571428571428571,0
large-007,large,4,nested-return,call-context,160,"['ctx', 'sp', 'stk0', 'stk1']",4,23,60,336,False,6.956521739130435,40
large-007,large,4,nested-return,security-surface,160,"['input', 'taint', 'san', 'alias']",4,14,92,576,False,11.428571428571429,70
large-007,large,4,nested-return,syntax-only,160,[],0,1,92,10304,False,160.0,1006
large-007,large,5,alias-gate,exact-state,92,"['input', 'taint', 'san', 'alias', 'guard', 'mode', 'ctx', 'tmp', 'flag', 'sp', 'stk0', 'stk1', 'aux0', 'aux1', 'noise', 'dead0', 'dead1']",17,92,0,0,True,1.0,0
large-007,large,5,alias-gate,support,92,"['alias', 'mode', 'tmp', 'aux1', 'noise']",5,23,0,0,True,4.0,0
large-007,large,5,alias-gate,pathseal,92,"['alias', 'aux0', 'aux1']",3,23,0,0,True,4.0,0
large-007,large,5,alias-gate,call-context,92,"['ctx', 'sp', 'stk0', 'stk1']",4,6,68,576,False,15.333333333333334,62
large-007,large,5,alias-gate,security-surface,92,"['input', 'taint', 'san', 'alias']",4,12,44,256,False,7.666666666666667,30
large-007,large,5,alias-gate,syntax-only,92,[],0,1,88,4032,False,92.0,372
large-007,large,6,context-fold,exact-state,84,"['input', 'taint', 'san', 'alias', 'guard', 'mode', 'ctx', 'tmp', 'flag', 'sp', 'stk0', 'stk1', 'aux0', 'aux1', 'noise', 'dead0', 'dead1']",17,84,0,0,True,1.0,0
large-007,large,6,context-fold,support,84,"['alias', 'mode', 'ctx', 'tmp', 'aux1', 'noise']",6,21,0,0,True,4.0,0
large-007,large,6,context-fold,pathseal,84,"['alias', 'mode', 'tmp']",3,21,0,0,True,4.0,0
large-007,large,6,context-fold,call-context,84,"['ctx', 'sp', 'stk0', 'stk1']",4,6,60,496,False,14.0,58
large-007,large,6,context-fold,security-surface,84,"['input', 'taint', 'san', 'alias']",4,13,32,144,False,6.461538461538462,18
large-007,large,6,context-fold,syntax-only,84,[],0,1,80,3360,False,84.0,326
large-007,large,7,sanitize,exact-state,84,"['input', 'taint', 'san', 'alias', 'guard', 'mode', 'ctx', 'tmp', 'flag', 'sp', 'stk0', 'stk1', 'aux0', 'aux1', 'noise', 'dead0', 'dead1']",17,84,0,0,True,1.0,0
large-007,large,7,sanitize,support,84,"['taint', 'san', 'alias', 'mode', 'tmp']",5,21,0,0,True,4.0,0
large-007,large,7,sanitize,pathseal,84,"['alias', 'mode', 'tmp']",3,21,0,0,True,4.0,0
large-007,large,7,sanitize,call-context,84,"['ctx', 'sp', 'stk0', 'stk1']",4,9,48,288,False,9.333333333333334,32
large-007,large,7,sanitize,security-surface,84,"['input', 'taint', 'san', 'alias']",4,13,32,144,False,6.461538461538462,16
large-007,large,7,sanitize,syntax-only,84,[],0,1,80,3360,False,84.0,330
large-007,large,8,branch,exact-state,84,"['input', 'taint', 'san', 'alias', 'guard', 'mode', 'ctx', 'tmp', 'flag', 'sp', 'stk0', 'stk1', 'aux0', 'aux1', 'noise', 'dead0', 'dead1']",17,84,0,0,True,1.0,0
large-007,large,8,branch,support,84,"['input', 'taint', 'alias', 'guard', 'mode', 'stk0']",6,21,0,0,True,4.0,0
large-007,large,8,branch,pathseal,84,"['alias', 'mode', 'tmp']",3,21,0,0,True,4.0,0
large-007,large,8,branch,call-context,84,"['ctx', 'sp', 'stk0', 'stk1']",4,9,44,272,False,9.333333333333334,30
large-007,large,8,branch,security-surface,84,"['input', 'taint', 'san', 'alias']",4,13,32,144,False,6.461538461538462,16
large-007,large,8,branch,syntax-only,84,[],0,1,80,3328,False,84.0,348
large-007,large,9,return,exact-state,76,"['input', 'taint', 'san', 'alias', 'guard', 'mode', 'ctx', 'tmp', 'flag', 'sp', 'stk0', 'stk1', 'aux0', 'aux1', 'noise', 'dead0', 'dead1']",17,76,0,0,True,1.0,0
large-007,large,9,return,support,76,"['mode', 'ctx', 'sp', 'stk0', 'stk1']",5,16,0,0,True,4.75,0
large-007,large,9,return,pathseal,76,"['input', 'mode', 'stk0']",3,17,0,0,True,4.470588235294118,0
large-007,large,9,return,call-context,76,"['ctx', 'sp', 'stk0', 'stk1']",4,9,20,96,False,8.444444444444445,10
large-007,large,9,return,security-surface,76,"['input', 'taint', 'san', 'alias']",4,12,20,80,False,6.333333333333333,10
large-007,large,9,return,syntax-only,76,[],0,1,72,2016,False,76.0,220
large-007,large,10,sink,exact-state,36,"['input', 'taint', 'san', 'alias', 'guard', 'mode', 'ctx', 'tmp', 'flag', 'sp', 'stk0', 'stk1', 'aux0', 'aux1', 'noise', 'dead0', 'dead1']",17,36,0,0,True,1.0,0
large-007,large,10,sink,support,36,"['taint', 'alias', 'mode', 'ctx', 'sp']",5,9,0,0,True,4.0,0
large-007,large,10,sink,pathseal,36,"['mode', 'ctx']",2,9,0,0,True,4.0,0
large-007,large,10,sink,call-context,36,"['ctx', 'sp', 'stk0', 'stk1']",4,4,20,96,False,9.0,10
large-007,large,10,sink,security-surface,36,"['input', 'taint', 'san', 'alias']",4,8,4,16,False,4.5,2
large-007,large,10,sink,syntax-only,36,[],0,1,32,576,False,36.0,56
large-008,large,0,source,exact-state,160,"['input', 'taint', 'san', 'alias', 'guard', 'mode', 'ctx', 'tmp', 'flag', 'sp', 'stk0', 'stk1', 'aux0', 'aux1', 'noise', 'dead0', 'dead1']",17,160,0,0,True,1.0,0
large-008,large,0,source,support,160,"['input', 'san', 'alias', 'ctx', 'flag', 'sp', 'stk0', 'stk1', 'aux0', 'aux1']",10,40,0,0,True,4.0,0
large-008,large,0,source,pathseal,160,"['input', 'san', 'alias', 'aux0', 'aux1']",5,40,0,0,True,4.0,0
large-008,large,0,source,call-context,160,"['ctx', 'sp', 'stk0', 'stk1']",4,4,144,3280,False,40.0,320
large-008,large,0,source,security-surface,160,"['input', 'taint', 'san', 'alias']",4,15,100,736,False,10.666666666666666,72
large-008,large,0,source,syntax-only,160,[],0,1,156,12480,False,160.0,920
large-008,large,1,propagate,exact-state,160,"['input', 'taint', 'san', 'alias', 'guard', 'mode', 'ctx', 'tmp', 'flag', 'sp', 'stk0', 'stk1', 'aux0', 'aux1', 'noise', 'dead0', 'dead1']",17,160,0,0,True,1.0,0
large-008,large,1,propagate,support,160,"['input', 'taint', 'alias', 'guard', 'mode', 'ctx', 'tmp', 'flag', 'aux0']",9,40,0,0,True,4.0,0
large-008,large,1,propagate,pathseal,160,"['input', 'san', 'alias', 'aux0', 'aux1']",5,40,0,0,True,4.0,0
large-008,large,1,propagate,call-context,160,"['ctx', 'sp', 'stk0', 'stk1']",4,4,144,3280,False,40.0,320
large-008,large,1,propagate,security-surface,160,"['input', 'taint', 'san', 'alias']",4,23,68,384,False,6.956521739130435,36
large-008,large,1,propagate,syntax-only,160,[],0,1,156,12480,False,160.0,920
large-008,large,2,helper,exact-state,160,"['input', 'taint', 'san', 'alias', 'guard', 'mode', 'ctx', 'tmp', 'flag', 'sp', 'stk0', 'stk1', 'aux0', 'aux1', 'noise', 'dead0', 'dead1']",17,160,0,0,True,1.0,0
large-008,large,2,helper,support,160,"['guard', 'mode', 'ctx', 'tmp', 'aux0']",5,40,0,0,True,4.0,0
large-008,large,2,helper,pathseal,160,"['input', 'guard', 'mode', 'ctx', 'aux0']",5,40,0,0,True,4.0,0
large-008,large,2,helper,call-context,160,"['ctx', 'sp', 'stk0', 'stk1']",4,4,144,3280,False,40.0,310
large-008,large,2,helper,security-surface,160,"['input', 'taint', 'san', 'alias']",4,24,60,368,False,6.666666666666667,36
large-008,large,2,helper,syntax-only,160,[],0,1,156,12464,False,160.0,922
large-008,large,3,nested-call,exact-state,160,"['input', 'taint', 'san', 'alias', 'guard', 'mode', 'ctx', 'tmp', 'flag', 'sp', 'stk0', 'stk1', 'aux0', 'aux1', 'noise', 'dead0', 'dead1']",17,160,0,0,True,1.0,0
large-008,large,3,nested-call,support,160,"['taint', 'mode', 'ctx', 'tmp', 'sp', 'stk0', 'stk1', 'aux0']",8,40,0,0,True,4.0,0
large-008,large,3,nested-call,pathseal,160,"['mode', 'ctx', 'tmp', 'aux0']",4,39,0,0,True,4.102564102564102,0
large-008,large,3,nested-call,call-context,160,"['ctx', 'sp', 'stk0', 'stk1']",4,8,128,1600,False,20.0,154
large-008,large,3,nested-call,security-surface,160,"['input', 'taint', 'san', 'alias']",4,24,60,368,False,6.666666666666667,36
large-008,large,3,nested-call,syntax-only,160,[],0,1,156,12464,False,160.0,1010
large-008,large,4,nested-return,exact-state,160,"['input', 'taint', 'san', 'alias', 'guard', 'mode', 'ctx', 'tmp', 'flag', 'sp', 'stk0', 'stk1', 'aux0', 'aux1', 'noise', 'dead0', 'dead1']",17,160,0,0,True,1.0,0
large-008,large,4,nested-return,support,160,"['input', 'san', 'ctx', 'tmp', 'flag', 'sp', 'stk0', 'stk1', 'aux0']",9,40,0,0,True,4.0,0
large-008,large,4,nested-return,pathseal,160,"['taint', 'mode', 'ctx', 'tmp']",4,38,0,0,True,4.2105263157894735,0
large-008,large,4,nested-return,call-context,160,"['ctx', 'sp', 'stk0', 'stk1']",4,26,48,208,False,6.153846153846154,24
large-008,large,4,nested-return,security-surface,160,"['input', 'taint', 'san', 'alias']",4,24,36,224,False,6.666666666666667,24
large-008,large,4,nested-return,syntax-only,160,[],0,1,156,10032,False,160.0,964
large-008,large,5,alias-gate,exact-state,88,"['input', 'taint', 'san', 'alias', 'guard', 'mode', 'ctx', 'tmp', 'flag', 'sp', 'stk0', 'stk1', 'aux0', 'aux1', 'noise', 'dead0', 'dead1']",17,88,0,0,True,1.0,0
large-008,large,5,alias-gate,support,88,"['alias', 'mode', 'ctx', 'aux1', 'noise']",5,22,0,0,True,4.0,0
large-008,large,5,alias-gate,pathseal,88,"['input', 'san', 'ctx', 'tmp']",4,22,0,0,True,4.0,0
large-008,large,5,alias-gate,call-context,88,"['ctx', 'sp', 'stk0', 'stk1']",4,8,56,464,False,11.0,50
large-008,large,5,alias-gate,security-surface,88,"['input', 'taint', 'san', 'alias']",4,13,36,224,False,6.769230769230769,24
large-008,large,5,alias-gate,syntax-only,88,[],0,1,72,3600,False,88.0,352
large-008,large,6,context-fold,exact-state,72,"['input', 'taint', 'san', 'alias', 'guard', 'mode', 'ctx', 'tmp', 'flag', 'sp', 'stk0', 'stk1', 'aux0', 'aux1', 'noise', 'dead0', 'dead1']",17,72,0,0,True,1.0,0
large-008,large,6,context-fold,support,72,"['san', 'alias', 'ctx', 'aux0', 'aux1', 'noise']",6,18,0,0,True,4.0,0
large-008,large,6,context-fold,pathseal,72,"['alias', 'mode', 'ctx']",3,18,0,0,True,4.0,0
large-008,large,6,context-fold,call-context,72,"['ctx', 'sp', 'stk0', 'stk1']",4,7,44,336,False,10.285714285714286,42
large-008,large,6,context-fold,security-surface,72,"['input', 'taint', 'san', 'alias']",4,14,16,80,False,5.142857142857143,8
large-008,large,6,context-fold,syntax-only,72,[],0,1,68,2448,False,72.0,258
large-008,large,7,sanitize,exact-state,72,"['input', 'taint', 'san', 'alias', 'guard', 'mode', 'ctx', 'tmp', 'flag', 'sp', 'stk0', 'stk1', 'aux0', 'aux1', 'noise', 'dead0', 'dead1']",17,72,0,0,True,1.0,0
large-008,large,7,sanitize,support,72,"['taint', 'san', 'alias', 'aux0']",4,18,0,0,True,4.0,0
large-008,large,7,sanitize,pathseal,72,"['san', 'alias', 'aux0']",3,17,0,0,True,4.235294117647059,0
large-008,large,7,sanitize,call-context,72,"['ctx', 'sp', 'stk0', 'stk1']",4,11,28,192,False,6.545454545454546,24
large-008,large,7,sanitize,security-surface,72,"['input', 'taint', 'san', 'alias']",4,14,16,80,False,5.142857142857143,8
large-008,large,7,sanitize,syntax-only,72,[],0,1,68,2432,False,72.0,260
large-008,large,8,branch,exact-state,72,"['input', 'taint', 'san', 'alias', 'guard', 'mode', 'ctx', 'tmp', 'flag', 'sp', 'stk0', 'stk1', 'aux0', 'aux1', 'noise', 'dead0', 'dead1']",17,72,0,0,True,1.0,0
large-008,large,8,branch,support,72,"['taint', 'alias', 'guard', 'mode', 'aux0']",5,17,0,0,True,4.235294117647059,0
large-008,large,8,branch,pathseal,72,"['san', 'alias', 'aux0']",3,17,0,0,True,4.235294117647059,0
large-008,large,8,branch,call-context,72,"['ctx', 'sp', 'stk0', 'stk1']",4,11,28,192,False,6.545454545454546,24
large-008,large,8,branch,security-surface,72,"['input', 'taint', 'san', 'alias']",4,14,16,80,False,5.142857142857143,8
large-008,large,8,branch,syntax-only,72,[],0,1,68,2336,False,72.0,258
large-008,large,9,return,exact-state,56,"['input', 'taint', 'san', 'alias', 'guard', 'mode', 'ctx', 'tmp', 'flag', 'sp', 'stk0', 'stk1', 'aux0', 'aux1', 'noise', 'dead0', 'dead1']",17,56,0,0,True,1.0,0
large-008,large,9,return,support,56,"['alias', 'ctx', 'sp', 'stk0', 'stk1']",5,14,0,0,True,4.0,0
large-008,large,9,return,pathseal,56,"['alias', 'aux0']",2,12,0,0,True,4.666666666666667,0
large-008,large,9,return,call-context,56,"['ctx', 'sp', 'stk0', 'stk1']",4,10,4,16,False,5.6,2
large-008,large,9,return,security-surface,56,"['input', 'taint', 'san', 'alias']",4,11,8,32,False,5.090909090909091,4
large-008,large,9,return,syntax-only,56,[],0,1,52,576,False,56.0,70
large-008,large,10,sink,exact-state,12,"['input', 'taint', 'san', 'alias', 'guard', 'mode', 'ctx', 'tmp', 'flag', 'sp', 'stk0', 'stk1', 'aux0', 'aux1', 'noise', 'dead0', 'dead1']",17,12,0,0,True,1.0,0
large-008,large,10,sink,support,12,"['taint', 'alias', 'mode', 'ctx', 'sp']",5,3,0,0,True,4.0,0
large-008,large,10,sink,pathseal,12,['alias'],1,3,0,0,True,4.0,0
large-008,large,10,sink,call-context,12,"['ctx', 'sp', 'stk0', 'stk1']",4,2,4,16,False,6.0,2
large-008,large,10,sink,security-surface,12,"['input', 'taint', 'san', 'alias']",4,3,0,0,True,4.0,0
large-008,large,10,sink,syntax-only,12,[],0,1,8,48,False,12.0,6
large-009,large,0,source,exact-state,160,"['input', 'taint', 'san', 'alias', 'guard', 'mode', 'ctx', 'tmp', 'flag', 'sp', 'stk0', 'stk1', 'aux0', 'aux1', 'noise', 'dead0', 'dead1']",17,160,0,0,True,1.0,0
large-009,large,0,source,support,160,"['input', 'mode', 'ctx', 'sp', 'stk0', 'stk1', 'aux0', 'aux1']",8,40,0,0,True,4.0,0
large-009,large,0,source,pathseal,160,"['input', 'mode', 'ctx', 'aux0', 'aux1']",5,40,0,0,True,4.0,0
large-009,large,0,source,call-context,160,"['ctx', 'sp', 'stk0', 'stk1']",4,4,144,3328,False,40.0,312
large-009,large,0,source,security-surface,160,"['input', 'taint', 'san', 'alias']",4,15,100,848,False,10.666666666666666,72
large-009,large,0,source,syntax-only,160,[],0,1,156,12480,False,160.0,916
large-009,large,1,propagate,exact-state,160,"['input', 'taint', 'san', 'alias', 'guard', 'mode', 'ctx', 'tmp', 'flag', 'sp', 'stk0', 'stk1', 'aux0', 'aux1', 'noise', 'dead0', 'dead1']",17,160,0,0,True,1.0,0
large-009,large,1,propagate,support,160,"['input', 'taint', 'alias', 'mode', 'ctx', 'tmp', 'flag', 'aux0', 'aux1']",9,40,0,0,True,4.0,0
large-009,large,1,propagate,pathseal,160,"['input', 'mode', 'ctx', 'aux0', 'aux1']",5,40,0,0,True,4.0,0
large-009,large,1,propagate,call-context,160,"['ctx', 'sp', 'stk0', 'stk1']",4,4,144,3328,False,40.0,312
large-009,large,1,propagate,security-surface,160,"['input', 'taint', 'san', 'alias']",4,15,100,848,False,10.666666666666666,72
large-009,large,1,propagate,syntax-only,160,[],0,1,156,12480,False,160.0,916
large-009,large,2,helper,exact-state,160,"['input', 'taint', 'san', 'alias', 'guard', 'mode', 'ctx', 'tmp', 'flag', 'sp', 'stk0', 'stk1', 'aux0', 'aux1', 'noise', 'dead0', 'dead1']",17,160,0,0,True,1.0,0
large-009,large,2,helper,support,160,"['alias', 'guard', 'mode', 'ctx', 'tmp', 'aux0']",6,40,0,0,True,4.0,0
large-009,large,2,helper,pathseal,160,"['input', 'mode', 'ctx', 'aux0', 'aux1']",5,40,0,0,True,4.0,0
large-009,large,2,helper,call-context,160,"['ctx', 'sp', 'stk0', 'stk1']",4,4,144,3328,False,40.0,320
large-009,large,2,helper,security-surface,160,"['input', 'taint', 'san', 'alias']",4,15,100,752,False,10.666666666666666,72
large-009,large,2,helper,syntax-only,160,[],0,1,156,12480,False,160.0,952
large-009,large,3,nested-call,exact-state,160,"['input', 'taint', 'san', 'alias', 'guard', 'mode', 'ctx', 'tmp', 'flag', 'sp', 'stk0', 'stk1', 'aux0', 'aux1', 'noise', 'dead0', 'dead1']",17,160,0,0,True,1.0,0
large-009,large,3,nested-call,support,160,"['alias', 'mode', 'ctx', 'tmp', 'sp', 'stk0', 'stk1', 'aux0']",8,40,0,0,True,4.0,0
large-009,large,3,nested-call,pathseal,160,"['alias', 'mode', 'ctx', 'tmp']",4,40,0,0,True,4.0,0
large-009,large,3,nested-call,call-context,160,"['ctx', 'sp', 'stk0', 'stk1']",4,8,128,1728,False,20.0,168
large-009,large,3,nested-call,security-surface,160,"['input', 'taint', 'san', 'alias']",4,15,100,752,False,10.666666666666666,82
large-009,large,3,nested-call,syntax-only,160,[],0,1,156,12480,False,160.0,1050
large-009,large,4,nested-return,exact-state,160,"['input', 'taint', 'san', 'alias', 'guard', 'mode', 'ctx', 'tmp', 'flag', 'sp', 'stk0', 'stk1', 'aux0', 'aux1', 'noise', 'dead0', 'dead1']",17,160,0,0,True,1.0,0
large-009,large,4,nested-return,support,160,"['san', 'alias', 'ctx', 'flag', 'sp', 'stk0', 'stk1', 'aux0']",8,39,0,0,True,4.102564102564102,0
large-009,large,4,nested-return,pathseal,160,"['alias', 'mode', 'ctx', 'tmp']",4,40,0,0,True,4.0,0
large-009,large,4,nested-return,call-context,160,"['ctx', 'sp', 'stk0', 'stk1']",4,23,64,352,False,6.956521739130435,44
large-009,large,4,nested-return,security-surface,160,"['input', 'taint', 'san', 'alias']",4,15,88,672,False,10.666666666666666,80
large-009,large,4,nested-return,syntax-only,160,[],0,1,156,10560,False,160.0,1018
large-009,large,5,alias-gate,exact-state,96,"['input', 'taint', 'san', 'alias', 'guard', 'mode', 'ctx', 'tmp', 'flag', 'sp', 'stk0', 'stk1', 'aux0', 'aux1', 'noise', 'dead0', 'dead1']",17,96,0,0,True,1.0,0
large-009,large,5,alias-gate,support,96,"['san', 'alias', 'guard', 'mode', 'aux0', 'aux1', 'noise']",7,23,0,0,True,4.173913043478261,0
large-009,large,5,alias-gate,pathseal,96,"['san', 'alias', 'ctx', 'aux0']",4,24,0,0,True,4.0,0
large-009,large,5,alias-gate,call-context,96,"['ctx', 'sp', 'stk0', 'stk1']",4,7,68,608,False,13.714285714285714,68
large-009,large,5,alias-gate,security-surface,96,"['input', 'taint', 'san', 'alias']",4,11,48,304,False,8.727272727272727,38
large-009,large,5,alias-gate,syntax-only,96,[],0,1,92,4400,False,96.0,410
large-009,large,6,context-fold,exact-state,88,"['input', 'taint', 'san', 'alias', 'guard', 'mode', 'ctx', 'tmp', 'flag', 'sp', 'stk0', 'stk1', 'aux0', 'aux1', 'noise', 'dead0', 'dead1']",17,88,0,0,True,1.0,0
large-009,large,6,context-fold,support,88,"['san', 'guard', 'ctx', 'aux0', 'aux1', 'noise']",6,22,0,0,True,4.0,0
large-009,large,6,context-fold,pathseal,88,"['san', 'guard', 'aux0', 'aux1']",4,22,0,0,True,4.0,0
large-009,large,6,context-fold,call-context,88,"['ctx', 'sp', 'stk0', 'stk1']",4,7,60,464,False,12.571428571428571,52
large-009,large,6,context-fold,security-surface,88,"['input', 'taint', 'san', 'alias']",4,11,44,320,False,8.0,36
large-009,large,6,context-fold,syntax-only,88,[],0,1,84,3696,False,88.0,366
large-009,large,7,sanitize,exact-state,88,"['input', 'taint', 'san', 'alias', 'guard', 'mode', 'ctx', 'tmp', 'flag', 'sp', 'stk0', 'stk1', 'aux0', 'aux1', 'noise', 'dead0', 'dead1']",17,88,0,0,True,1.0,0
large-009,large,7,sanitize,support,88,"['taint', 'san', 'guard', 'aux0', 'aux1']",5,22,0,0,True,4.0,0
large-009,large,7,sanitize,pathseal,88,"['san', 'guard', 'aux0', 'aux1']",4,22,0,0,True,4.0,0
large-009,large,7,sanitize,call-context,88,"['ctx', 'sp', 'stk0', 'stk1']",4,10,48,352,False,8.8,42
large-009,large,7,sanitize,security-surface,88,"['input', 'taint', 'san', 'alias']",4,11,44,320,False,8.0,36
large-009,large,7,sanitize,syntax-only,88,[],0,1,84,3696,False,88.0,374
large-009,large,8,branch,exact-state,88,"['input', 'taint', 'san', 'alias', 'guard', 'mode', 'ctx', 'tmp', 'flag', 'sp', 'stk0', 'stk1', 'aux0', 'aux1', 'noise', 'dead0', 'dead1']",17,88,0,0,True,1.0,0
large-009,large,8,branch,support,88,"['taint', 'san', 'alias', 'guard', 'mode', 'aux0', 'aux1']",7,22,0,0,True,4.0,0
large-009,large,8,branch,pathseal,88,"['san', 'guard', 'aux0', 'aux1']",4,22,0,0,True,4.0,0
large-009,large,8,branch,call-context,88,"['ctx', 'sp', 'stk0', 'stk1']",4,10,44,336,False,8.8,40
large-009,large,8,branch,security-surface,88,"['input', 'taint', 'san', 'alias']",4,11,44,304,False,8.0,34
large-009,large,8,branch,syntax-only,88,[],0,1,84,3600,False,88.0,390
large-009,large,9,return,exact-state,72,"['input', 'taint', 'san', 'alias', 'guard', 'mode', 'ctx', 'tmp', 'flag', 'sp', 'stk0', 'stk1', 'aux0', 'aux1', 'noise', 'dead0', 'dead1']",17,72,0,0,True,1.0,0
large-009,large,9,return,support,72,"['san', 'alias', 'ctx', 'sp', 'stk0', 'stk1', 'aux0']",7,18,0,0,True,4.0,0
large-009,large,9,return,pathseal,72,"['san', 'aux0', 'aux1']",3,15,0,0,True,4.8,0
large-009,large,9,return,call-context,72,"['ctx', 'sp', 'stk0', 'stk1']",4,10,24,160,False,7.2,20
large-009,large,9,return,security-surface,72,"['input', 'taint', 'san', 'alias']",4,11,24,128,False,6.545454545454546,14
large-009,large,9,return,syntax-only,72,[],0,1,36,1872,False,72.0,210
large-009,large,10,sink,exact-state,36,"['input', 'taint', 'san', 'alias', 'guard', 'mode', 'ctx', 'tmp', 'flag', 'sp', 'stk0', 'stk1', 'aux0', 'aux1', 'noise', 'dead0', 'dead1']",17,36,0,0,True,1.0,0
large-009,large,10,sink,support,36,"['taint', 'alias', 'mode', 'ctx', 'sp']",5,9,0,0,True,4.0,0
large-009,large,10,sink,pathseal,36,"['san', 'alias', 'aux0']",3,9,0,0,True,4.0,0
large-009,large,10,sink,call-context,36,"['ctx', 'sp', 'stk0', 'stk1']",4,3,24,160,False,12.0,20
large-009,large,10,sink,security-surface,36,"['input', 'taint', 'san', 'alias']",4,6,12,64,False,6.0,8
large-009,large,10,sink,syntax-only,36,[],0,1,32,576,False,36.0,68
large-010,large,0,source,exact-state,160,"['input', 'taint', 'san', 'alias', 'guard', 'mode', 'ctx', 'tmp', 'flag', 'sp', 'stk0', 'stk1', 'aux0', 'aux1', 'noise', 'dead0', 'dead1']",17,160,0,0,True,1.0,0
large-010,large,0,source,support,160,"['input', 'alias', 'mode', 'ctx', 'flag', 'sp', 'stk0', 'stk1', 'aux0', 'aux1']",10,40,0,0,True,4.0,0
large-010,large,0,source,pathseal,160,"['alias', 'mode', 'ctx', 'aux0', 'aux1']",5,40,0,0,True,4.0,0
large-010,large,0,source,call-context,160,"['ctx', 'sp', 'stk0', 'stk1']",4,4,144,2896,False,40.0,298
large-010,large,0,source,security-surface,160,"['input', 'taint', 'san', 'alias']",4,15,100,768,False,10.666666666666666,72
large-010,large,0,source,syntax-only,160,[],0,1,156,12480,False,160.0,928
large-010,large,1,propagate,exact-state,160,"['input', 'taint', 'san', 'alias', 'guard', 'mode', 'ctx', 'tmp', 'flag', 'sp', 'stk0', 'stk1', 'aux0', 'aux1', 'noise', 'dead0', 'dead1']",17,160,0,0,True,1.0,0
large-010,large,1,propagate,support,160,"['taint', 'alias', 'mode', 'ctx', 'tmp', 'flag', 'aux0', 'aux1']",8,40,0,0,True,4.0,0
large-010,large,1,propagate,pathseal,160,"['alias', 'mode', 'ctx', 'aux0', 'aux1']",5,40,0,0,True,4.0,0
large-010,large,1,propagate,call-context,160,"['ctx', 'sp', 'stk0', 'stk1']",4,4,144,2896,False,40.0,298
large-010,large,1,propagate,security-surface,160,"['input', 'taint', 'san', 'alias']",4,25,60,384,False,6.4,36
large-010,large,1,propagate,syntax-only,160,[],0,1,156,12480,False,160.0,928
large-010,large,2,helper,exact-state,160,"['input', 'taint', 'san', 'alias', 'guard', 'mode', 'ctx', 'tmp', 'flag', 'sp', 'stk0', 'stk1', 'aux0', 'aux1', 'noise', 'dead0', 'dead1']",17,160,0,0,True,1.0,0
large-010,large,2,helper,support,160,"['input', 'guard', 'mode', 'ctx', 'aux0', 'aux1']",6,40,0,0,True,4.0,0
large-010,large,2,helper,pathseal,160,"['alias', 'mode', 'ctx', 'aux0', 'aux1']",5,40,0,0,True,4.0,0
large-010,large,2,helper,call-context,160,"['ctx', 'sp', 'stk0', 'stk1']",4,4,144,2896,False,40.0,304
large-010,large,2,helper,security-surface,160,"['input', 'taint', 'san', 'alias']",4,27,52,256,False,5.925925925925926,30
large-010,large,2,helper,syntax-only,160,[],0,1,156,12480,False,160.0,946
large-010,large,3,nested-call,exact-state,160,"['input', 'taint', 'san', 'alias', 'guard', 'mode', 'ctx', 'tmp', 'flag', 'sp', 'stk0', 'stk1', 'aux0', 'aux1', 'noise', 'dead0', 'dead1']",17,160,0,0,True,1.0,0
large-010,large,3,nested-call,support,160,"['alias', 'mode', 'ctx', 'sp', 'stk0', 'stk1', 'aux0', 'aux1']",8,40,0,0,True,4.0,0
large-010,large,3,nested-call,pathseal,160,"['input', 'mode', 'ctx', 'aux0', 'aux1']",5,40,0,0,True,4.0,0
large-010,large,3,nested-call,call-context,160,"['ctx', 'sp', 'stk0', 'stk1']",4,8,128,1568,False,20.0,156
large-010,large,3,nested-call,security-surface,160,"['input', 'taint', 'san', 'alias']",4,27,52,256,False,5.925925925925926,32
large-010,large,3,nested-call,syntax-only,160,[],0,1,156,12480,False,160.0,998
large-010,large,4,nested-return,exact-state,160,"['input', 'taint', 'san', 'alias', 'guard', 'mode', 'ctx', 'tmp', 'flag', 'sp', 'stk0', 'stk1', 'aux0', 'aux1', 'noise', 'dead0', 'dead1']",17,160,0,0,True,1.0,0
large-010,large,4,nested-return,support,160,"['input', 'alias', 'ctx', 'tmp', 'flag', 'sp', 'stk0', 'stk1', 'aux0', 'aux1']",10,40,0,0,True,4.0,0
large-010,large,4,nested-return,pathseal,160,"['alias', 'mode', 'stk1', 'aux1']",4,39,0,0,True,4.102564102564102,0
large-010,large,4,nested-return,call-context,160,"['ctx', 'sp', 'stk0', 'stk1']",4,22,56,320,False,7.2727272727272725,40
large-010,large,4,nested-return,security-surface,160,"['input', 'taint', 'san', 'alias']",4,27,16,80,False,5.925925925925926,10
large-010,large,4,nested-return,syntax-only,160,[],0,1,156,9104,False,160.0,846
large-010,large,5,alias-gate,exact-state,76,"['input', 'taint', 'san', 'alias', 'guard', 'mode', 'ctx', 'tmp', 'flag', 'sp', 'stk0', 'stk1', 'aux0', 'aux1', 'noise', 'dead0', 'dead1']",17,76,0,0,True,1.0,0
large-010,large,5,alias-gate,support,76,"['alias', 'mode', 'tmp', 'aux1', 'noise']",5,19,0,0,True,4.0,0
large-010,large,5,alias-gate,pathseal,76,"['input', 'alias', 'tmp', 'aux1']",4,18,0,0,True,4.222222222222222,0
large-010,large,5,alias-gate,call-context,76,"['ctx', 'sp', 'stk0', 'stk1']",4,8,44,288,False,9.5,30
large-010,large,5,alias-gate,security-surface,76,"['input', 'taint', 'san', 'alias']",4,14,16,80,False,5.428571428571429,10
large-010,large,5,alias-gate,syntax-only,76,[],0,1,72,2688,False,76.0,258
large-010,large,6,context-fold,exact-state,64,"['input', 'taint', 'san', 'alias', 'guard', 'mode', 'ctx', 'tmp', 'flag', 'sp', 'stk0', 'stk1', 'aux0', 'aux1', 'noise', 'dead0', 'dead1']",17,64,0,0,True,1.0,0
large-010,large,6,context-fold,support,64,"['alias', 'mode', 'ctx', 'aux1', 'noise']",5,16,0,0,True,4.0,0
large-010,large,6,context-fold,pathseal,64,"['alias', 'mode', 'tmp']",3,16,0,0,True,4.0,0
large-010,large,6,context-fold,call-context,64,"['ctx', 'sp', 'stk0', 'stk1']",4,8,32,176,False,8.0,20
large-010,large,6,context-fold,security-surface,64,"['input', 'taint', 'san', 'alias']",4,12,16,80,False,5.333333333333333,10
large-010,large,6,context-fold,syntax-only,64,[],0,1,60,1920,False,64.0,206
large-010,large,7,sanitize,exact-state,64,"['input', 'taint', 'san', 'alias', 'guard', 'mode', 'ctx', 'tmp', 'flag', 'sp', 'stk0', 'stk1', 'aux0', 'aux1', 'noise', 'dead0', 'dead1']",17,64,0,0,True,1.0,0
large-010,large,7,sanitize,support,64,"['taint', 'san', 'alias', 'mode', 'ctx']",5,16,0,0,True,4.0,0
large-010,large,7,sanitize,pathseal,64,"['alias', 'mode', 'ctx']",3,16,0,0,True,4.0,0
large-010,large,7,sanitize,call-context,64,"['ctx', 'sp', 'stk0', 'stk1']",4,11,20,80,False,5.818181818181818,10
large-010,large,7,sanitize,security-surface,64,"['input', 'taint', 'san', 'alias']",4,12,16,80,False,5.333333333333333,10
large-010,large,7,sanitize,syntax-only,64,[],0,1,60,1920,False,64.0,206
large-010,large,8,branch,exact-state,64,"['input', 'taint', 'san', 'alias', 'guard', 'mode', 'ctx', 'tmp', 'flag', 'sp', 'stk0', 'stk1', 'aux0', 'aux1', 'noise', 'dead0', 'dead1']",17,64,0,0,True,1.0,0
large-010,large,8,branch,support,64,"['input', 'taint', 'alias', 'guard', 'mode', 'tmp', 'aux0']",7,16,0,0,True,4.0,0
large-010,large,8,branch,pathseal,64,"['alias', 'mode', 'ctx']",3,16,0,0,True,4.0,0
large-010,large,8,branch,call-context,64,"['ctx', 'sp', 'stk0', 'stk1']",4,11,20,80,False,5.818181818181818,10
large-010,large,8,branch,security-surface,64,"['input', 'taint', 'san', 'alias']",4,12,16,80,False,5.333333333333333,10
large-010,large,8,branch,syntax-only,64,[],0,1,60,1920,False,64.0,210
large-010,large,9,return,exact-state,60,"['input', 'taint', 'san', 'alias', 'guard', 'mode', 'ctx', 'tmp', 'flag', 'sp', 'stk0', 'stk1', 'aux0', 'aux1', 'noise', 'dead0', 'dead1']",17,60,0,0,True,1.0,0
large-010,large,9,return,support,60,"['mode', 'ctx', 'sp', 'stk0', 'stk1']",5,15,0,0,True,4.0,0
large-010,large,9,return,pathseal,60,"['input', 'tmp', 'aux0']",3,14,0,0,True,4.285714285714286,0
large-010,large,9,return,call-context,60,"['ctx', 'sp', 'stk0', 'stk1']",4,10,12,48,False,6.0,6
large-010,large,9,return,security-surface,60,"['input', 'taint', 'san', 'alias']",4,11,16,80,False,5.454545454545454,10
large-010,large,9,return,syntax-only,60,[],0,1,56,1232,False,60.0,148
large-010,large,10,sink,exact-state,28,"['input', 'taint', 'san', 'alias', 'guard', 'mode', 'ctx', 'tmp', 'flag', 'sp', 'stk0', 'stk1', 'aux0', 'aux1', 'noise', 'dead0', 'dead1']",17,28,0,0,True,1.0,0
large-010,large,10,sink,support,28,"['taint', 'alias', 'mode', 'ctx', 'sp']",5,7,0,0,True,4.0,0
large-010,large,10,sink,pathseal,28,"['mode', 'ctx']",2,7,0,0,True,4.0,0
large-010,large,10,sink,call-context,28,"['ctx', 'sp', 'stk0', 'stk1']",4,4,12,48,False,7.0,6
large-010,large,10,sink,security-surface,28,"['input', 'taint', 'san', 'alias']",4,6,4,16,False,4.666666666666667,2
large-010,large,10,sink,syntax-only,28,[],0,1,24,336,False,28.0,42
large-011,large,0,source,exact-state,160,"['input', 'taint', 'san', 'alias', 'guard', 'mode', 'ctx', 'tmp', 'flag', 'sp', 'stk0', 'stk1', 'aux0', 'aux1', 'noise', 'dead0', 'dead1']",17,160,0,0,True,1.0,0
large-011,large,0,source,support,160,"['input', 'mode', 'ctx', 'flag', 'sp', 'stk0', 'stk1', 'aux0', 'aux1']",9,40,0,0,True,4.0,0
large-011,large,0,source,pathseal,160,"['input', 'mode', 'flag', 'aux0', 'aux1']",5,40,0,0,True,4.0,0
large-011,large,0,source,call-context,160,"['ctx', 'sp', 'stk0', 'stk1']",4,4,144,3328,False,40.0,302
large-011,large,0,source,security-surface,160,"['input', 'taint', 'san', 'alias']",4,16,96,592,False,10.0,56
large-011,large,0,source,syntax-only,160,[],0,1,156,12480,False,160.0,906
large-011,large,1,propagate,exact-state,160,"['input', 'taint', 'san', 'alias', 'guard', 'mode', 'ctx', 'tmp', 'flag', 'sp', 'stk0', 'stk1', 'aux0', 'aux1', 'noise', 'dead0', 'dead1']",17,160,0,0,True,1.0,0
large-011,large,1,propagate,support,160,"['taint', 'alias', 'mode', 'tmp', 'flag', 'aux0', 'aux1']",7,40,0,0,True,4.0,0
large-011,large,1,propagate,pathseal,160,"['input', 'mode', 'flag', 'aux0', 'aux1']",5,40,0,0,True,4.0,0
large-011,large,1,propagate,call-context,160,"['ctx', 'sp', 'stk0', 'stk1']",4,4,144,3328,False,40.0,302
large-011,large,1,propagate,security-surface,160,"['input', 'taint', 'san', 'alias']",4,16,96,592,False,10.0,56
large-011,large,1,propagate,syntax-only,160,[],0,1,156,12480,False,160.0,906
large-011,large,2,helper,exact-state,160,"['input', 'taint', 'san', 'alias', 'guard', 'mode', 'ctx', 'tmp', 'flag', 'sp', 'stk0', 'stk1', 'aux0', 'aux1', 'noise', 'dead0', 'dead1']",17,160,0,0,True,1.0,0
large-011,large,2,helper,support,160,"['alias', 'guard', 'mode', 'ctx', 'aux0', 'aux1']",6,40,0,0,True,4.0,0
large-011,large,2,helper,pathseal,160,"['alias', 'mode', 'aux0', 'aux1']",4,40,0,0,True,4.0,0
large-011,large,2,helper,call-context,160,"['ctx', 'sp', 'stk0', 'stk1']",4,4,144,3328,False,40.0,314
large-011,large,2,helper,security-surface,160,"['input', 'taint', 'san', 'alias']",4,15,100,816,False,10.666666666666666,80
large-011,large,2,helper,syntax-only,160,[],0,1,156,12480,False,160.0,952
large-011,large,3,nested-call,exact-state,160,"['input', 'taint', 'san', 'alias', 'guard', 'mode', 'ctx', 'tmp', 'flag', 'sp', 'stk0', 'stk1', 'aux0', 'aux1', 'noise', 'dead0', 'dead1']",17,160,0,0,True,1.0,0
large-011,large,3,nested-call,support,160,"['alias', 'mode', 'ctx', 'tmp', 'sp', 'stk0', 'stk1', 'aux0', 'aux1']",9,40,0,0,True,4.0,0
large-011,large,3,nested-call,pathseal,160,"['alias', 'mode', 'aux0', 'aux1']",4,40,0,0,True,4.0,0
large-011,large,3,nested-call,call-context,160,"['ctx', 'sp', 'stk0', 'stk1']",4,8,128,1696,False,20.0,154
large-011,large,3,nested-call,security-surface,160,"['input', 'taint', 'san', 'alias']",4,15,100,816,False,10.666666666666666,76
large-011,large,3,nested-call,syntax-only,160,[],0,1,156,12480,False,160.0,1022
large-011,large,4,nested-return,exact-state,160,"['input', 'taint', 'san', 'alias', 'guard', 'mode', 'ctx', 'tmp', 'flag', 'sp', 'stk0', 'stk1', 'aux0', 'aux1', 'noise', 'dead0', 'dead1']",17,160,0,0,True,1.0,0
large-011,large,4,nested-return,support,160,"['input', 'alias', 'ctx', 'flag', 'sp', 'stk0', 'stk1', 'aux0']",8,39,0,0,True,4.102564102564102,0
large-011,large,4,nested-return,pathseal,160,"['alias', 'mode', 'tmp', 'aux1']",4,39,0,0,True,4.102564102564102,0
large-011,large,4,nested-return,call-context,160,"['ctx', 'sp', 'stk0', 'stk1']",4,26,44,240,False,6.153846153846154,28
large-011,large,4,nested-return,security-surface,160,"['input', 'taint', 'san', 'alias']",4,15,100,688,False,10.666666666666666,70
large-011,large,4,nested-return,syntax-only,160,[],0,1,156,10560,False,160.0,1024
large-011,large,5,alias-gate,exact-state,96,"['input', 'taint', 'san', 'alias', 'guard', 'mode', 'ctx', 'tmp', 'flag', 'sp', 'stk0', 'stk1', 'aux0', 'aux1', 'noise', 'dead0', 'dead1']",17,96,0,0,True,1.0,0
large-011,large,5,alias-gate,support,96,"['input', 'alias', 'mode', 'tmp', 'aux1', 'noise']",6,24,0,0,True,4.0,0
large-011,large,5,alias-gate,pathseal,96,"['input', 'alias', 'stk0', 'aux0']",4,24,0,0,True,4.0,0
large-011,large,5,alias-gate,call-context,96,"['ctx', 'sp', 'stk0', 'stk1']",4,8,64,480,False,12.0,52
large-011,large,5,alias-gate,security-surface,96,"['input', 'taint', 'san', 'alias']",4,14,40,208,False,6.857142857142857,22
large-011,large,5,alias-gate,syntax-only,96,[],0,1,92,4416,False,96.0,402
large-011,large,6,context-fold,exact-state,92,"['input', 'taint', 'san', 'alias', 'guard', 'mode', 'ctx', 'tmp', 'flag', 'sp', 'stk0', 'stk1', 'aux0', 'aux1', 'noise', 'dead0', 'dead1']",17,92,0,0,True,1.0,0
large-011,large,6,context-fold,support,92,"['input', 'alias', 'mode', 'ctx', 'tmp', 'aux1', 'noise']",7,23,0,0,True,4.0,0
large-011,large,6,context-fold,pathseal,92,"['input', 'alias', 'mode', 'tmp']",4,23,0,0,True,4.0,0
large-011,large,6,context-fold,call-context,92,"['ctx', 'sp', 'stk0', 'stk1']",4,8,60,416,False,11.5,44
large-011,large,6,context-fold,security-surface,92,"['input', 'taint', 'san', 'alias']",4,13,40,208,False,7.076923076923077,24
large-011,large,6,context-fold,syntax-only,92,[],0,1,88,4048,False,92.0,392
large-011,large,7,sanitize,exact-state,92,"['input', 'taint', 'san', 'alias', 'guard', 'mode', 'ctx', 'tmp', 'flag', 'sp', 'stk0', 'stk1', 'aux0', 'aux1', 'noise', 'dead0', 'dead1']",17,92,0,0,True,1.0,0
large-011,large,7,sanitize,support,92,"['input', 'taint', 'san', 'alias', 'mode', 'tmp']",6,23,0,0,True,4.0,0
large-011,large,7,sanitize,pathseal,92,"['input', 'alias', 'mode', 'tmp']",4,23,0,0,True,4.0,0
large-011,large,7,sanitize,call-context,92,"['ctx', 'sp', 'stk0', 'stk1']",4,11,48,288,False,8.363636363636363,30
large-011,large,7,sanitize,security-surface,92,"['input', 'taint', 'san', 'alias']",4,13,40,208,False,7.076923076923077,22
large-011,large,7,sanitize,syntax-only,92,[],0,1,88,4048,False,92.0,402
large-011,large,8,branch,exact-state,92,"['input', 'taint', 'san', 'alias', 'guard', 'mode', 'ctx', 'tmp', 'flag', 'sp', 'stk0', 'stk1', 'aux0', 'aux1', 'noise', 'dead0', 'dead1']",17,92,0,0,True,1.0,0
large-011,large,8,branch,support,92,"['input', 'taint', 'alias', 'guard', 'mode', 'ctx']",6,21,0,0,True,4.380952380952381,0
large-011,large,8,branch,pathseal,92,"['input', 'alias', 'mode', 'tmp']",4,23,0,0,True,4.0,0
large-011,large,8,branch,call-context,92,"['ctx', 'sp', 'stk0', 'stk1']",4,11,44,272,False,8.363636363636363,30
large-011,large,8,branch,security-surface,92,"['input', 'taint', 'san', 'alias']",4,13,36,192,False,7.076923076923077,20
large-011,large,8,branch,syntax-only,92,[],0,1,88,3856,False,92.0,406
large-011,large,9,return,exact-state,72,"['input', 'taint', 'san', 'alias', 'guard', 'mode', 'ctx', 'tmp', 'flag', 'sp', 'stk0', 'stk1', 'aux0', 'aux1', 'noise', 'dead0', 'dead1']",17,72,0,0,True,1.0,0
large-011,large,9,return,support,72,"['alias', 'ctx', 'sp', 'stk0', 'stk1']",5,15,0,0,True,4.8,0
large-011,large,9,return,pathseal,72,"['input', 'mode', 'ctx']",3,15,0,0,True,4.8,0
large-011,large,9,return,call-context,72,"['ctx', 'sp', 'stk0', 'stk1']",4,9,16,96,False,8.0,12
large-011,large,9,return,security-surface,72,"['input', 'taint', 'san', 'alias']",4,13,20,80,False,5.538461538461538,8
large-011,large,9,return,syntax-only,72,[],0,1,68,1968,False,72.0,224
large-011,large,10,sink,exact-state,40,"['input', 'taint', 'san', 'alias', 'guard', 'mode', 'ctx', 'tmp', 'flag', 'sp', 'stk0', 'stk1', 'aux0', 'aux1', 'noise', 'dead0', 'dead1']",17,40,0,0,True,1.0,0
large-011,large,10,sink,support,40,"['taint', 'alias', 'mode', 'ctx', 'sp']",5,8,0,0,True,5.0,0
large-011,large,10,sink,pathseal,40,"['alias', 'ctx']",2,8,0,0,True,5.0,0
large-011,large,10,sink,call-context,40,"['ctx', 'sp', 'stk0', 'stk1']",4,4,16,96,False,10.0,12
large-011,large,10,sink,security-surface,40,"['input', 'taint', 'san', 'alias']",4,8,8,32,False,5.0,2
large-011,large,10,sink,syntax-only,40,[],0,1,36,688,False,40.0,72
large-012,large,0,source,exact-state,160,"['input', 'taint', 'san', 'alias', 'guard', 'mode', 'ctx', 'tmp', 'flag', 'sp', 'stk0', 'stk1', 'aux0', 'aux1', 'noise', 'dead0', 'dead1']",17,160,0,0,True,1.0,0
large-012,large,0,source,support,160,"['input', 'alias', 'mode', 'ctx', 'flag', 'sp', 'stk0', 'stk1', 'aux1']",9,40,0,0,True,4.0,0
large-012,large,0,source,pathseal,160,"['alias', 'mode', 'ctx', 'aux1']",4,40,0,0,True,4.0,0
large-012,large,0,source,call-context,160,"['ctx', 'sp', 'stk0', 'stk1']",4,4,144,3376,False,40.0,312
large-012,large,0,source,security-surface,160,"['input', 'taint', 'san', 'alias']",4,14,104,864,False,11.428571428571429,72
large-012,large,0,source,syntax-only,160,[],0,1,156,12480,False,160.0,926
large-012,large,1,propagate,exact-state,160,"['input', 'taint', 'san', 'alias', 'guard', 'mode', 'ctx', 'tmp', 'flag', 'sp', 'stk0', 'stk1', 'aux0', 'aux1', 'noise', 'dead0', 'dead1']",17,160,0,0,True,1.0,0
large-012,large,1,propagate,support,160,"['taint', 'alias', 'mode', 'ctx', 'tmp', 'flag', 'aux1']",7,40,0,0,True,4.0,0
large-012,large,1,propagate,pathseal,160,"['alias', 'mode', 'ctx', 'aux1']",4,40,0,0,True,4.0,0
large-012,large,1,propagate,call-context,160,"['ctx', 'sp', 'stk0', 'stk1']",4,4,144,3376,False,40.0,312
large-012,large,1,propagate,security-surface,160,"['input', 'taint', 'san', 'alias']",4,20,80,432,False,8.0,38
large-012,large,1,propagate,syntax-only,160,[],0,1,156,12480,False,160.0,926
large-012,large,2,helper,exact-state,160,"['input', 'taint', 'san', 'alias', 'guard', 'mode', 'ctx', 'tmp', 'flag', 'sp', 'stk0', 'stk1', 'aux0', 'aux1', 'noise', 'dead0', 'dead1']",17,160,0,0,True,1.0,0
large-012,large,2,helper,support,160,"['input', 'san', 'guard', 'mode', 'ctx', 'stk0', 'aux0']",7,40,0,0,True,4.0,0
large-012,large,2,helper,pathseal,160,"['alias', 'mode', 'ctx', 'aux1']",4,40,0,0,True,4.0,0
large-012,large,2,helper,call-context,160,"['ctx', 'sp', 'stk0', 'stk1']",4,4,144,3376,False,40.0,330
large-012,large,2,helper,security-surface,160,"['input', 'taint', 'san', 'alias']",4,21,76,464,False,7.619047619047619,48
large-012,large,2,helper,syntax-only,160,[],0,1,156,12480,False,160.0,970
large-012,large,3,nested-call,exact-state,160,"['input', 'taint', 'san', 'alias', 'guard', 'mode', 'ctx', 'tmp', 'flag', 'sp', 'stk0', 'stk1', 'aux0', 'aux1', 'noise', 'dead0', 'dead1']",17,160,0,0,True,1.0,0
large-012,large,3,nested-call,support,160,"['taint', 'alias', 'mode', 'ctx', 'sp', 'stk0', 'stk1', 'aux0', 'aux1']",9,40,0,0,True,4.0,0
large-012,large,3,nested-call,pathseal,160,"['input', 'san', 'mode', 'stk0', 'aux0']",5,40,0,0,True,4.0,0
large-012,large,3,nested-call,call-context,160,"['ctx', 'sp', 'stk0', 'stk1']",4,8,128,1808,False,20.0,182
large-012,large,3,nested-call,security-surface,160,"['input', 'taint', 'san', 'alias']",4,21,76,464,False,7.619047619047619,52
large-012,large,3,nested-call,syntax-only,160,[],0,1,156,12480,False,160.0,1050
large-012,large,4,nested-return,exact-state,160,"['input', 'taint', 'san', 'alias', 'guard', 'mode', 'ctx', 'tmp', 'flag', 'sp', 'stk0', 'stk1', 'aux0', 'aux1', 'noise', 'dead0', 'dead1']",17,160,0,0,True,1.0,0
large-012,large,4,nested-return,support,160,"['input', 'alias', 'mode', 'ctx', 'flag', 'sp', 'stk0', 'stk1', 'aux0', 'aux1']",10,40,0,0,True,4.0,0
large-012,large,4,nested-return,pathseal,160,"['taint', 'alias', 'mode', 'aux1']",4,37,0,0,True,4.324324324324325,0
large-012,large,4,nested-return,call-context,160,"['ctx', 'sp', 'stk0', 'stk1']",4,20,72,528,False,8.0,52
large-012,large,4,nested-return,security-surface,160,"['input', 'taint', 'san', 'alias']",4,21,44,240,False,7.619047619047619,28
large-012,large,4,nested-return,syntax-only,160,[],0,1,156,10304,False,160.0,1014
large-012,large,5,alias-gate,exact-state,92,"['input', 'taint', 'san', 'alias', 'guard', 'mode', 'ctx', 'tmp', 'flag', 'sp', 'stk0', 'stk1', 'aux0', 'aux1', 'noise', 'dead0', 'dead1']",17,92,0,0,True,1.0,0
large-012,large,5,alias-gate,support,92,"['input', 'alias', 'mode', 'aux1', 'noise']",5,23,0,0,True,4.0,0
large-012,large,5,alias-gate,pathseal,92,"['input', 'alias', 'mode', 'aux1']",4,23,0,0,True,4.0,0
large-012,large,5,alias-gate,call-context,92,"['ctx', 'sp', 'stk0', 'stk1']",4,8,56,528,False,11.5,60
large-012,large,5,alias-gate,security-surface,92,"['input', 'taint', 'san', 'alias']",4,12,44,240,False,7.666666666666667,26
large-012,large,5,alias-gate,syntax-only,92,[],0,1,72,3888,False,92.0,372
large-012,large,6,context-fold,exact-state,72,"['input', 'taint', 'san', 'alias', 'guard', 'mode', 'ctx', 'tmp', 'flag', 'sp', 'stk0', 'stk1', 'aux0', 'aux1', 'noise', 'dead0', 'dead1']",17,72,0,0,True,1.0,0
large-012,large,6,context-fold,support,72,"['input', 'alias', 'mode', 'ctx', 'aux1', 'noise']",6,18,0,0,True,4.0,0
large-012,large,6,context-fold,pathseal,72,"['input', 'alias', 'mode']",3,18,0,0,True,4.0,0
large-012,large,6,context-fold,call-context,72,"['ctx', 'sp', 'stk0', 'stk1']",4,8,40,320,False,9.0,36
large-012,large,6,context-fold,security-surface,72,"['input', 'taint', 'san', 'alias']",4,13,20,80,False,5.538461538461538,10
large-012,large,6,context-fold,syntax-only,72,[],0,1,68,2448,False,72.0,260
large-012,large,7,sanitize,exact-state,72,"['input', 'taint', 'san', 'alias', 'guard', 'mode', 'ctx', 'tmp', 'flag', 'sp', 'stk0', 'stk1', 'aux0', 'aux1', 'noise', 'dead0', 'dead1']",17,72,0,0,True,1.0,0
large-012,large,7,sanitize,support,72,"['input', 'taint', 'san', 'alias', 'mode']",5,18,0,0,True,4.0,0
large-012,large,7,sanitize,pathseal,72,"['input', 'alias', 'mode']",3,18,0,0,True,4.0,0
large-012,large,7,sanitize,call-context,72,"['ctx', 'sp', 'stk0', 'stk1']",4,10,32,208,False,7.2,24
large-012,large,7,sanitize,security-surface,72,"['input', 'taint', 'san', 'alias']",4,13,20,80,False,5.538461538461538,10
large-012,large,7,sanitize,syntax-only,72,[],0,1,68,2448,False,72.0,260
large-012,large,8,branch,exact-state,72,"['input', 'taint', 'san', 'alias', 'guard', 'mode', 'ctx', 'tmp', 'flag', 'sp', 'stk0', 'stk1', 'aux0', 'aux1', 'noise', 'dead0', 'dead1']",17,72,0,0,True,1.0,0
large-012,large,8,branch,support,72,"['input', 'taint', 'alias', 'guard', 'mode']",5,18,0,0,True,4.0,0
large-012,large,8,branch,pathseal,72,"['input', 'alias', 'mode']",3,18,0,0,True,4.0,0
large-012,large,8,branch,call-context,72,"['ctx', 'sp', 'stk0', 'stk1']",4,10,32,192,False,7.2,22
large-012,large,8,branch,security-surface,72,"['input', 'taint', 'san', 'alias']",4,13,20,80,False,5.538461538461538,10
large-012,large,8,branch,syntax-only,72,[],0,1,68,2352,False,72.0,268
large-012,large,9,return,exact-state,56,"['input', 'taint', 'san', 'alias', 'guard', 'mode', 'ctx', 'tmp', 'flag', 'sp', 'stk0', 'stk1', 'aux0', 'aux1', 'noise', 'dead0', 'dead1']",17,56,0,0,True,1.0,0
large-012,large,9,return,support,56,"['input', 'alias', 'ctx', 'sp', 'stk0', 'stk1']",6,13,0,0,True,4.3076923076923075,0
large-012,large,9,return,pathseal,56,"['input', 'alias', 'mode']",3,14,0,0,True,4.0,0
large-012,large,9,return,call-context,56,"['ctx', 'sp', 'stk0', 'stk1']",4,9,16,112,False,6.222222222222222,14
large-012,large,9,return,security-surface,56,"['input', 'taint', 'san', 'alias']",4,11,8,32,False,5.090909090909091,4
large-012,large,9,return,syntax-only,56,[],0,1,52,1008,False,56.0,122
large-012,large,10,sink,exact-state,24,"['input', 'taint', 'san', 'alias', 'guard', 'mode', 'ctx', 'tmp', 'flag', 'sp', 'stk0', 'stk1', 'aux0', 'aux1', 'noise', 'dead0', 'dead1']",17,24,0,0,True,1.0,0
large-012,large,10,sink,support,24,"['taint', 'alias', 'mode', 'ctx', 'sp']",5,6,0,0,True,4.0,0
large-012,large,10,sink,pathseal,24,"['input', 'alias']",2,6,0,0,True,4.0,0
large-012,large,10,sink,call-context,24,"['ctx', 'sp', 'stk0', 'stk1']",4,2,16,112,False,12.0,14
large-012,large,10,sink,security-surface,24,"['input', 'taint', 'san', 'alias']",4,6,0,0,True,4.0,0
large-012,large,10,sink,syntax-only,24,[],0,1,20,240,False,24.0,28
large-013,large,0,source,exact-state,160,"['input', 'taint', 'san', 'alias', 'guard', 'mode', 'ctx', 'tmp', 'flag', 'sp', 'stk0', 'stk1', 'aux0', 'aux1', 'noise', 'dead0', 'dead1']",17,160,0,0,True,1.0,0
large-013,large,0,source,support,160,"['input', 'alias', 'mode', 'ctx', 'sp', 'stk0', 'stk1', 'aux0']",8,40,0,0,True,4.0,0
large-013,large,0,source,pathseal,160,"['alias', 'mode', 'ctx', 'aux0']",4,40,0,0,True,4.0,0
large-013,large,0,source,call-context,160,"['ctx', 'sp', 'stk0', 'stk1']",4,4,144,3184,False,40.0,286
large-013,large,0,source,security-surface,160,"['input', 'taint', 'san', 'alias']",4,15,100,784,False,10.666666666666666,66
large-013,large,0,source,syntax-only,160,[],0,1,156,12480,False,160.0,878
large-013,large,1,propagate,exact-state,160,"['input', 'taint', 'san', 'alias', 'guard', 'mode', 'ctx', 'tmp', 'flag', 'sp', 'stk0', 'stk1', 'aux0', 'aux1', 'noise', 'dead0', 'dead1']",17,160,0,0,True,1.0,0
large-013,large,1,propagate,support,160,"['taint', 'alias', 'mode', 'ctx', 'tmp', 'flag', 'aux0']",7,40,0,0,True,4.0,0
large-013,large,1,propagate,pathseal,160,"['alias', 'mode', 'ctx', 'aux0']",4,40,0,0,True,4.0,0
large-013,large,1,propagate,call-context,160,"['ctx', 'sp', 'stk0', 'stk1']",4,4,144,3184,False,40.0,286
large-013,large,1,propagate,security-surface,160,"['input', 'taint', 'san', 'alias']",4,15,100,784,False,10.666666666666666,66
large-013,large,1,propagate,syntax-only,160,[],0,1,156,12480,False,160.0,878
large-013,large,2,helper,exact-state,160,"['input', 'taint', 'san', 'alias', 'guard', 'mode', 'ctx', 'tmp', 'flag', 'sp', 'stk0', 'stk1', 'aux0', 'aux1', 'noise', 'dead0', 'dead1']",17,160,0,0,True,1.0,0
large-013,large,2,helper,support,160,"['alias', 'guard', 'mode', 'ctx', 'aux0']",5,40,0,0,True,4.0,0
large-013,large,2,helper,pathseal,160,"['alias', 'mode', 'ctx', 'aux0']",4,40,0,0,True,4.0,0
large-013,large,2,helper,call-context,160,"['ctx', 'sp', 'stk0', 'stk1']",4,4,144,3184,False,40.0,292
large-013,large,2,helper,security-surface,160,"['input', 'taint', 'san', 'alias']",4,16,96,720,False,10.0,80
large-013,large,2,helper,syntax-only,160,[],0,1,156,12480,False,160.0,934
large-013,large,3,nested-call,exact-state,160,"['input', 'taint', 'san', 'alias', 'guard', 'mode', 'ctx', 'tmp', 'flag', 'sp', 'stk0', 'stk1', 'aux0', 'aux1', 'noise', 'dead0', 'dead1']",17,160,0,0,True,1.0,0
large-013,large,3,nested-call,support,160,"['san', 'alias', 'ctx', 'tmp', 'sp', 'stk0', 'stk1', 'aux0']",8,39,0,0,True,4.102564102564102,0
large-013,large,3,nested-call,pathseal,160,"['alias', 'mode', 'ctx', 'aux0']",4,40,0,0,True,4.0,0
large-013,large,3,nested-call,call-context,160,"['ctx', 'sp', 'stk0', 'stk1']",4,8,124,1616,False,20.0,134
large-013,large,3,nested-call,security-surface,160,"['input', 'taint', 'san', 'alias']",4,16,92,688,False,10.0,78
large-013,large,3,nested-call,syntax-only,160,[],0,1,156,12432,False,160.0,996
large-013,large,4,nested-return,exact-state,160,"['input', 'taint', 'san', 'alias', 'guard', 'mode', 'ctx', 'tmp', 'flag', 'sp', 'stk0', 'stk1', 'aux0', 'aux1', 'noise', 'dead0', 'dead1']",17,160,0,0,True,1.0,0
large-013,large,4,nested-return,support,160,"['mode', 'ctx', 'tmp', 'flag', 'sp', 'stk0', 'stk1', 'aux0']",8,40,0,0,True,4.0,0
large-013,large,4,nested-return,pathseal,160,"['san', 'alias', 'ctx', 'tmp']",4,35,0,0,True,4.571428571428571,0
large-013,large,4,nested-return,call-context,160,"['ctx', 'sp', 'stk0', 'stk1']",4,23,48,272,False,6.956521739130435,34
large-013,large,4,nested-return,security-surface,160,"['input', 'taint', 'san', 'alias']",4,16,76,576,False,10.0,68
large-013,large,4,nested-return,syntax-only,160,[],0,1,156,9744,False,160.0,912
large-013,large,5,alias-gate,exact-state,84,"['input', 'taint', 'san', 'alias', 'guard', 'mode', 'ctx', 'tmp', 'flag', 'sp', 'stk0', 'stk1', 'aux0', 'aux1', 'noise', 'dead0', 'dead1']",17,84,0,0,True,1.0,0
large-013,large,5,alias-gate,support,84,"['alias', 'mode', 'ctx', 'tmp', 'aux1', 'noise']",6,21,0,0,True,4.0,0
large-013,large,5,alias-gate,pathseal,84,"['mode', 'ctx', 'tmp']",3,21,0,0,True,4.0,0
large-013,large,5,alias-gate,call-context,84,"['ctx', 'sp', 'stk0', 'stk1']",4,8,52,432,False,10.5,48
large-013,large,5,alias-gate,security-surface,84,"['input', 'taint', 'san', 'alias']",4,14,28,176,False,6.0,22
large-013,large,5,alias-gate,syntax-only,84,[],0,1,80,3360,False,84.0,328
large-013,large,6,context-fold,exact-state,80,"['input', 'taint', 'san', 'alias', 'guard', 'mode', 'ctx', 'tmp', 'flag', 'sp', 'stk0', 'stk1', 'aux0', 'aux1', 'noise', 'dead0', 'dead1']",17,80,0,0,True,1.0,0
large-013,large,6,context-fold,support,80,"['alias', 'mode', 'ctx', 'aux1', 'noise']",5,20,0,0,True,4.0,0
large-013,large,6,context-fold,pathseal,80,"['mode', 'ctx', 'tmp']",3,20,0,0,True,4.0,0
large-013,large,6,context-fold,call-context,80,"['ctx', 'sp', 'stk0', 'stk1']",4,8,48,368,False,10.0,40
large-013,large,6,context-fold,security-surface,80,"['input', 'taint', 'san', 'alias']",4,10,40,240,False,8.0,28
large-013,large,6,context-fold,syntax-only,80,[],0,1,76,3040,False,80.0,308
large-013,large,7,sanitize,exact-state,80,"['input', 'taint', 'san', 'alias', 'guard', 'mode', 'ctx', 'tmp', 'flag', 'sp', 'stk0', 'stk1', 'aux0', 'aux1', 'noise', 'dead0', 'dead1']",17,80,0,0,True,1.0,0
large-013,large,7,sanitize,support,80,"['taint', 'san', 'alias', 'mode', 'ctx']",5,20,0,0,True,4.0,0
large-013,large,7,sanitize,pathseal,80,"['alias', 'mode', 'ctx']",3,19,0,0,True,4.2105263157894735,0
large-013,large,7,sanitize,call-context,80,"['ctx', 'sp', 'stk0', 'stk1']",4,9,44,240,False,8.88888888888889,28
large-013,large,7,sanitize,security-surface,80,"['input', 'taint', 'san', 'alias']",4,10,40,240,False,8.0,26
large-013,large,7,sanitize,syntax-only,80,[],0,1,76,3024,False,80.0,318
large-013,large,8,branch,exact-state,80,"['input', 'taint', 'san', 'alias', 'guard', 'mode', 'ctx', 'tmp', 'flag', 'sp', 'stk0', 'stk1', 'aux0', 'aux1', 'noise', 'dead0', 'dead1']",17,80,0,0,True,1.0,0
large-013,large,8,branch,support,80,"['taint', 'alias', 'guard', 'mode', 'ctx']",5,19,0,0,True,4.2105263157894735,0
large-013,large,8,branch,pathseal,80,"['alias', 'mode', 'ctx']",3,19,0,0,True,4.2105263157894735,0
large-013,large,8,branch,call-context,80,"['ctx', 'sp', 'stk0', 'stk1']",4,9,44,240,False,8.88888888888889,28
large-013,large,8,branch,security-surface,80,"['input', 'taint', 'san', 'alias']",4,10,40,240,False,8.0,26
large-013,large,8,branch,syntax-only,80,[],0,1,76,3024,False,80.0,342
large-013,large,9,return,exact-state,80,"['input', 'taint', 'san', 'alias', 'guard', 'mode', 'ctx', 'tmp', 'flag', 'sp', 'stk0', 'stk1', 'aux0', 'aux1', 'noise', 'dead0', 'dead1']",17,80,0,0,True,1.0,0
large-013,large,9,return,support,80,"['alias', 'ctx', 'sp', 'stk0', 'stk1']",5,19,0,0,True,4.2105263157894735,0
large-013,large,9,return,pathseal,80,"['alias', 'mode', 'ctx']",3,19,0,0,True,4.2105263157894735,0
large-013,large,9,return,call-context,80,"['ctx', 'sp', 'stk0', 'stk1']",4,9,28,160,False,8.88888888888889,20
large-013,large,9,return,security-surface,80,"['input', 'taint', 'san', 'alias']",4,10,24,176,False,8.0,22
large-013,large,9,return,syntax-only,80,[],0,1,76,2464,False,80.0,280
large-013,large,10,sink,exact-state,44,"['input', 'taint', 'san', 'alias', 'guard', 'mode', 'ctx', 'tmp', 'flag', 'sp', 'stk0', 'stk1', 'aux0', 'aux1', 'noise', 'dead0', 'dead1']",17,44,0,0,True,1.0,0
large-013,large,10,sink,support,44,"['taint', 'alias', 'mode', 'ctx', 'sp']",5,11,0,0,True,4.0,0
large-013,large,10,sink,pathseal,44,"['alias', 'ctx']",2,11,0,0,True,4.0,0
large-013,large,10,sink,call-context,44,"['ctx', 'sp', 'stk0', 'stk1']",4,4,28,160,False,11.0,20
large-013,large,10,sink,security-surface,44,"['input', 'taint', 'san', 'alias']",4,7,16,80,False,6.285714285714286,10
large-013,large,10,sink,syntax-only,44,[],0,1,40,880,False,44.0,100
large-014,large,0,source,exact-state,160,"['input', 'taint', 'san', 'alias', 'guard', 'mode', 'ctx', 'tmp', 'flag', 'sp', 'stk0', 'stk1', 'aux0', 'aux1', 'noise', 'dead0', 'dead1']",17,160,0,0,True,1.0,0
large-014,large,0,source,support,160,"['input', 'mode', 'ctx', 'flag', 'sp', 'stk0', 'stk1', 'aux0', 'aux1']",9,40,0,0,True,4.0,0
large-014,large,0,source,pathseal,160,"['mode', 'ctx', 'aux0', 'aux1']",4,40,0,0,True,4.0,0
large-014,large,0,source,call-context,160,"['ctx', 'sp', 'stk0', 'stk1']",4,4,144,3056,False,40.0,292
large-014,large,0,source,security-surface,160,"['input', 'taint', 'san', 'alias']",4,16,96,640,False,10.0,64
large-014,large,0,source,syntax-only,160,[],0,1,156,12480,False,160.0,918
large-014,large,1,propagate,exact-state,160,"['input', 'taint', 'san', 'alias', 'guard', 'mode', 'ctx', 'tmp', 'flag', 'sp', 'stk0', 'stk1', 'aux0', 'aux1', 'noise', 'dead0', 'dead1']",17,160,0,0,True,1.0,0
large-014,large,1,propagate,support,160,"['taint', 'san', 'alias', 'mode', 'ctx', 'tmp', 'flag', 'aux0']",8,40,0,0,True,4.0,0
large-014,large,1,propagate,pathseal,160,"['mode', 'ctx', 'aux0', 'aux1']",4,40,0,0,True,4.0,0
large-014,large,1,propagate,call-context,160,"['ctx', 'sp', 'stk0', 'stk1']",4,4,144,3056,False,40.0,292
large-014,large,1,propagate,security-surface,160,"['input', 'taint', 'san', 'alias']",4,22,72,400,False,7.2727272727272725,38
large-014,large,1,propagate,syntax-only,160,[],0,1,156,12480,False,160.0,918
large-014,large,2,helper,exact-state,160,"['input', 'taint', 'san', 'alias', 'guard', 'mode', 'ctx', 'tmp', 'flag', 'sp', 'stk0', 'stk1', 'aux0', 'aux1', 'noise', 'dead0', 'dead1']",17,160,0,0,True,1.0,0
large-014,large,2,helper,support,160,"['san', 'guard', 'mode', 'ctx', 'tmp', 'stk0', 'aux0']",7,39,0,0,True,4.102564102564102,0
large-014,large,2,helper,pathseal,160,"['san', 'ctx', 'tmp', 'aux0']",4,39,0,0,True,4.102564102564102,0
large-014,large,2,helper,call-context,160,"['ctx', 'sp', 'stk0', 'stk1']",4,4,144,3040,False,40.0,298
large-014,large,2,helper,security-surface,160,"['input', 'taint', 'san', 'alias']",4,22,72,384,False,7.2727272727272725,40
large-014,large,2,helper,syntax-only,160,[],0,1,156,12464,False,160.0,952
large-014,large,3,nested-call,exact-state,160,"['input', 'taint', 'san', 'alias', 'guard', 'mode', 'ctx', 'tmp', 'flag', 'sp', 'stk0', 'stk1', 'aux0', 'aux1', 'noise', 'dead0', 'dead1']",17,160,0,0,True,1.0,0
large-014,large,3,nested-call,support,160,"['san', 'ctx', 'tmp', 'sp', 'stk0', 'stk1', 'aux0']",7,39,0,0,True,4.102564102564102,0
large-014,large,3,nested-call,pathseal,160,"['san', 'tmp', 'stk0', 'aux0']",4,39,0,0,True,4.102564102564102,0
large-014,large,3,nested-call,call-context,160,"['ctx', 'sp', 'stk0', 'stk1']",4,8,128,1472,False,20.0,140
large-014,large,3,nested-call,security-surface,160,"['input', 'taint', 'san', 'alias']",4,22,72,384,False,7.2727272727272725,38
large-014,large,3,nested-call,syntax-only,160,[],0,1,156,12464,False,160.0,1050
large-014,large,4,nested-return,exact-state,160,"['input', 'taint', 'san', 'alias', 'guard', 'mode', 'ctx', 'tmp', 'flag', 'sp', 'stk0', 'stk1', 'aux0', 'aux1', 'noise', 'dead0', 'dead1']",17,160,0,0,True,1.0,0
large-014,large,4,nested-return,support,160,"['alias', 'mode', 'ctx', 'flag', 'sp', 'stk0', 'stk1', 'aux0', 'aux1']",9,40,0,0,True,4.0,0
large-014,large,4,nested-return,pathseal,160,"['san', 'tmp', 'stk0', 'aux0']",4,39,0,0,True,4.102564102564102,0
large-014,large,4,nested-return,call-context,160,"['ctx', 'sp', 'stk0', 'stk1']",4,27,28,112,False,5.925925925925926,14
large-014,large,4,nested-return,security-surface,160,"['input', 'taint', 'san', 'alias']",4,22,40,224,False,7.2727272727272725,24
large-014,large,4,nested-return,syntax-only,160,[],0,1,156,9744,False,160.0,960
large-014,large,5,alias-gate,exact-state,84,"['input', 'taint', 'san', 'alias', 'guard', 'mode', 'ctx', 'tmp', 'flag', 'sp', 'stk0', 'stk1', 'aux0', 'aux1', 'noise', 'dead0', 'dead1']",17,84,0,0,True,1.0,0
large-014,large,5,alias-gate,support,84,"['alias', 'mode', 'aux1', 'noise']",4,21,0,0,True,4.0,0
large-014,large,5,alias-gate,pathseal,84,"['alias', 'mode', 'aux1']",3,21,0,0,True,4.0,0
large-014,large,5,alias-gate,call-context,84,"['ctx', 'sp', 'stk0', 'stk1']",4,8,52,336,False,10.5,34
large-014,large,5,alias-gate,security-surface,84,"['input', 'taint', 'san', 'alias']",4,11,36,208,False,7.636363636363637,22
large-014,large,5,alias-gate,syntax-only,84,[],0,1,80,3264,False,84.0,316
large-014,large,6,context-fold,exact-state,68,"['input', 'taint', 'san', 'alias', 'guard', 'mode', 'ctx', 'tmp', 'flag', 'sp', 'stk0', 'stk1', 'aux0', 'aux1', 'noise', 'dead0', 'dead1']",17,68,0,0,True,1.0,0
large-014,large,6,context-fold,support,68,"['alias', 'mode', 'ctx', 'aux1', 'noise']",5,17,0,0,True,4.0,0
large-014,large,6,context-fold,pathseal,68,"['alias', 'mode', 'aux1']",3,17,0,0,True,4.0,0
large-014,large,6,context-fold,call-context,68,"['ctx', 'sp', 'stk0', 'stk1']",4,7,40,224,False,9.714285714285714,24
large-014,large,6,context-fold,security-surface,68,"['input', 'taint', 'san', 'alias']",4,10,28,144,False,6.8,18
large-014,large,6,context-fold,syntax-only,68,[],0,1,64,2176,False,68.0,232
large-014,large,7,sanitize,exact-state,68,"['input', 'taint', 'san', 'alias', 'guard', 'mode', 'ctx', 'tmp', 'flag', 'sp', 'stk0', 'stk1', 'aux0', 'aux1', 'noise', 'dead0', 'dead1']",17,68,0,0,True,1.0,0
large-014,large,7,sanitize,support,68,"['taint', 'san', 'alias', 'mode', 'aux1']",5,17,0,0,True,4.0,0
large-014,large,7,sanitize,pathseal,68,"['alias', 'mode', 'aux1']",3,17,0,0,True,4.0,0
large-014,large,7,sanitize,call-context,68,"['ctx', 'sp', 'stk0', 'stk1']",4,7,40,208,False,9.714285714285714,22
large-014,large,7,sanitize,security-surface,68,"['input', 'taint', 'san', 'alias']",4,10,28,144,False,6.8,18
large-014,large,7,sanitize,syntax-only,68,[],0,1,64,2176,False,68.0,232
large-014,large,8,branch,exact-state,68,"['input', 'taint', 'san', 'alias', 'guard', 'mode', 'ctx', 'tmp', 'flag', 'sp', 'stk0', 'stk1', 'aux0', 'aux1', 'noise', 'dead0', 'dead1']",17,68,0,0,True,1.0,0
large-014,large,8,branch,support,68,"['input', 'taint', 'alias', 'guard', 'mode', 'ctx', 'tmp']",7,17,0,0,True,4.0,0
large-014,large,8,branch,pathseal,68,"['alias', 'mode', 'aux1']",3,17,0,0,True,4.0,0
large-014,large,8,branch,call-context,68,"['ctx', 'sp', 'stk0', 'stk1']",4,7,40,208,False,9.714285714285714,22
large-014,large,8,branch,security-surface,68,"['input', 'taint', 'san', 'alias']",4,10,28,144,False,6.8,18
large-014,large,8,branch,syntax-only,68,[],0,1,64,2176,False,68.0,240
large-014,large,9,return,exact-state,64,"['input', 'taint', 'san', 'alias', 'guard', 'mode', 'ctx', 'tmp', 'flag', 'sp', 'stk0', 'stk1', 'aux0', 'aux1', 'noise', 'dead0', 'dead1']",17,64,0,0,True,1.0,0
large-014,large,9,return,support,64,"['alias', 'mode', 'ctx', 'sp', 'stk0', 'stk1']",6,16,0,0,True,4.0,0
large-014,large,9,return,pathseal,64,"['input', 'ctx', 'tmp']",3,16,0,0,True,4.0,0
large-014,large,9,return,call-context,64,"['ctx', 'sp', 'stk0', 'stk1']",4,7,16,80,False,9.142857142857142,10
large-014,large,9,return,security-surface,64,"['input', 'taint', 'san', 'alias']",4,10,12,48,False,6.4,6
large-014,large,9,return,syntax-only,64,[],0,1,28,1344,False,64.0,164
large-014,large,10,sink,exact-state,28,"['input', 'taint', 'san', 'alias', 'guard', 'mode', 'ctx', 'tmp', 'flag', 'sp', 'stk0', 'stk1', 'aux0', 'aux1', 'noise', 'dead0', 'dead1']",17,28,0,0,True,1.0,0
large-014,large,10,sink,support,28,"['taint', 'alias', 'mode', 'ctx', 'sp']",5,7,0,0,True,4.0,0
large-014,large,10,sink,pathseal,28,"['alias', 'mode']",2,7,0,0,True,4.0,0
large-014,large,10,sink,call-context,28,"['ctx', 'sp', 'stk0', 'stk1']",4,3,16,80,False,9.333333333333334,10
large-014,large,10,sink,security-surface,28,"['input', 'taint', 'san', 'alias']",4,6,4,16,False,4.666666666666667,2
large-014,large,10,sink,syntax-only,28,[],0,1,24,336,False,28.0,42
large-015,large,0,source,exact-state,160,"['input', 'taint', 'san', 'alias', 'guard', 'mode', 'ctx', 'tmp', 'flag', 'sp', 'stk0', 'stk1', 'aux0', 'aux1', 'noise', 'dead0', 'dead1']",17,160,0,0,True,1.0,0
large-015,large,0,source,support,160,"['input', 'ctx', 'tmp', 'sp', 'stk0', 'stk1', 'aux0', 'aux1']",8,40,0,0,True,4.0,0
large-015,large,0,source,pathseal,160,"['ctx', 'tmp', 'aux0', 'aux1']",4,40,0,0,True,4.0,0
large-015,large,0,source,call-context,160,"['ctx', 'sp', 'stk0', 'stk1']",4,4,144,3424,False,40.0,336
large-015,large,0,source,security-surface,160,"['input', 'taint', 'san', 'alias']",4,14,104,944,False,11.428571428571429,76
large-015,large,0,source,syntax-only,160,[],0,1,156,12480,False,160.0,948
large-015,large,1,propagate,exact-state,160,"['input', 'taint', 'san', 'alias', 'guard', 'mode', 'ctx', 'tmp', 'flag', 'sp', 'stk0', 'stk1', 'aux0', 'aux1', 'noise', 'dead0', 'dead1']",17,160,0,0,True,1.0,0
large-015,large,1,propagate,support,160,"['taint', 'alias', 'mode', 'ctx', 'tmp', 'flag', 'aux0', 'aux1']",8,40,0,0,True,4.0,0
large-015,large,1,propagate,pathseal,160,"['ctx', 'tmp', 'aux0', 'aux1']",4,40,0,0,True,4.0,0
large-015,large,1,propagate,call-context,160,"['ctx', 'sp', 'stk0', 'stk1']",4,4,144,3424,False,40.0,336
large-015,large,1,propagate,security-surface,160,"['input', 'taint', 'san', 'alias']",4,14,104,944,False,11.428571428571429,76
large-015,large,1,propagate,syntax-only,160,[],0,1,156,12480,False,160.0,948
large-015,large,2,helper,exact-state,160,"['input', 'taint', 'san', 'alias', 'guard', 'mode', 'ctx', 'tmp', 'flag', 'sp', 'stk0', 'stk1', 'aux0', 'aux1', 'noise', 'dead0', 'dead1']",17,160,0,0,True,1.0,0
large-015,large,2,helper,support,160,"['guard', 'mode', 'ctx', 'tmp', 'aux0', 'aux1']",6,40,0,0,True,4.0,0
large-015,large,2,helper,pathseal,160,"['ctx', 'tmp', 'aux0', 'aux1']",4,40,0,0,True,4.0,0
large-015,large,2,helper,call-context,160,"['ctx', 'sp', 'stk0', 'stk1']",4,4,144,3424,False,40.0,334
large-015,large,2,helper,security-surface,160,"['input', 'taint', 'san', 'alias']",4,15,100,864,False,10.666666666666666,76
large-015,large,2,helper,syntax-only,160,[],0,1,156,12480,False,160.0,986
large-015,large,3,nested-call,exact-state,160,"['input', 'taint', 'san', 'alias', 'guard', 'mode', 'ctx', 'tmp', 'flag', 'sp', 'stk0', 'stk1', 'aux0', 'aux1', 'noise', 'dead0', 'dead1']",17,160,0,0,True,1.0,0
large-015,large,3,nested-call,support,160,"['input', 'mode', 'ctx', 'sp', 'stk0', 'stk1', 'aux0', 'aux1']",8,40,0,0,True,4.0,0
large-015,large,3,nested-call,pathseal,160,"['ctx', 'tmp', 'aux0', 'aux1']",4,40,0,0,True,4.0,0
large-015,large,3,nested-call,call-context,160,"['ctx', 'sp', 'stk0', 'stk1']",4,8,128,1696,False,20.0,166
large-015,large,3,nested-call,security-surface,160,"['input', 'taint', 'san', 'alias']",4,15,100,864,False,10.666666666666666,84
large-015,large,3,nested-call,syntax-only,160,[],0,1,156,12480,False,160.0,1044
large-015,large,4,nested-return,exact-state,160,"['input', 'taint', 'san', 'alias', 'guard', 'mode', 'ctx', 'tmp', 'flag', 'sp', 'stk0', 'stk1', 'aux0', 'aux1', 'noise', 'dead0', 'dead1']",17,160,0,0,True,1.0,0
large-015,large,4,nested-return,support,160,"['input', 'mode', 'ctx', 'flag', 'sp', 'stk0', 'stk1', 'aux0', 'aux1']",9,40,0,0,True,4.0,0
large-015,large,4,nested-return,pathseal,160,"['input', 'mode', 'ctx', 'aux1']",4,39,0,0,True,4.102564102564102,0
large-015,large,4,nested-return,call-context,160,"['ctx', 'sp', 'stk0', 'stk1']",4,26,52,288,False,6.153846153846154,36
large-015,large,4,nested-return,security-surface,160,"['input', 'taint', 'san', 'alias']",4,15,80,768,False,10.666666666666666,80
large-015,large,4,nested-return,syntax-only,160,[],0,1,156,10032,False,160.0,992
large-015,large,5,alias-gate,exact-state,88,"['input', 'taint', 'san', 'alias', 'guard', 'mode', 'ctx', 'tmp', 'flag', 'sp', 'stk0', 'stk1', 'aux0', 'aux1', 'noise', 'dead0', 'dead1']",17,88,0,0,True,1.0,0
large-015,large,5,alias-gate,support,88,"['input', 'alias', 'mode', 'ctx', 'aux1', 'noise']",6,22,0,0,True,4.0,0
large-015,large,5,alias-gate,pathseal,88,"['input', 'mode', 'ctx', 'aux1']",4,22,0,0,True,4.0,0
large-015,large,5,alias-gate,call-context,88,"['ctx', 'sp', 'stk0', 'stk1']",4,7,60,672,False,12.571428571428571,76
large-015,large,5,alias-gate,security-surface,88,"['input', 'taint', 'san', 'alias']",4,10,48,320,False,8.8,34
large-015,large,5,alias-gate,syntax-only,88,[],0,1,84,3696,False,88.0,396
large-015,large,6,context-fold,exact-state,84,"['input', 'taint', 'san', 'alias', 'guard', 'mode', 'ctx', 'tmp', 'flag', 'sp', 'stk0', 'stk1', 'aux0', 'aux1', 'noise', 'dead0', 'dead1']",17,84,0,0,True,1.0,0
large-015,large,6,context-fold,support,84,"['input', 'ctx', 'stk0', 'aux1', 'noise']",5,21,0,0,True,4.0,0
large-015,large,6,context-fold,pathseal,84,"['input', 'alias', 'ctx', 'aux1']",4,21,0,0,True,4.0,0
large-015,large,6,context-fold,call-context,84,"['ctx', 'sp', 'stk0', 'stk1']",4,7,56,624,False,12.0,70
large-015,large,6,context-fold,security-surface,84,"['input', 'taint', 'san', 'alias']",4,13,32,144,False,6.461538461538462,16
large-015,large,6,context-fold,syntax-only,84,[],0,1,80,3360,False,84.0,346
large-015,large,7,sanitize,exact-state,84,"['input', 'taint', 'san', 'alias', 'guard', 'mode', 'ctx', 'tmp', 'flag', 'sp', 'stk0', 'stk1', 'aux0', 'aux1', 'noise', 'dead0', 'dead1']",17,84,0,0,True,1.0,0
large-015,large,7,sanitize,support,84,"['input', 'taint', 'san', 'ctx', 'stk0', 'aux1']",6,21,0,0,True,4.0,0
large-015,large,7,sanitize,pathseal,84,"['input', 'ctx', 'stk0', 'aux1']",4,21,0,0,True,4.0,0
large-015,large,7,sanitize,call-context,84,"['ctx', 'sp', 'stk0', 'stk1']",4,12,36,240,False,7.0,30
large-015,large,7,sanitize,security-surface,84,"['input', 'taint', 'san', 'alias']",4,13,32,144,False,6.461538461538462,18
large-015,large,7,sanitize,syntax-only,84,[],0,1,80,3360,False,84.0,362
large-015,large,8,branch,exact-state,84,"['input', 'taint', 'san', 'alias', 'guard', 'mode', 'ctx', 'tmp', 'flag', 'sp', 'stk0', 'stk1', 'aux0', 'aux1', 'noise', 'dead0', 'dead1']",17,84,0,0,True,1.0,0
large-015,large,8,branch,support,84,"['input', 'taint', 'alias', 'guard', 'mode', 'tmp']",6,21,0,0,True,4.0,0
large-015,large,8,branch,pathseal,84,"['input', 'ctx', 'stk0', 'aux1']",4,21,0,0,True,4.0,0
large-015,large,8,branch,call-context,84,"['ctx', 'sp', 'stk0', 'stk1']",4,12,36,240,False,7.0,30
large-015,large,8,branch,security-surface,84,"['input', 'taint', 'san', 'alias']",4,13,32,144,False,6.461538461538462,18
large-015,large,8,branch,syntax-only,84,[],0,1,80,3344,False,84.0,372
large-015,large,9,return,exact-state,80,"['input', 'taint', 'san', 'alias', 'guard', 'mode', 'ctx', 'tmp', 'flag', 'sp', 'stk0', 'stk1', 'aux0', 'aux1', 'noise', 'dead0', 'dead1']",17,80,0,0,True,1.0,0
large-015,large,9,return,support,80,"['input', 'alias', 'ctx', 'sp', 'stk0', 'stk1']",6,18,0,0,True,4.444444444444445,0
large-015,large,9,return,pathseal,80,"['input', 'mode', 'tmp']",3,16,0,0,True,5.0,0
large-015,large,9,return,call-context,80,"['ctx', 'sp', 'stk0', 'stk1']",4,12,8,32,False,6.666666666666667,4
large-015,large,9,return,security-surface,80,"['input', 'taint', 'san', 'alias']",4,13,20,80,False,6.153846153846154,10
large-015,large,9,return,syntax-only,80,[],0,1,76,1584,False,80.0,190
large-015,large,10,sink,exact-state,24,"['input', 'taint', 'san', 'alias', 'guard', 'mode', 'ctx', 'tmp', 'flag', 'sp', 'stk0', 'stk1', 'aux0', 'aux1', 'noise', 'dead0', 'dead1']",17,24,0,0,True,1.0,0
large-015,large,10,sink,support,24,"['taint', 'alias', 'mode', 'ctx', 'sp']",5,6,0,0,True,4.0,0
large-015,large,10,sink,pathseal,24,"['input', 'alias']",2,6,0,0,True,4.0,0
large-015,large,10,sink,call-context,24,"['ctx', 'sp', 'stk0', 'stk1']",4,4,8,32,False,6.0,4
large-015,large,10,sink,security-surface,24,"['input', 'taint', 'san', 'alias']",4,6,0,0,True,4.0,0
large-015,large,10,sink,syntax-only,24,[],0,1,20,240,False,24.0,30
large-016,large,0,source,exact-state,160,"['input', 'taint', 'san', 'alias', 'guard', 'mode', 'ctx', 'tmp', 'flag', 'sp', 'stk0', 'stk1', 'aux0', 'aux1', 'noise', 'dead0', 'dead1']",17,160,0,0,True,1.0,0
large-016,large,0,source,support,160,"['input', 'alias', 'ctx', 'flag', 'sp', 'stk0', 'stk1', 'aux1']",8,40,0,0,True,4.0,0
large-016,large,0,source,pathseal,160,"['input', 'san', 'alias', 'aux0', 'aux1']",5,40,0,0,True,4.0,0
large-016,large,0,source,call-context,160,"['ctx', 'sp', 'stk0', 'stk1']",4,4,144,2944,False,40.0,290
large-016,large,0,source,security-surface,160,"['input', 'taint', 'san', 'alias']",4,16,96,736,False,10.0,66
large-016,large,0,source,syntax-only,160,[],0,1,156,12480,False,160.0,910
large-016,large,1,propagate,exact-state,160,"['input', 'taint', 'san', 'alias', 'guard', 'mode', 'ctx', 'tmp', 'flag', 'sp', 'stk0', 'stk1', 'aux0', 'aux1', 'noise', 'dead0', 'dead1']",17,160,0,0,True,1.0,0
large-016,large,1,propagate,support,160,"['input', 'taint', 'alias', 'mode', 'tmp', 'flag', 'aux0', 'aux1']",8,40,0,0,True,4.0,0
large-016,large,1,propagate,pathseal,160,"['input', 'taint', 'alias', 'ctx', 'aux1']",5,40,0,0,True,4.0,0
large-016,large,1,propagate,call-context,160,"['ctx', 'sp', 'stk0', 'stk1']",4,4,144,2944,False,40.0,290
large-016,large,1,propagate,security-surface,160,"['input', 'taint', 'san', 'alias']",4,24,64,352,False,6.666666666666667,32
large-016,large,1,propagate,syntax-only,160,[],0,1,156,12480,False,160.0,910
large-016,large,2,helper,exact-state,160,"['input', 'taint', 'san', 'alias', 'guard', 'mode', 'ctx', 'tmp', 'flag', 'sp', 'stk0', 'stk1', 'aux0', 'aux1', 'noise', 'dead0', 'dead1']",17,160,0,0,True,1.0,0
large-016,large,2,helper,support,160,"['input', 'san', 'guard', 'mode', 'ctx', 'aux0', 'aux1']",7,40,0,0,True,4.0,0
large-016,large,2,helper,pathseal,160,"['input', 'alias', 'mode', 'aux0', 'aux1']",5,40,0,0,True,4.0,0
large-016,large,2,helper,call-context,160,"['ctx', 'sp', 'stk0', 'stk1']",4,4,144,2944,False,40.0,296
large-016,large,2,helper,security-surface,160,"['input', 'taint', 'san', 'alias']",4,23,68,416,False,6.956521739130435,42
large-016,large,2,helper,syntax-only,160,[],0,1,156,12480,False,160.0,946
large-016,large,3,nested-call,exact-state,160,"['input', 'taint', 'san', 'alias', 'guard', 'mode', 'ctx', 'tmp', 'flag', 'sp', 'stk0', 'stk1', 'aux0', 'aux1', 'noise', 'dead0', 'dead1']",17,160,0,0,True,1.0,0
large-016,large,3,nested-call,support,160,"['alias', 'ctx', 'tmp', 'sp', 'stk0', 'stk1', 'aux0', 'aux1']",8,40,0,0,True,4.0,0
large-016,large,3,nested-call,pathseal,160,"['input', 'san', 'mode', 'ctx', 'aux1']",5,40,0,0,True,4.0,0
large-016,large,3,nested-call,call-context,160,"['ctx', 'sp', 'stk0', 'stk1']",4,8,128,1600,False,20.0,150
large-016,large,3,nested-call,security-surface,160,"['input', 'taint', 'san', 'alias']",4,23,68,416,False,6.956521739130435,44
large-016,large,3,nested-call,syntax-only,160,[],0,1,156,12480,False,160.0,1046
large-016,large,4,nested-return,exact-state,160,"['input', 'taint', 'san', 'alias', 'guard', 'mode', 'ctx', 'tmp', 'flag', 'sp', 'stk0', 'stk1', 'aux0', 'aux1', 'noise', 'dead0', 'dead1']",17,160,0,0,True,1.0,0
large-016,large,4,nested-return,support,160,"['input', 'alias', 'ctx', 'flag', 'sp', 'stk0', 'stk1', 'aux0', 'aux1']",9,40,0,0,True,4.0,0
large-016,large,4,nested-return,pathseal,160,"['alias', 'tmp', 'stk1', 'aux1']",4,39,0,0,True,4.102564102564102,0
large-016,large,4,nested-return,call-context,160,"['ctx', 'sp', 'stk0', 'stk1']",4,25,60,272,False,6.4,32
large-016,large,4,nested-return,security-surface,160,"['input', 'taint', 'san', 'alias']",4,23,44,256,False,6.956521739130435,28
large-016,large,4,nested-return,syntax-only,160,[],0,1,156,10560,False,160.0,1024
large-016,large,5,alias-gate,exact-state,96,"['input', 'taint', 'san', 'alias', 'guard', 'mode', 'ctx', 'tmp', 'flag', 'sp', 'stk0', 'stk1', 'aux0', 'aux1', 'noise', 'dead0', 'dead1']",17,96,0,0,True,1.0,0
large-016,large,5,alias-gate,support,96,"['input', 'alias', 'mode', 'ctx', 'aux1', 'noise']",6,24,0,0,True,4.0,0
large-016,large,5,alias-gate,pathseal,96,"['input', 'alias', 'ctx', 'aux1']",4,24,0,0,True,4.0,0
large-016,large,5,alias-gate,call-context,96,"['ctx', 'sp', 'stk0', 'stk1']",4,8,60,560,False,12.0,60
large-016,large,5,alias-gate,security-surface,96,"['input', 'taint', 'san', 'alias']",4,13,44,240,False,7.384615384615385,26
large-016,large,5,alias-gate,syntax-only,96,[],0,1,92,4368,False,96.0,410
large-016,large,6,context-fold,exact-state,84,"['input', 'taint', 'san', 'alias', 'guard', 'mode', 'ctx', 'tmp', 'flag', 'sp', 'stk0', 'stk1', 'aux0', 'aux1', 'noise', 'dead0', 'dead1']",17,84,0,0,True,1.0,0
large-016,large,6,context-fold,support,84,"['input', 'san', 'alias', 'ctx', 'aux1', 'noise']",6,21,0,0,True,4.0,0
large-016,large,6,context-fold,pathseal,84,"['input', 'alias', 'ctx', 'aux1']",4,21,0,0,True,4.0,0
large-016,large,6,context-fold,call-context,84,"['ctx', 'sp', 'stk0', 'stk1']",4,7,56,464,False,12.0,52
large-016,large,6,context-fold,security-surface,84,"['input', 'taint', 'san', 'alias']",4,12,36,160,False,7.0,20
large-016,large,6,context-fold,syntax-only,84,[],0,1,80,3360,False,84.0,346
large-016,large,7,sanitize,exact-state,84,"['input', 'taint', 'san', 'alias', 'guard', 'mode', 'ctx', 'tmp', 'flag', 'sp', 'stk0', 'stk1', 'aux0', 'aux1', 'noise', 'dead0', 'dead1']",17,84,0,0,True,1.0,0
large-016,large,7,sanitize,support,84,"['input', 'taint', 'san', 'alias', 'ctx']",5,21,0,0,True,4.0,0
large-016,large,7,sanitize,pathseal,84,"['input', 'san', 'alias', 'ctx']",4,21,0,0,True,4.0,0
large-016,large,7,sanitize,call-context,84,"['ctx', 'sp', 'stk0', 'stk1']",4,12,36,208,False,7.0,24
large-016,large,7,sanitize,security-surface,84,"['input', 'taint', 'san', 'alias']",4,12,36,160,False,7.0,20
large-016,large,7,sanitize,syntax-only,84,[],0,1,80,3360,False,84.0,344
large-016,large,8,branch,exact-state,84,"['input', 'taint', 'san', 'alias', 'guard', 'mode', 'ctx', 'tmp', 'flag', 'sp', 'stk0', 'stk1', 'aux0', 'aux1', 'noise', 'dead0', 'dead1']",17,84,0,0,True,1.0,0
large-016,large,8,branch,support,84,"['input', 'taint', 'san', 'alias', 'guard', 'mode', 'ctx']",7,21,0,0,True,4.0,0
large-016,large,8,branch,pathseal,84,"['input', 'san', 'alias', 'ctx']",4,21,0,0,True,4.0,0
large-016,large,8,branch,call-context,84,"['ctx', 'sp', 'stk0', 'stk1']",4,12,36,208,False,7.0,24
large-016,large,8,branch,security-surface,84,"['input', 'taint', 'san', 'alias']",4,12,36,160,False,7.0,20
large-016,large,8,branch,syntax-only,84,[],0,1,80,3312,False,84.0,362
large-016,large,9,return,exact-state,72,"['input', 'taint', 'san', 'alias', 'guard', 'mode', 'ctx', 'tmp', 'flag', 'sp', 'stk0', 'stk1', 'aux0', 'aux1', 'noise', 'dead0', 'dead1']",17,72,0,0,True,1.0,0
large-016,large,9,return,support,72,"['input', 'alias', 'ctx', 'sp', 'stk0', 'stk1', 'aux1']",7,18,0,0,True,4.0,0
large-016,large,9,return,pathseal,72,"['input', 'san', 'alias', 'ctx']",4,18,0,0,True,4.0,0
large-016,large,9,return,call-context,72,"['ctx', 'sp', 'stk0', 'stk1']",4,11,24,160,False,6.545454545454546,20
large-016,large,9,return,security-surface,72,"['input', 'taint', 'san', 'alias']",4,11,16,64,False,6.545454545454546,8
large-016,large,9,return,syntax-only,72,[],0,1,68,1872,False,72.0,222
large-016,large,10,sink,exact-state,36,"['input', 'taint', 'san', 'alias', 'guard', 'mode', 'ctx', 'tmp', 'flag', 'sp', 'stk0', 'stk1', 'aux0', 'aux1', 'noise', 'dead0', 'dead1']",17,36,0,0,True,1.0,0
large-016,large,10,sink,support,36,"['taint', 'alias', 'mode', 'ctx', 'sp']",5,9,0,0,True,4.0,0
large-016,large,10,sink,pathseal,36,"['input', 'alias', 'aux1']",3,9,0,0,True,4.0,0
large-016,large,10,sink,call-context,36,"['ctx', 'sp', 'stk0', 'stk1']",4,3,24,160,False,12.0,20
large-016,large,10,sink,security-surface,36,"['input', 'taint', 'san', 'alias']",4,7,8,32,False,5.142857142857143,4
large-016,large,10,sink,syntax-only,36,[],0,1,32,576,False,36.0,70
large-017,large,0,source,exact-state,160,"['input', 'taint', 'san', 'alias', 'guard', 'mode', 'ctx', 'tmp', 'flag', 'sp', 'stk0', 'stk1', 'aux0', 'aux1', 'noise', 'dead0', 'dead1']",17,160,0,0,True,1.0,0
large-017,large,0,source,support,160,"['input', 'alias', 'mode', 'ctx', 'sp', 'stk0', 'stk1', 'aux0']",8,40,0,0,True,4.0,0
large-017,large,0,source,pathseal,160,"['input', 'alias', 'mode', 'ctx', 'aux0']",5,40,0,0,True,4.0,0
large-017,large,0,source,call-context,160,"['ctx', 'sp', 'stk0', 'stk1']",4,4,144,2912,False,40.0,262
large-017,large,0,source,security-surface,160,"['input', 'taint', 'san', 'alias']",4,15,100,816,False,10.666666666666666,78
large-017,large,0,source,syntax-only,160,[],0,1,156,12480,False,160.0,864
large-017,large,1,propagate,exact-state,160,"['input', 'taint', 'san', 'alias', 'guard', 'mode', 'ctx', 'tmp', 'flag', 'sp', 'stk0', 'stk1', 'aux0', 'aux1', 'noise', 'dead0', 'dead1']",17,160,0,0,True,1.0,0
large-017,large,1,propagate,support,160,"['input', 'taint', 'alias', 'mode', 'ctx', 'tmp', 'flag', 'aux0']",8,40,0,0,True,4.0,0
large-017,large,1,propagate,pathseal,160,"['input', 'alias', 'mode', 'ctx', 'aux0']",5,40,0,0,True,4.0,0
large-017,large,1,propagate,call-context,160,"['ctx', 'sp', 'stk0', 'stk1']",4,4,144,2912,False,40.0,262
large-017,large,1,propagate,security-surface,160,"['input', 'taint', 'san', 'alias']",4,15,100,816,False,10.666666666666666,78
large-017,large,1,propagate,syntax-only,160,[],0,1,156,12480,False,160.0,864
large-017,large,2,helper,exact-state,160,"['input', 'taint', 'san', 'alias', 'guard', 'mode', 'ctx', 'tmp', 'flag', 'sp', 'stk0', 'stk1', 'aux0', 'aux1', 'noise', 'dead0', 'dead1']",17,160,0,0,True,1.0,0
large-017,large,2,helper,support,160,"['alias', 'guard', 'mode', 'ctx', 'aux0', 'aux1']",6,40,0,0,True,4.0,0
large-017,large,2,helper,pathseal,160,"['input', 'alias', 'mode', 'ctx', 'aux0']",5,40,0,0,True,4.0,0
large-017,large,2,helper,call-context,160,"['ctx', 'sp', 'stk0', 'stk1']",4,4,144,2912,False,40.0,268
large-017,large,2,helper,security-surface,160,"['input', 'taint', 'san', 'alias']",4,15,100,800,False,10.666666666666666,78
large-017,large,2,helper,syntax-only,160,[],0,1,156,12480,False,160.0,890
large-017,large,3,nested-call,exact-state,160,"['input', 'taint', 'san', 'alias', 'guard', 'mode', 'ctx', 'tmp', 'flag', 'sp', 'stk0', 'stk1', 'aux0', 'aux1', 'noise', 'dead0', 'dead1']",17,160,0,0,True,1.0,0
large-017,large,3,nested-call,support,160,"['input', 'mode', 'ctx', 'tmp', 'sp', 'stk0', 'stk1', 'aux0']",8,40,0,0,True,4.0,0
large-017,large,3,nested-call,pathseal,160,"['alias', 'ctx', 'aux0', 'aux1']",4,40,0,0,True,4.0,0
large-017,large,3,nested-call,call-context,160,"['ctx', 'sp', 'stk0', 'stk1']",4,8,128,1504,False,20.0,138
large-017,large,3,nested-call,security-surface,160,"['input', 'taint', 'san', 'alias']",4,15,100,800,False,10.666666666666666,82
large-017,large,3,nested-call,syntax-only,160,[],0,1,156,12480,False,160.0,974
large-017,large,4,nested-return,exact-state,160,"['input', 'taint', 'san', 'alias', 'guard', 'mode', 'ctx', 'tmp', 'flag', 'sp', 'stk0', 'stk1', 'aux0', 'aux1', 'noise', 'dead0', 'dead1']",17,160,0,0,True,1.0,0
large-017,large,4,nested-return,support,160,"['input', 'mode', 'ctx', 'tmp', 'flag', 'sp', 'stk0', 'stk1', 'aux0']",9,40,0,0,True,4.0,0
large-017,large,4,nested-return,pathseal,160,"['input', 'mode', 'tmp', 'stk0']",4,39,0,0,True,4.102564102564102,0
large-017,large,4,nested-return,call-context,160,"['ctx', 'sp', 'stk0', 'stk1']",4,24,44,192,False,6.666666666666667,24
large-017,large,4,nested-return,security-surface,160,"['input', 'taint', 'san', 'alias']",4,15,72,592,False,10.666666666666666,68
large-017,large,4,nested-return,syntax-only,160,[],0,1,156,9120,False,160.0,872
large-017,large,5,alias-gate,exact-state,76,"['input', 'taint', 'san', 'alias', 'guard', 'mode', 'ctx', 'tmp', 'flag', 'sp', 'stk0', 'stk1', 'aux0', 'aux1', 'noise', 'dead0', 'dead1']",17,76,0,0,True,1.0,0
large-017,large,5,alias-gate,support,76,"['alias', 'mode', 'ctx', 'aux0', 'aux1', 'noise']",6,19,0,0,True,4.0,0
large-017,large,5,alias-gate,pathseal,76,"['input', 'mode', 'tmp', 'stk0']",4,19,0,0,True,4.0,0
large-017,large,5,alias-gate,call-context,76,"['ctx', 'sp', 'stk0', 'stk1']",4,8,40,256,False,9.5,30
large-017,large,5,alias-gate,security-surface,76,"['input', 'taint', 'san', 'alias']",4,9,40,272,False,8.444444444444445,32
large-017,large,5,alias-gate,syntax-only,76,[],0,1,72,2688,False,76.0,282
large-017,large,6,context-fold,exact-state,64,"['input', 'taint', 'san', 'alias', 'guard', 'mode', 'ctx', 'tmp', 'flag', 'sp', 'stk0', 'stk1', 'aux0', 'aux1', 'noise', 'dead0', 'dead1']",17,64,0,0,True,1.0,0
large-017,large,6,context-fold,support,64,"['alias', 'ctx', 'aux0', 'aux1', 'noise']",5,16,0,0,True,4.0,0
large-017,large,6,context-fold,pathseal,64,"['alias', 'ctx', 'aux0']",3,16,0,0,True,4.0,0
large-017,large,6,context-fold,call-context,64,"['ctx', 'sp', 'stk0', 'stk1']",4,8,32,192,False,8.0,22
large-017,large,6,context-fold,security-surface,64,"['input', 'taint', 'san', 'alias']",4,9,28,176,False,7.111111111111111,22
large-017,large,6,context-fold,syntax-only,64,[],0,1,60,1920,False,64.0,204
large-017,large,7,sanitize,exact-state,64,"['input', 'taint', 'san', 'alias', 'guard', 'mode', 'ctx', 'tmp', 'flag', 'sp', 'stk0', 'stk1', 'aux0', 'aux1', 'noise', 'dead0', 'dead1']",17,64,0,0,True,1.0,0
large-017,large,7,sanitize,support,64,"['taint', 'san', 'alias', 'ctx', 'aux0']",5,16,0,0,True,4.0,0
large-017,large,7,sanitize,pathseal,64,"['alias', 'ctx', 'aux0']",3,16,0,0,True,4.0,0
large-017,large,7,sanitize,call-context,64,"['ctx', 'sp', 'stk0', 'stk1']",4,8,32,176,False,8.0,20
large-017,large,7,sanitize,security-surface,64,"['input', 'taint', 'san', 'alias']",4,9,28,176,False,7.111111111111111,22
large-017,large,7,sanitize,syntax-only,64,[],0,1,60,1920,False,64.0,204
large-017,large,8,branch,exact-state,64,"['input', 'taint', 'san', 'alias', 'guard', 'mode', 'ctx', 'tmp', 'flag', 'sp', 'stk0', 'stk1', 'aux0', 'aux1', 'noise', 'dead0', 'dead1']",17,64,0,0,True,1.0,0
large-017,large,8,branch,support,64,"['taint', 'alias', 'guard', 'mode', 'ctx', 'aux0']",6,16,0,0,True,4.0,0
large-017,large,8,branch,pathseal,64,"['alias', 'ctx', 'aux0']",3,16,0,0,True,4.0,0
large-017,large,8,branch,call-context,64,"['ctx', 'sp', 'stk0', 'stk1']",4,8,28,160,False,8.0,18
large-017,large,8,branch,security-surface,64,"['input', 'taint', 'san', 'alias']",4,9,28,176,False,7.111111111111111,22
large-017,large,8,branch,syntax-only,64,[],0,1,60,1904,False,64.0,206
large-017,large,9,return,exact-state,56,"['input', 'taint', 'san', 'alias', 'guard', 'mode', 'ctx', 'tmp', 'flag', 'sp', 'stk0', 'stk1', 'aux0', 'aux1', 'noise', 'dead0', 'dead1']",17,56,0,0,True,1.0,0
large-017,large,9,return,support,56,"['input', 'mode', 'ctx', 'sp', 'stk0', 'stk1', 'aux1']",7,13,0,0,True,4.3076923076923075,0
large-017,large,9,return,pathseal,56,"['taint', 'ctx', 'aux0']",3,14,0,0,True,4.0,0
large-017,large,9,return,call-context,56,"['ctx', 'sp', 'stk0', 'stk1']",4,7,20,128,False,8.0,16
large-017,large,9,return,security-surface,56,"['input', 'taint', 'san', 'alias']",4,7,28,160,False,8.0,20
large-017,large,9,return,syntax-only,56,[],0,1,36,1296,False,56.0,150
large-017,large,10,sink,exact-state,36,"['input', 'taint', 'san', 'alias', 'guard', 'mode', 'ctx', 'tmp', 'flag', 'sp', 'stk0', 'stk1', 'aux0', 'aux1', 'noise', 'dead0', 'dead1']",17,36,0,0,True,1.0,0
large-017,large,10,sink,support,36,"['taint', 'alias', 'mode', 'ctx', 'sp']",5,8,0,0,True,4.5,0
large-017,large,10,sink,pathseal,36,"['input', 'mode', 'aux1']",3,9,0,0,True,4.0,0
large-017,large,10,sink,call-context,36,"['ctx', 'sp', 'stk0', 'stk1']",4,4,20,112,False,9.0,14
large-017,large,10,sink,security-surface,36,"['input', 'taint', 'san', 'alias']",4,6,12,64,False,6.0,8
large-017,large,10,sink,syntax-only,36,[],0,1,32,560,False,36.0,68
large-018,large,0,source,exact-state,160,"['input', 'taint', 'san', 'alias', 'guard', 'mode', 'ctx', 'tmp', 'flag', 'sp', 'stk0', 'stk1', 'aux0', 'aux1', 'noise', 'dead0', 'dead1']",17,160,0,0,True,1.0,0
large-018,large,0,source,support,160,"['input', 'alias', 'mode', 'ctx', 'flag', 'sp', 'stk0', 'stk1', 'aux0', 'aux1']",10,40,0,0,True,4.0,0
large-018,large,0,source,pathseal,160,"['san', 'alias', 'mode', 'aux0', 'aux1']",5,40,0,0,True,4.0,0
large-018,large,0,source,call-context,160,"['ctx', 'sp', 'stk0', 'stk1']",4,4,144,3312,False,40.0,332
large-018,large,0,source,security-surface,160,"['input', 'taint', 'san', 'alias']",4,14,104,816,False,11.428571428571429,72
large-018,large,0,source,syntax-only,160,[],0,1,156,12480,False,160.0,938
large-018,large,1,propagate,exact-state,160,"['input', 'taint', 'san', 'alias', 'guard', 'mode', 'ctx', 'tmp', 'flag', 'sp', 'stk0', 'stk1', 'aux0', 'aux1', 'noise', 'dead0', 'dead1']",17,160,0,0,True,1.0,0
large-018,large,1,propagate,support,160,"['taint', 'alias', 'mode', 'tmp', 'flag', 'aux0', 'aux1']",7,40,0,0,True,4.0,0
large-018,large,1,propagate,pathseal,160,"['taint', 'alias', 'mode', 'aux0', 'aux1']",5,40,0,0,True,4.0,0
large-018,large,1,propagate,call-context,160,"['ctx', 'sp', 'stk0', 'stk1']",4,4,144,3312,False,40.0,332
large-018,large,1,propagate,security-surface,160,"['input', 'taint', 'san', 'alias']",4,21,76,416,False,7.619047619047619,36
large-018,large,1,propagate,syntax-only,160,[],0,1,156,12480,False,160.0,938
large-018,large,2,helper,exact-state,160,"['input', 'taint', 'san', 'alias', 'guard', 'mode', 'ctx', 'tmp', 'flag', 'sp', 'stk0', 'stk1', 'aux0', 'aux1', 'noise', 'dead0', 'dead1']",17,160,0,0,True,1.0,0
large-018,large,2,helper,support,160,"['taint', 'alias', 'guard', 'mode', 'ctx', 'aux0', 'aux1']",7,40,0,0,True,4.0,0
large-018,large,2,helper,pathseal,160,"['taint', 'alias', 'mode', 'aux0', 'aux1']",5,40,0,0,True,4.0,0
large-018,large,2,helper,call-context,160,"['ctx', 'sp', 'stk0', 'stk1']",4,4,144,3312,False,40.0,316
large-018,large,2,helper,security-surface,160,"['input', 'taint', 'san', 'alias']",4,17,92,624,False,9.411764705882353,50
large-018,large,2,helper,syntax-only,160,[],0,1,156,12480,False,160.0,932
large-018,large,3,nested-call,exact-state,160,"['input', 'taint', 'san', 'alias', 'guard', 'mode', 'ctx', 'tmp', 'flag', 'sp', 'stk0', 'stk1', 'aux0', 'aux1', 'noise', 'dead0', 'dead1']",17,160,0,0,True,1.0,0
large-018,large,3,nested-call,support,160,"['san', 'mode', 'ctx', 'tmp', 'sp', 'stk0', 'stk1', 'aux0']",8,40,0,0,True,4.0,0
large-018,large,3,nested-call,pathseal,160,"['taint', 'alias', 'mode', 'aux0', 'aux1']",5,40,0,0,True,4.0,0
large-018,large,3,nested-call,call-context,160,"['ctx', 'sp', 'stk0', 'stk1']",4,8,128,1568,False,20.0,140
large-018,large,3,nested-call,security-surface,160,"['input', 'taint', 'san', 'alias']",4,17,92,624,False,9.411764705882353,56
large-018,large,3,nested-call,syntax-only,160,[],0,1,156,12480,False,160.0,1014
large-018,large,4,nested-return,exact-state,160,"['input', 'taint', 'san', 'alias', 'guard', 'mode', 'ctx', 'tmp', 'flag', 'sp', 'stk0', 'stk1', 'aux0', 'aux1', 'noise', 'dead0', 'dead1']",17,160,0,0,True,1.0,0
large-018,large,4,nested-return,support,160,"['alias', 'guard', 'ctx', 'tmp', 'flag', 'sp', 'stk0', 'stk1', 'aux0']",9,38,0,0,True,4.2105263157894735,0
large-018,large,4,nested-return,pathseal,160,"['san', 'mode', 'tmp', 'stk1']",4,35,0,0,True,4.571428571428571,0
large-018,large,4,nested-return,call-context,160,"['ctx', 'sp', 'stk0', 'stk1']",4,23,44,192,False,6.956521739130435,24
large-018,large,4,nested-return,security-surface,160,"['input', 'taint', 'san', 'alias']",4,17,36,208,False,9.411764705882353,22
large-018,large,4,nested-return,syntax-only,160,[],0,1,156,8784,False,160.0,846
large-018,large,5,alias-gate,exact-state,72,"['input', 'taint', 'san', 'alias', 'guard', 'mode', 'ctx', 'tmp', 'flag', 'sp', 'stk0', 'stk1', 'aux0', 'aux1', 'noise', 'dead0', 'dead1']",17,72,0,0,True,1.0,0
large-018,large,5,alias-gate,support,72,"['alias', 'guard', 'mode', 'tmp', 'aux1', 'noise']",6,18,0,0,True,4.0,0
large-018,large,5,alias-gate,pathseal,72,"['alias', 'guard', 'tmp']",3,18,0,0,True,4.0,0
large-018,large,5,alias-gate,call-context,72,"['ctx', 'sp', 'stk0', 'stk1']",4,8,40,240,False,9.0,30
large-018,large,5,alias-gate,security-surface,72,"['input', 'taint', 'san', 'alias']",4,9,36,208,False,8.0,22
large-018,large,5,alias-gate,syntax-only,72,[],0,1,68,2448,False,72.0,256
large-018,large,6,context-fold,exact-state,68,"['input', 'taint', 'san', 'alias', 'guard', 'mode', 'ctx', 'tmp', 'flag', 'sp', 'stk0', 'stk1', 'aux0', 'aux1', 'noise', 'dead0', 'dead1']",17,68,0,0,True,1.0,0
large-018,large,6,context-fold,support,68,"['alias', 'guard', 'ctx', 'tmp', 'aux1', 'noise']",6,17,0,0,True,4.0,0
large-018,large,6,context-fold,pathseal,68,"['alias', 'guard', 'tmp']",3,17,0,0,True,4.0,0
large-018,large,6,context-fold,call-context,68,"['ctx', 'sp', 'stk0', 'stk1']",4,8,36,208,False,8.5,26
large-018,large,6,context-fold,security-surface,68,"['input', 'taint', 'san', 'alias']",4,11,24,112,False,6.181818181818182,14
large-018,large,6,context-fold,syntax-only,68,[],0,1,64,2176,False,68.0,218
large-018,large,7,sanitize,exact-state,68,"['input', 'taint', 'san', 'alias', 'guard', 'mode', 'ctx', 'tmp', 'flag', 'sp', 'stk0', 'stk1', 'aux0', 'aux1', 'noise', 'dead0', 'dead1']",17,68,0,0,True,1.0,0
large-018,large,7,sanitize,support,68,"['taint', 'san', 'alias', 'guard', 'tmp']",5,17,0,0,True,4.0,0
large-018,large,7,sanitize,pathseal,68,"['alias', 'guard', 'tmp']",3,17,0,0,True,4.0,0
large-018,large,7,sanitize,call-context,68,"['ctx', 'sp', 'stk0', 'stk1']",4,10,28,176,False,6.8,22
large-018,large,7,sanitize,security-surface,68,"['input', 'taint', 'san', 'alias']",4,11,24,112,False,6.181818181818182,14
large-018,large,7,sanitize,syntax-only,68,[],0,1,64,2176,False,68.0,228
large-018,large,8,branch,exact-state,68,"['input', 'taint', 'san', 'alias', 'guard', 'mode', 'ctx', 'tmp', 'flag', 'sp', 'stk0', 'stk1', 'aux0', 'aux1', 'noise', 'dead0', 'dead1']",17,68,0,0,True,1.0,0
large-018,large,8,branch,support,68,"['taint', 'alias', 'guard', 'mode', 'tmp']",5,17,0,0,True,4.0,0
large-018,large,8,branch,pathseal,68,"['alias', 'guard', 'tmp']",3,17,0,0,True,4.0,0
large-018,large,8,branch,call-context,68,"['ctx', 'sp', 'stk0', 'stk1']",4,10,28,176,False,6.8,22
large-018,large,8,branch,security-surface,68,"['input', 'taint', 'san', 'alias']",4,11,24,112,False,6.181818181818182,14
large-018,large,8,branch,syntax-only,68,[],0,1,64,2176,False,68.0,236
large-018,large,9,return,exact-state,64,"['input', 'taint', 'san', 'alias', 'guard', 'mode', 'ctx', 'tmp', 'flag', 'sp', 'stk0', 'stk1', 'aux0', 'aux1', 'noise', 'dead0', 'dead1']",17,64,0,0,True,1.0,0
large-018,large,9,return,support,64,"['alias', 'ctx', 'tmp', 'sp', 'stk0', 'stk1']",6,16,0,0,True,4.0,0
large-018,large,9,return,pathseal,64,"['alias', 'guard', 'tmp']",3,16,0,0,True,4.0,0
large-018,large,9,return,call-context,64,"['ctx', 'sp', 'stk0', 'stk1']",4,10,20,128,False,6.4,16
large-018,large,9,return,security-surface,64,"['input', 'taint', 'san', 'alias']",4,11,20,96,False,5.818181818181818,12
large-018,large,9,return,syntax-only,64,[],0,1,36,1584,False,64.0,184
large-018,large,10,sink,exact-state,36,"['input', 'taint', 'san', 'alias', 'guard', 'mode', 'ctx', 'tmp', 'flag', 'sp', 'stk0', 'stk1', 'aux0', 'aux1', 'noise', 'dead0', 'dead1']",17,36,0,0,True,1.0,0
large-018,large,10,sink,support,36,"['taint', 'alias', 'mode', 'ctx', 'sp']",5,9,0,0,True,4.0,0
large-018,large,10,sink,pathseal,36,"['alias', 'tmp']",2,9,0,0,True,4.0,0
large-018,large,10,sink,call-context,36,"['ctx', 'sp', 'stk0', 'stk1']",4,4,20,128,False,9.0,16
large-018,large,10,sink,security-surface,36,"['input', 'taint', 'san', 'alias']",4,8,4,16,False,4.5,2
large-018,large,10,sink,syntax-only,36,[],0,1,32,576,False,36.0,68
large-019,large,0,source,exact-state,160,"['input', 'taint', 'san', 'alias', 'guard', 'mode', 'ctx', 'tmp', 'flag', 'sp', 'stk0', 'stk1', 'aux0', 'aux1', 'noise', 'dead0', 'dead1']",17,160,0,0,True,1.0,0
large-019,large,0,source,support,160,"['input', 'san', 'mode', 'ctx', 'sp', 'stk0', 'stk1', 'aux0']",8,40,0,0,True,4.0,0
large-019,large,0,source,pathseal,160,"['input', 'san', 'mode', 'ctx', 'aux0']",5,40,0,0,True,4.0,0
large-019,large,0,source,call-context,160,"['ctx', 'sp', 'stk0', 'stk1']",4,4,144,2912,False,40.0,280
large-019,large,0,source,security-surface,160,"['input', 'taint', 'san', 'alias']",4,16,96,640,False,10.0,62
large-019,large,0,source,syntax-only,160,[],0,1,156,12480,False,160.0,894
large-019,large,1,propagate,exact-state,160,"['input', 'taint', 'san', 'alias', 'guard', 'mode', 'ctx', 'tmp', 'flag', 'sp', 'stk0', 'stk1', 'aux0', 'aux1', 'noise', 'dead0', 'dead1']",17,160,0,0,True,1.0,0
large-019,large,1,propagate,support,160,"['input', 'taint', 'san', 'alias', 'mode', 'ctx', 'tmp', 'flag', 'aux0']",9,40,0,0,True,4.0,0
large-019,large,1,propagate,pathseal,160,"['input', 'san', 'mode', 'ctx', 'aux0']",5,40,0,0,True,4.0,0
large-019,large,1,propagate,call-context,160,"['ctx', 'sp', 'stk0', 'stk1']",4,4,144,2912,False,40.0,280
large-019,large,1,propagate,security-surface,160,"['input', 'taint', 'san', 'alias']",4,16,96,640,False,10.0,62
large-019,large,1,propagate,syntax-only,160,[],0,1,156,12480,False,160.0,894
large-019,large,2,helper,exact-state,160,"['input', 'taint', 'san', 'alias', 'guard', 'mode', 'ctx', 'tmp', 'flag', 'sp', 'stk0', 'stk1', 'aux0', 'aux1', 'noise', 'dead0', 'dead1']",17,160,0,0,True,1.0,0
large-019,large,2,helper,support,160,"['input', 'san', 'alias', 'guard', 'mode', 'ctx', 'aux0']",7,40,0,0,True,4.0,0
large-019,large,2,helper,pathseal,160,"['input', 'san', 'mode', 'ctx', 'aux0']",5,40,0,0,True,4.0,0
large-019,large,2,helper,call-context,160,"['ctx', 'sp', 'stk0', 'stk1']",4,4,144,2912,False,40.0,282
large-019,large,2,helper,security-surface,160,"['input', 'taint', 'san', 'alias']",4,16,96,624,False,10.0,64
large-019,large,2,helper,syntax-only,160,[],0,1,156,12480,False,160.0,920
large-019,large,3,nested-call,exact-state,160,"['input', 'taint', 'san', 'alias', 'guard', 'mode', 'ctx', 'tmp', 'flag', 'sp', 'stk0', 'stk1', 'aux0', 'aux1', 'noise', 'dead0', 'dead1']",17,160,0,0,True,1.0,0
large-019,large,3,nested-call,support,160,"['input', 'mode', 'ctx', 'sp', 'stk0', 'stk1', 'aux0', 'aux1']",8,40,0,0,True,4.0,0
large-019,large,3,nested-call,pathseal,160,"['input', 'san', 'alias', 'mode', 'ctx']",5,40,0,0,True,4.0,0
large-019,large,3,nested-call,call-context,160,"['ctx', 'sp', 'stk0', 'stk1']",4,8,128,1472,False,20.0,142
large-019,large,3,nested-call,security-surface,160,"['input', 'taint', 'san', 'alias']",4,16,96,624,False,10.0,60
large-019,large,3,nested-call,syntax-only,160,[],0,1,156,12464,False,160.0,1000
large-019,large,4,nested-return,exact-state,160,"['input', 'taint', 'san', 'alias', 'guard', 'mode', 'ctx', 'tmp', 'flag', 'sp', 'stk0', 'stk1', 'aux0', 'aux1', 'noise', 'dead0', 'dead1']",17,160,0,0,True,1.0,0
large-019,large,4,nested-return,support,160,"['input', 'alias', 'ctx', 'flag', 'sp', 'stk0', 'stk1', 'aux0']",8,40,0,0,True,4.0,0
large-019,large,4,nested-return,pathseal,160,"['input', 'mode', 'aux0', 'aux1']",4,38,0,0,True,4.2105263157894735,0
large-019,large,4,nested-return,call-context,160,"['ctx', 'sp', 'stk0', 'stk1']",4,24,56,304,False,6.666666666666667,34
large-019,large,4,nested-return,security-surface,160,"['input', 'taint', 'san', 'alias']",4,16,72,448,False,10.0,50
large-019,large,4,nested-return,syntax-only,160,[],0,1,156,9120,False,160.0,884
large-019,large,5,alias-gate,exact-state,76,"['input', 'taint', 'san', 'alias', 'guard', 'mode', 'ctx', 'tmp', 'flag', 'sp', 'stk0', 'stk1', 'aux0', 'aux1', 'noise', 'dead0', 'dead1']",17,76,0,0,True,1.0,0
large-019,large,5,alias-gate,support,76,"['input', 'san', 'alias', 'mode', 'ctx', 'aux1', 'noise']",7,19,0,0,True,4.0,0
large-019,large,5,alias-gate,pathseal,76,"['input', 'alias', 'ctx', 'aux0']",4,19,0,0,True,4.0,0
large-019,large,5,alias-gate,call-context,76,"['ctx', 'sp', 'stk0', 'stk1']",4,7,48,368,False,10.857142857142858,44
large-019,large,5,alias-gate,security-surface,76,"['input', 'taint', 'san', 'alias']",4,14,20,96,False,5.428571428571429,12
large-019,large,5,alias-gate,syntax-only,76,[],0,1,72,2720,False,76.0,286
large-019,large,6,context-fold,exact-state,68,"['input', 'taint', 'san', 'alias', 'guard', 'mode', 'ctx', 'tmp', 'flag', 'sp', 'stk0', 'stk1', 'aux0', 'aux1', 'noise', 'dead0', 'dead1']",17,68,0,0,True,1.0,0
large-019,large,6,context-fold,support,68,"['input', 'san', 'ctx', 'tmp', 'aux1', 'noise']",6,17,0,0,True,4.0,0
large-019,large,6,context-fold,pathseal,68,"['input', 'san', 'mode', 'ctx']",4,17,0,0,True,4.0,0
large-019,large,6,context-fold,call-context,68,"['ctx', 'sp', 'stk0', 'stk1']",4,7,40,288,False,9.714285714285714,32
large-019,large,6,context-fold,security-surface,68,"['input', 'taint', 'san', 'alias']",4,12,20,96,False,5.666666666666667,12
large-019,large,6,context-fold,syntax-only,68,[],0,1,64,2176,False,68.0,238
large-019,large,7,sanitize,exact-state,68,"['input', 'taint', 'san', 'alias', 'guard', 'mode', 'ctx', 'tmp', 'flag', 'sp', 'stk0', 'stk1', 'aux0', 'aux1', 'noise', 'dead0', 'dead1']",17,68,0,0,True,1.0,0
large-019,large,7,sanitize,support,68,"['taint', 'san', 'mode', 'aux0', 'aux1']",5,17,0,0,True,4.0,0
large-019,large,7,sanitize,pathseal,68,"['input', 'san', 'ctx', 'tmp']",4,17,0,0,True,4.0,0
large-019,large,7,sanitize,call-context,68,"['ctx', 'sp', 'stk0', 'stk1']",4,12,20,96,False,5.666666666666667,12
large-019,large,7,sanitize,security-surface,68,"['input', 'taint', 'san', 'alias']",4,12,20,96,False,5.666666666666667,12
large-019,large,7,sanitize,syntax-only,68,[],0,1,64,2176,False,68.0,234
large-019,large,8,branch,exact-state,68,"['input', 'taint', 'san', 'alias', 'guard', 'mode', 'ctx', 'tmp', 'flag', 'sp', 'stk0', 'stk1', 'aux0', 'aux1', 'noise', 'dead0', 'dead1']",17,68,0,0,True,1.0,0
large-019,large,8,branch,support,68,"['input', 'taint', 'alias', 'guard', 'mode', 'ctx', 'tmp']",7,17,0,0,True,4.0,0
large-019,large,8,branch,pathseal,68,"['mode', 'aux0', 'aux1']",3,16,0,0,True,4.25,0
large-019,large,8,branch,call-context,68,"['ctx', 'sp', 'stk0', 'stk1']",4,12,16,80,False,5.666666666666667,10
large-019,large,8,branch,security-surface,68,"['input', 'taint', 'san', 'alias']",4,12,20,96,False,5.666666666666667,12
large-019,large,8,branch,syntax-only,68,[],0,1,64,2080,False,68.0,232
large-019,large,9,return,exact-state,52,"['input', 'taint', 'san', 'alias', 'guard', 'mode', 'ctx', 'tmp', 'flag', 'sp', 'stk0', 'stk1', 'aux0', 'aux1', 'noise', 'dead0', 'dead1']",17,52,0,0,True,1.0,0
large-019,large,9,return,support,52,"['alias', 'ctx', 'tmp', 'sp', 'stk0', 'stk1']",6,13,0,0,True,4.0,0
large-019,large,9,return,pathseal,52,"['input', 'ctx', 'tmp']",3,13,0,0,True,4.0,0
large-019,large,9,return,call-context,52,"['ctx', 'sp', 'stk0', 'stk1']",4,9,16,80,False,5.777777777777778,10
large-019,large,9,return,security-surface,52,"['input', 'taint', 'san', 'alias']",4,10,8,32,False,5.2,4
large-019,large,9,return,syntax-only,52,[],0,1,48,1008,False,52.0,122
large-019,large,10,sink,exact-state,28,"['input', 'taint', 'san', 'alias', 'guard', 'mode', 'ctx', 'tmp', 'flag', 'sp', 'stk0', 'stk1', 'aux0', 'aux1', 'noise', 'dead0', 'dead1']",17,28,0,0,True,1.0,0
large-019,large,10,sink,support,28,"['taint', 'alias', 'mode', 'ctx', 'sp']",5,7,0,0,True,4.0,0
large-019,large,10,sink,pathseal,28,"['alias', 'tmp']",2,7,0,0,True,4.0,0
large-019,large,10,sink,call-context,28,"['ctx', 'sp', 'stk0', 'stk1']",4,3,16,80,False,9.333333333333334,10
large-019,large,10,sink,security-surface,28,"['input', 'taint', 'san', 'alias']",4,6,4,16,False,4.666666666666667,2
large-019,large,10,sink,syntax-only,28,[],0,1,24,336,False,28.0,40
